spike_source,feature_type,decode_window_s,update_dt_s,n_units,target_name,decoder_name,n_train_samples,n_test_samples,mean_position_error_cm,median_position_error_cm,p90_position_error_cm,r2_x,r2_y,r2,correlation,mae,rmse,mean_circular_error_deg,median_circular_error_deg,p90_circular_error_deg,mae_cm,rmse_cm,accuracy,balanced_accuracy,macro_f1,confusion_matrix,class_labels
ground_truth,counts,0.025,0.025,200,position,ridge,16800,7200,21.31056025765145,19.265205530697536,38.79548520507311,0.7083812099994109,0.7380377139143488,,,,,,,,,,,,,,
ground_truth,counts,0.025,0.025,200,position,random_forest_regressor,16800,7200,26.296768026152552,23.45851584353902,46.98149448316831,0.5182952138559229,0.615231335061821,,,,,,,,,,,,,,
ground_truth,counts,0.025,0.025,200,speed,ridge,16800,7200,,,,,,0.47641286955329376,0.6924981610865693,3.0125768770628807,3.7584118290297273,,,,,,,,,,
ground_truth,counts,0.025,0.025,200,speed,random_forest_regressor,16800,7200,,,,,,0.3518651964155479,0.6256803884435771,3.3333514291269477,4.181600664670972,,,,,,,,,,
ground_truth,counts,0.025,0.025,200,acceleration,ridge,16800,7200,,,,,,-0.0033965752938527327,0.07016881706108816,34.732053284638,56.82828440560985,,,,,,,,,,
ground_truth,counts,0.025,0.025,200,acceleration,random_forest_regressor,16800,7200,,,,,,0.0007980204951256731,0.04683142830348723,32.78141673105189,56.70937761816949,,,,,,,,,,
ground_truth,counts,0.025,0.025,200,head_direction,ridge,16800,7200,,,,,,,,,,23.48081717314522,18.075558955373424,49.07326705930574,,,,,,,
ground_truth,counts,0.025,0.025,200,head_direction,random_forest_regressor,16800,7200,,,,,,,,,,31.33797680792497,23.43387230825668,66.91475020550376,,,,,,,
ground_truth,counts,0.025,0.025,200,distance_to_wall,ridge,16800,7200,,,,,,0.509157395396852,0.7327554442570617,,,,,,5.477642503118737,6.902688603100506,,,,,
ground_truth,counts,0.025,0.025,200,distance_to_wall,random_forest_regressor,16800,7200,,,,,,0.46360208643747813,0.6948972625153526,,,,,,5.275989400665296,7.215903152274469,,,,,
ground_truth,counts,0.025,0.025,200,spatial_context,logistic_regression,16800,7200,,,,,,,,,,,,,,,0.6865277777777777,0.6964228152762896,0.6834741631589493,"[[1070, 48, 216], [181, 2619, 905], [266, 641, 1254]]","['center', 'corner', 'wall']"
ground_truth,counts,0.025,0.025,200,spatial_context,random_forest_classifier,16800,7200,,,,,,,,,,,,,,,0.6543055555555556,0.6636815070492932,0.6400030367891771,"[[1081, 59, 194], [324, 2588, 793], [384, 735, 1042]]","['center', 'corner', 'wall']"
ground_truth,counts,0.025,0.025,200,movement_state,logistic_regression,16800,7200,,,,,,,,,,,,,,,0.5894444444444444,0.6237665123073123,0.50730040975405,"[[2143, 798, 100], [1005, 1900, 956], [2, 95, 201]]","['fast', 'slow', 'still']"
ground_truth,counts,0.025,0.025,200,movement_state,random_forest_classifier,16800,7200,,,,,,,,,,,,,,,0.5258333333333334,0.6377920140454836,0.44720601777652486,"[[2493, 353, 195], [1481, 1048, 1332], [8, 45, 245]]","['fast', 'slow', 'still']"
ground_truth,counts,0.025,0.025,200,wall_distance_bin,logistic_regression,16800,7200,,,,,,,,,,,,,,,0.7484722222222222,0.7502499512717969,0.6802958881193444,"[[324, 64, 2], [266, 1144, 381], [39, 1059, 3921]]","['center', 'middle', 'near_wall']"
ground_truth,counts,0.025,0.025,200,wall_distance_bin,random_forest_classifier,16800,7200,,,,,,,,,,,,,,,0.7329166666666667,0.7342752122529671,0.6238675803138863,"[[373, 16, 1], [458, 750, 583], [87, 778, 4154]]","['center', 'middle', 'near_wall']"
ground_truth,counts,0.05,0.025,200,position,ridge,16799,7200,16.710353013086355,14.809170535086812,30.70164191685885,0.8173963001961693,0.8332043234800437,,,,,,,,,,,,,,
ground_truth,counts,0.05,0.025,200,position,random_forest_regressor,16799,7200,15.75624630109669,12.66696558920994,31.37819552546133,0.7905068462584179,0.8588177531401685,,,,,,,,,,,,,,
ground_truth,counts,0.05,0.025,200,speed,ridge,16799,7200,,,,,,0.5705055261175852,0.7567710989116666,2.7047019065035163,3.398147099102999,,,,,,,,,,
ground_truth,counts,0.05,0.025,200,speed,random_forest_regressor,16799,7200,,,,,,0.46464672811457886,0.7058663218393579,3.012099642875118,3.793880219107512,,,,,,,,,,
ground_truth,counts,0.05,0.025,200,acceleration,ridge,16799,7200,,,,,,0.004739090620304198,0.10095713959669451,34.94372592195389,56.597430057502024,,,,,,,,,,
ground_truth,counts,0.05,0.025,200,acceleration,random_forest_regressor,16799,7200,,,,,,0.003993098940243911,0.07304434920130146,33.34158859386149,56.61863721174632,,,,,,,,,,
ground_truth,counts,0.05,0.025,200,head_direction,ridge,16799,7200,,,,,,,,,,16.874044839170264,13.609674609288934,35.03724788744791,,,,,,,
ground_truth,counts,0.05,0.025,200,head_direction,random_forest_regressor,16799,7200,,,,,,,,,,21.454079797895677,16.948435536498238,44.91253053576653,,,,,,,
ground_truth,counts,0.05,0.025,200,distance_to_wall,ridge,16799,7200,,,,,,0.660277892232387,0.8214290185445471,,,,,,4.493116908381753,5.742427680768081,,,,,
ground_truth,counts,0.05,0.025,200,distance_to_wall,random_forest_regressor,16799,7200,,,,,,0.6726976138297984,0.8240628099270151,,,,,,4.01611014933501,5.636483178624249,,,,,
ground_truth,counts,0.05,0.025,200,spatial_context,logistic_regression,16799,7200,,,,,,,,,,,,,,,0.7697222222222222,0.7797836510736126,0.7695330858875454,"[[1151, 20, 163], [136, 2883, 691], [153, 495, 1508]]","['center', 'corner', 'wall']"
ground_truth,counts,0.05,0.025,200,spatial_context,random_forest_classifier,16799,7200,,,,,,,,,,,,,,,0.7738888888888888,0.7758917168642899,0.7678580461215733,"[[1124, 28, 182], [152, 2975, 583], [164, 519, 1473]]","['center', 'corner', 'wall']"
ground_truth,counts,0.05,0.025,200,movement_state,logistic_regression,16799,7200,,,,,,,,,,,,,,,0.6541666666666667,0.6550377829996552,0.562685676392573,"[[2271, 733, 32], [933, 2251, 684], [0, 108, 188]]","['fast', 'slow', 'still']"
ground_truth,counts,0.05,0.025,200,movement_state,random_forest_classifier,16799,7200,,,,,,,,,,,,,,,0.6145833333333334,0.679067355161056,0.5348675201813354,"[[2479, 507, 50], [1279, 1716, 873], [2, 64, 230]]","['fast', 'slow', 'still']"
ground_truth,counts,0.05,0.025,200,wall_distance_bin,logistic_regression,16799,7200,,,,,,,,,,,,,,,0.8213888888888888,0.8135848006557388,0.7667919135359611,"[[329, 60, 1], [171, 1351, 272], [9, 773, 4234]]","['center', 'middle', 'near_wall']"
ground_truth,counts,0.05,0.025,200,wall_distance_bin,random_forest_classifier,16799,7200,,,,,,,,,,,,,,,0.8197222222222222,0.7968130521906266,0.7326532639826705,"[[364, 26, 0], [293, 986, 515], [7, 457, 4552]]","['center', 'middle', 'near_wall']"
ground_truth,counts,0.1,0.025,200,position,ridge,16798,7199,13.120075934740981,11.446926669564448,23.951852126456487,0.8871961865273768,0.8937168902443003,,,,,,,,,,,,,,
ground_truth,counts,0.1,0.025,200,position,random_forest_regressor,16798,7199,8.698140897192037,6.788124056756153,16.50806046993914,0.9268486011536473,0.9535489316610356,,,,,,,,,,,,,,
ground_truth,counts,0.1,0.025,200,speed,ridge,16798,7199,,,,,,0.6921937126646522,0.8328284890260285,2.2702125283587793,2.876912071842685,,,,,,,,,,
ground_truth,counts,0.1,0.025,200,speed,random_forest_regressor,16798,7199,,,,,,0.5906239780113185,0.7917388594229272,2.609911712505976,3.317791162920665,,,,,,,,,,
ground_truth,counts,0.1,0.025,200,acceleration,ridge,16798,7199,,,,,,0.0013602701869611655,0.09902679172334075,35.34539023129076,56.69735767516511,,,,,,,,,,
ground_truth,counts,0.1,0.025,200,acceleration,random_forest_regressor,16798,7199,,,,,,0.008093619907704297,0.09420485889844646,33.35914687114424,56.50589281741329,,,,,,,,,,
ground_truth,counts,0.1,0.025,200,head_direction,ridge,16798,7199,,,,,,,,,,12.277197782523743,10.127786477569558,25.76141210712142,,,,,,,
ground_truth,counts,0.1,0.025,200,head_direction,random_forest_regressor,16798,7199,,,,,,,,,,15.905279677858134,12.846905826762454,32.97978785195924,,,,,,,
ground_truth,counts,0.1,0.025,200,distance_to_wall,ridge,16798,7199,,,,,,0.7730609757613688,0.8835314536048209,,,,,,3.666693116083596,4.693729612899404,,,,,
ground_truth,counts,0.1,0.025,200,distance_to_wall,random_forest_regressor,16798,7199,,,,,,0.8226955562348105,0.9081729446829901,,,,,,2.9748768021385006,4.1488075199519034,,,,,
ground_truth,counts,0.1,0.025,200,spatial_context,logistic_regression,16798,7199,,,,,,,,,,,,,,,0.8276149465203501,0.8356813463237925,0.8252258269961713,"[[1198, 9, 127], [139, 3084, 487], [110, 369, 1676]]","['center', 'corner', 'wall']"
ground_truth,counts,0.1,0.025,200,spatial_context,random_forest_classifier,16798,7199,,,,,,,,,,,,,,,0.8488678983192111,0.8435701389960175,0.8415692119956453,"[[1146, 23, 165], [126, 3251, 333], [74, 367, 1714]]","['center', 'corner', 'wall']"
ground_truth,counts,0.1,0.025,200,movement_state,logistic_regression,16798,7199,,,,,,,,,,,,,,,0.7141269620780664,0.7057129757101986,0.6232523833396523,"[[2400, 630, 5], [803, 2543, 522], [0, 98, 198]]","['fast', 'slow', 'still']"
ground_truth,counts,0.1,0.025,200,movement_state,random_forest_classifier,16798,7199,,,,,,,,,,,,,,,0.72315599388804,0.7160434796815934,0.6412074602817147,"[[2512, 522, 1], [954, 2494, 420], [0, 96, 200]]","['fast', 'slow', 'still']"
ground_truth,counts,0.1,0.025,200,wall_distance_bin,logistic_regression,16798,7199,,,,,,,,,,,,,,,0.881372412835116,0.8588290498256254,0.827745941625787,"[[330, 60, 0], [130, 1483, 181], [2, 481, 4532]]","['center', 'middle', 'near_wall']"
ground_truth,counts,0.1,0.025,200,wall_distance_bin,random_forest_classifier,16798,7199,,,,,,,,,,,,,,,0.8812335046534241,0.8431164699880292,0.8269452575233348,"[[348, 42, 0], [126, 1233, 435], [0, 252, 4763]]","['center', 'middle', 'near_wall']"
ground_truth,counts,0.25,0.025,200,position,ridge,16793,7198,9.529424796833124,8.244408751555216,17.38349588703176,0.9412337203249994,0.9403201840169763,,,,,,,,,,,,,,
ground_truth,counts,0.25,0.025,200,position,random_forest_regressor,16793,7198,5.727907543325661,4.320660205199131,10.441618240920894,0.9530705533708135,0.9793237798149316,,,,,,,,,,,,,,
ground_truth,counts,0.25,0.025,200,speed,ridge,16793,7198,,,,,,0.5867313981844575,0.7671023095931083,2.647430786652545,3.3326977347051794,,,,,,,,,,
ground_truth,counts,0.25,0.025,200,speed,random_forest_regressor,16793,7198,,,,,,0.5427238726372918,0.7528947909895679,2.7719677422373055,3.505653478493569,,,,,,,,,,
ground_truth,counts,0.25,0.025,200,acceleration,ridge,16793,7198,,,,,,0.00013120092096108316,0.09284146949888979,35.283338778949926,56.7355893574547,,,,,,,,,,
ground_truth,counts,0.25,0.025,200,acceleration,random_forest_regressor,16793,7198,,,,,,0.006733298674805432,0.09163309248293132,33.91838379382601,56.547967600595825,,,,,,,,,,
ground_truth,counts,0.25,0.025,200,head_direction,ridge,16793,7198,,,,,,,,,,13.604036619806031,11.4360142298998,28.55686062865513,,,,,,,
ground_truth,counts,0.25,0.025,200,head_direction,random_forest_regressor,16793,7198,,,,,,,,,,15.874644594524186,13.51248607644829,32.386883552356544,,,,,,,
ground_truth,counts,0.25,0.025,200,distance_to_wall,ridge,16793,7198,,,,,,0.8601185030061764,0.9293668575263173,,,,,,2.8791307702394446,3.685209744981678,,,,,
ground_truth,counts,0.25,0.025,200,distance_to_wall,random_forest_regressor,16793,7198,,,,,,0.9094232811277881,0.9550711562145426,,,,,,2.1480561633988513,2.965448371732834,,,,,
ground_truth,counts,0.25,0.025,200,spatial_context,logistic_regression,16793,7198,,,,,,,,,,,,,,,0.8553764934704084,0.8639176675569367,0.8539579918078827,"[[1218, 6, 110], [147, 3153, 408], [63, 307, 1786]]","['center', 'corner', 'wall']"
ground_truth,counts,0.25,0.025,200,spatial_context,random_forest_classifier,16793,7198,,,,,,,,,,,,,,,0.9019171992220061,0.8928050507331949,0.894898554671394,"[[1199, 15, 120], [113, 3479, 116], [30, 312, 1814]]","['center', 'corner', 'wall']"
ground_truth,counts,0.25,0.025,200,movement_state,logistic_regression,16793,7198,,,,,,,,,,,,,,,0.6468463462072798,0.6051628118210428,0.540226471480075,"[[2247, 743, 46], [965, 2265, 638], [1, 149, 144]]","['fast', 'slow', 'still']"
ground_truth,counts,0.25,0.025,200,movement_state,random_forest_classifier,16793,7198,,,,,,,,,,,,,,,0.7285357043623228,0.6022009940561265,0.6185955406511322,"[[2327, 708, 1], [942, 2826, 100], [2, 201, 91]]","['fast', 'slow', 'still']"
ground_truth,counts,0.25,0.025,200,wall_distance_bin,logistic_regression,16793,7198,,,,,,,,,,,,,,,0.9144206724090025,0.8717021399909314,0.8487070489431506,"[[319, 71, 0], [136, 1531, 127], [0, 282, 4732]]","['center', 'middle', 'near_wall']"
ground_truth,counts,0.25,0.025,200,wall_distance_bin,random_forest_classifier,16793,7198,,,,,,,,,,,,,,,0.9251180883578772,0.8751608317224592,0.8933194920153843,"[[334, 56, 0], [32, 1418, 344], [0, 107, 4907]]","['center', 'middle', 'near_wall']"
ground_truth,counts,0.5,0.025,200,position,ridge,16786,7195,7.8411755883357515,6.6691842835741415,14.222449255798645,0.9612110673945355,0.9583161453935611,,,,,,,,,,,,,,
ground_truth,counts,0.5,0.025,200,position,random_forest_regressor,16786,7195,4.7506926378913885,3.498882407344849,9.102329955025208,0.9649392391387301,0.986850152709853,,,,,,,,,,,,,,
ground_truth,counts,0.5,0.025,200,speed,ridge,16786,7195,,,,,,0.44891820717248354,0.6734275166376376,3.0701389217491712,3.847957998818512,,,,,,,,,,
ground_truth,counts,0.5,0.025,200,speed,random_forest_regressor,16786,7195,,,,,,0.43893475532350024,0.6772635795383684,3.067757177606341,3.8826565460076385,,,,,,,,,,
ground_truth,counts,0.5,0.025,200,acceleration,ridge,16786,7195,,,,,,-0.004229118154390976,0.07718356952634078,35.168319688474654,56.86701241458643,,,,,,,,,,
ground_truth,counts,0.5,0.025,200,acceleration,random_forest_regressor,16786,7195,,,,,,0.004692278962094232,0.08402105211302198,33.95319164220408,56.613850566678195,,,,,,,,,,
ground_truth,counts,0.5,0.025,200,head_direction,ridge,16786,7195,,,,,,,,,,17.386221809412998,14.740139985356668,36.00688158741937,,,,,,,
ground_truth,counts,0.5,0.025,200,head_direction,random_forest_regressor,16786,7195,,,,,,,,,,18.198357706293223,15.369079592616085,38.16178103480724,,,,,,,
ground_truth,counts,0.5,0.025,200,distance_to_wall,ridge,16786,7195,,,,,,0.8808436776783157,0.9399216923085897,,,,,,2.6446404161851795,3.4018414677813813,,,,,
ground_truth,counts,0.5,0.025,200,distance_to_wall,random_forest_regressor,16786,7195,,,,,,0.9175028768365268,0.9582995718242733,,,,,,1.9849506896806333,2.830576701000402,,,,,
ground_truth,counts,0.5,0.025,200,spatial_context,logistic_regression,16786,7195,,,,,,,,,,,,,,,0.8693537178596248,0.8698648077682245,0.865520215035746,"[[1216, 25, 93], [139, 3296, 270], [57, 356, 1743]]","['center', 'corner', 'wall']"
ground_truth,counts,0.5,0.025,200,spatial_context,random_forest_classifier,16786,7195,,,,,,,,,,,,,,,0.908825573314802,0.9002942013453675,0.9022726951690622,"[[1198, 20, 116], [123, 3478, 104], [12, 281, 1863]]","['center', 'corner', 'wall']"
ground_truth,counts,0.5,0.025,200,movement_state,logistic_regression,16786,7195,,,,,,,,,,,,,,,0.5820708825573315,0.5323710624068992,0.47766434451477585,"[[2109, 793, 134], [1282, 1963, 620], [3, 175, 116]]","['fast', 'slow', 'still']"
ground_truth,counts,0.5,0.025,200,movement_state,random_forest_classifier,16786,7195,,,,,,,,,,,,,,,0.6918693537178596,0.5205966689743698,0.5382149950457273,"[[2141, 895, 0], [1025, 2798, 42], [1, 254, 39]]","['fast', 'slow', 'still']"
ground_truth,counts,0.5,0.025,200,wall_distance_bin,logistic_regression,16786,7195,,,,,,,,,,,,,,,0.9027102154273802,0.8537097463988738,0.831847426420412,"[[306, 79, 5], [136, 1513, 145], [6, 329, 4676]]","['center', 'middle', 'near_wall']"
ground_truth,counts,0.5,0.025,200,wall_distance_bin,random_forest_classifier,16786,7195,,,,,,,,,,,,,,,0.9387074357192495,0.8858414646454871,0.9059605348510127,"[[324, 66, 0], [23, 1519, 252], [0, 100, 4911]]","['center', 'middle', 'near_wall']"
ground_truth,counts,1.0,0.025,200,position,ridge,16772,7189,6.707688162533701,5.738799316965555,12.233502633754295,0.9732804543710496,0.9689883812403249,,,,,,,,,,,,,,
ground_truth,counts,1.0,0.025,200,position,random_forest_regressor,16772,7189,4.75943185597303,3.8084962832149816,9.185586239630625,0.9834567749838544,0.981449851236204,,,,,,,,,,,,,,
ground_truth,counts,1.0,0.025,200,speed,ridge,16772,7189,,,,,,0.229227890199319,0.5049161425797846,3.654613717498201,4.549879871481358,,,,,,,,,,
ground_truth,counts,1.0,0.025,200,speed,random_forest_regressor,16772,7189,,,,,,0.3105586161402403,0.5671974160074462,3.4129032899632947,4.3031413180449825,,,,,,,,,,
ground_truth,counts,1.0,0.025,200,acceleration,ridge,16772,7189,,,,,,-0.010227360671813512,0.05956515817470256,35.28697831338072,57.060192908369224,,,,,,,,,,
ground_truth,counts,1.0,0.025,200,acceleration,random_forest_regressor,16772,7189,,,,,,-0.014423518552851622,0.05645854038280958,34.64762420044476,57.1785749033981,,,,,,,,,,
ground_truth,counts,1.0,0.025,200,head_direction,ridge,16772,7189,,,,,,,,,,24.14978024174212,19.95996135808199,49.53755304917879,,,,,,,
ground_truth,counts,1.0,0.025,200,head_direction,random_forest_regressor,16772,7189,,,,,,,,,,22.556030944084448,18.683917947119067,46.12456632506156,,,,,,,
ground_truth,counts,1.0,0.025,200,distance_to_wall,ridge,16772,7189,,,,,,0.8402934745891976,0.9211448127747842,,,,,,3.0776280938651324,3.9397714026774935,,,,,
ground_truth,counts,1.0,0.025,200,distance_to_wall,random_forest_regressor,16772,7189,,,,,,0.9120681600553814,0.9553034217517355,,,,,,1.9819368968985467,2.9233631836903657,,,,,
ground_truth,counts,1.0,0.025,200,spatial_context,logistic_regression,16772,7189,,,,,,,,,,,,,,,0.8583947697871749,0.8570808792004575,0.8505707482637462,"[[1174, 35, 125], [193, 3239, 268], [67, 330, 1758]]","['center', 'corner', 'wall']"
ground_truth,counts,1.0,0.025,200,spatial_context,random_forest_classifier,16772,7189,,,,,,,,,,,,,,,0.90471553762693,0.8984183950540562,0.8999505808330608,"[[1211, 38, 85], [133, 3451, 116], [10, 303, 1842]]","['center', 'corner', 'wall']"
ground_truth,counts,1.0,0.025,200,movement_state,logistic_regression,16772,7189,,,,,,,,,,,,,,,0.528585338711921,0.4430655913949148,0.4141677415217013,"[[1995, 789, 251], [1445, 1740, 675], [50, 179, 65]]","['fast', 'slow', 'still']"
ground_truth,counts,1.0,0.025,200,movement_state,random_forest_classifier,16772,7189,,,,,,,,,,,,,,,0.6476561413270274,0.4503115637083764,0.4399377599359047,"[[2055, 980, 0], [1258, 2601, 1], [11, 283, 0]]","['fast', 'slow', 'still']"
ground_truth,counts,1.0,0.025,200,wall_distance_bin,logistic_regression,16772,7189,,,,,,,,,,,,,,,0.8784253720962582,0.8298826777087647,0.8147664368211144,"[[302, 88, 0], [113, 1437, 244], [6, 423, 4576]]","['center', 'middle', 'near_wall']"
ground_truth,counts,1.0,0.025,200,wall_distance_bin,random_forest_classifier,16772,7189,,,,,,,,,,,,,,,0.9410210043121435,0.8672366281061933,0.895659177641674,"[[297, 93, 0], [21, 1532, 241], [0, 69, 4936]]","['center', 'middle', 'near_wall']"
