time,event_type,decoded_spatial_context,spatial_context_confidence,decoded_movement_state,movement_state_confidence,true_spatial_context,true_movement_state,correct_trigger
420.1500000000004,context_wall,corner,0.8209006995078069,still,1.0,wall,still,True
420.17500000000035,context_wall,corner,0.8147107070372437,still,1.0,wall,still,True
420.2000000000004,context_wall,corner,0.8429871631323865,still,1.0,wall,still,True
420.22500000000036,context_wall,corner,0.8895960704829098,still,1.0,wall,still,True
420.2500000000004,context_wall,corner,0.8716438504717037,still,1.0,wall,still,True
420.2750000000004,context_wall,corner,0.8335620841979434,still,1.0,wall,still,True
420.30000000000035,context_wall,corner,0.8612849954617954,still,1.0,wall,still,True
420.3250000000004,context_wall,corner,0.8252184484250149,still,1.0,wall,still,True
420.35000000000036,context_wall,corner,0.8319449061352526,still,1.0,wall,still,True
420.3750000000004,context_wall,corner,0.854763570725074,still,1.0,wall,still,True
420.4000000000004,context_wall,corner,0.8031093178677431,still,1.0,wall,still,True
420.42500000000035,context_wall,corner,0.8481536100027062,still,1.0,wall,still,True
420.4500000000004,context_wall,corner,0.843486203111803,still,1.0,wall,still,True
420.47500000000036,context_wall,corner,0.9199046701526248,still,1.0,wall,still,True
420.5000000000004,context_wall,corner,0.9057913973703795,still,1.0,wall,still,True
420.5250000000004,context_wall,corner,0.9129175114852509,still,1.0,wall,still,True
420.55000000000035,context_wall,corner,0.8601162921755858,still,1.0,wall,still,True
420.5750000000004,context_wall,corner,0.8245208745979007,still,1.0,wall,still,True
420.60000000000036,context_wall,corner,0.9087570014031776,still,1.0,wall,still,True
420.6250000000004,context_wall,corner,0.9076141981599075,still,1.0,wall,still,True
420.6500000000004,context_wall,corner,0.8890178534079777,still,1.0,wall,still,True
420.67500000000035,context_wall,corner,0.8871787843811694,still,1.0,wall,still,True
420.7000000000004,context_wall,corner,0.8862018144443563,still,1.0,wall,still,True
420.72500000000036,context_wall,corner,0.8725361897454821,still,1.0,wall,still,True
420.7500000000004,context_wall,corner,0.8124690690668054,still,1.0,wall,still,True
420.9500000000004,context_wall,corner,0.861241009076172,still,1.0,wall,still,True
420.97500000000036,context_wall,corner,0.8729507336839681,still,1.0,wall,still,True
421.0000000000004,context_wall,corner,0.8532083555732161,still,1.0,wall,still,True
421.0250000000004,context_wall,corner,0.8393530473192691,still,1.0,wall,still,True
421.05000000000035,context_wall,corner,0.8101531508802645,still,1.0,wall,still,True
421.10000000000036,context_wall,corner,0.8039820882990751,still,1.0,wall,still,True
421.1250000000004,context_wall,corner,0.8475483250047341,still,1.0,wall,still,True
421.1500000000004,context_wall,corner,0.8761070205148827,still,1.0,wall,still,True
421.2000000000004,context_wall,corner,0.8156011883373593,still,1.0,wall,still,True
421.22500000000036,context_wall,corner,0.8361936996989582,still,1.0,wall,still,True
421.2500000000004,context_wall,corner,0.8294973576068133,still,1.0,wall,still,True
421.3250000000004,context_wall,corner,0.8024211577632908,still,1.0,wall,still,True
421.3750000000004,context_wall,corner,0.830362598091101,still,1.0,wall,still,True
421.4000000000004,context_wall,corner,0.8301018324938693,still,1.0,wall,still,True
421.47500000000036,context_wall,corner,0.8518914003608085,still,1.0,wall,still,True
421.5000000000004,context_wall,corner,0.8143211438606538,still,1.0,wall,still,True
421.9000000000004,context_wall,corner,0.800563501773032,still,1.0,wall,still,True
421.92500000000035,context_wall,corner,0.8291034450963243,still,1.0,wall,still,True
421.9500000000004,context_wall,corner,0.8696776282000778,still,1.0,wall,still,True
422.0000000000004,context_wall,corner,0.824585370549344,still,1.0,wall,still,True
422.0250000000004,context_wall,corner,0.8247175606237974,still,1.0,wall,still,True
422.05000000000035,context_wall,corner,0.8351921751439414,still,1.0,wall,still,True
422.0750000000004,context_wall,corner,0.832477405430108,still,1.0,wall,still,True
422.2500000000004,context_wall,corner,0.8393105344579415,still,1.0,wall,still,True
422.2750000000004,context_wall,corner,0.8329646333645262,still,1.0,wall,still,True
422.30000000000035,context_wall,corner,0.8722451087750526,still,1.0,wall,still,True
422.3250000000004,context_wall,corner,0.8051385620719335,still,1.0,wall,still,True
422.35000000000036,context_wall,corner,0.8476786797040323,still,1.0,wall,still,True
422.3750000000004,context_wall,corner,0.844203502459798,still,1.0,wall,still,True
422.4000000000004,context_wall,corner,0.8106837494407286,still,1.0,wall,still,True
422.42500000000035,context_wall,corner,0.8779562986263093,still,1.0,wall,still,True
422.4500000000004,context_wall,corner,0.8187159432131809,still,1.0,wall,still,True
422.47500000000036,context_wall,corner,0.8634980596257074,still,1.0,wall,still,True
422.5000000000004,context_wall,corner,0.8577299031328909,still,1.0,wall,still,True
422.5250000000004,context_wall,corner,0.8340281183010363,still,1.0,wall,still,True
422.55000000000035,context_wall,corner,0.8432696478124311,still,1.0,wall,still,True
422.5750000000004,context_wall,corner,0.8093055695907917,still,1.0,wall,still,True
422.60000000000036,context_wall,corner,0.8878626630504374,still,1.0,wall,still,True
422.6250000000004,context_wall,corner,0.8675323473343294,still,1.0,wall,still,True
422.6500000000004,context_wall,corner,0.881893635346635,still,1.0,wall,still,True
422.67500000000035,context_wall,corner,0.8497958880419919,still,1.0,wall,still,True
422.7000000000004,context_wall,corner,0.8576733760252466,still,1.0,wall,still,True
422.72500000000036,context_wall,corner,0.8351323749612836,still,1.0,wall,still,True
422.7750000000004,context_wall,corner,0.8323829139597563,still,1.0,wall,still,True
422.80000000000035,context_wall,corner,0.8382112332697098,still,1.0,wall,still,True
422.8250000000004,context_wall,corner,0.8714044403773643,still,1.0,wall,still,True
422.85000000000036,context_wall,corner,0.8812471702398565,still,1.0,wall,still,True
422.8750000000004,context_wall,corner,0.8508317059884923,still,1.0,wall,still,True
422.9000000000004,context_wall,corner,0.8282011294703757,still,1.0,wall,still,True
422.92500000000035,context_wall,corner,0.8180212955601459,still,1.0,wall,still,True
423.1250000000004,context_wall,corner,0.8039788998110085,still,1.0,wall,still,True
423.2000000000004,context_wall,corner,0.8703742453565927,still,1.0,wall,still,True
423.22500000000036,context_wall,corner,0.8715958509738759,still,1.0,wall,still,True
423.2500000000004,context_wall,corner,0.8578987312334391,still,1.0,wall,still,True
423.2750000000004,context_wall,corner,0.8914959457162035,still,1.0,wall,still,True
423.30000000000035,context_wall,corner,0.8504733421220797,still,1.0,wall,still,True
423.3250000000004,context_wall,corner,0.8561338122590151,still,1.0,wall,still,True
423.35000000000036,context_wall,corner,0.884039035845101,still,1.0,wall,still,True
423.3750000000004,context_wall,corner,0.8253754748854236,still,1.0,wall,still,True
423.4000000000004,context_wall,corner,0.8585979774718165,still,1.0,wall,still,True
423.4500000000004,context_wall,corner,0.836022063274935,still,1.0,wall,still,True
423.47500000000036,context_wall,corner,0.8452885274839431,still,1.0,wall,still,True
423.5000000000004,context_wall,corner,0.8329662637357107,still,1.0,wall,still,True
423.55000000000035,context_wall,corner,0.8176251525420928,still,1.0,wall,still,True
423.5750000000004,context_wall,corner,0.8375403638248763,still,1.0,wall,still,True
423.60000000000036,context_wall,corner,0.8849821408343261,still,1.0,wall,still,True
423.6250000000004,context_wall,corner,0.8418901795955414,still,1.0,wall,still,True
423.6500000000004,context_wall,corner,0.8709794760018188,still,1.0,wall,still,True
423.67500000000035,context_wall,corner,0.8706148180344693,still,1.0,wall,still,True
423.7000000000004,context_wall,corner,0.8340203219607047,still,1.0,wall,still,True
423.72500000000036,context_wall,corner,0.8220195142101843,still,1.0,wall,still,True
423.7500000000004,context_wall,corner,0.8461044147709456,still,1.0,wall,still,True
423.7750000000004,context_wall,corner,0.8210534845384825,still,1.0,wall,still,True
423.80000000000035,context_wall,corner,0.8242103550053953,still,1.0,wall,still,True
423.8250000000004,context_wall,corner,0.8634216282422164,still,1.0,wall,still,True
423.85000000000036,context_wall,corner,0.8387872617017292,still,1.0,wall,still,True
423.8750000000004,context_wall,corner,0.8395208271592715,still,1.0,wall,still,True
423.9000000000004,context_wall,corner,0.8478983403672967,still,1.0,wall,still,True
423.92500000000035,context_wall,corner,0.8150697580915545,still,1.0,wall,still,True
423.9500000000004,context_wall,corner,0.8270747210257867,still,1.0,wall,still,True
423.97500000000036,context_wall,corner,0.8646990772546767,still,1.0,wall,still,True
424.0000000000004,context_wall,corner,0.8634706446835491,still,1.0,wall,still,True
424.0250000000004,context_wall,corner,0.9089343490665927,still,1.0,wall,still,True
424.05000000000035,context_wall,corner,0.8466261204002842,still,1.0,wall,still,True
424.0750000000004,context_wall,corner,0.8365447056246441,still,1.0,wall,still,True
424.10000000000036,context_wall,corner,0.8757779779622442,still,1.0,wall,still,True
424.1250000000004,context_wall,corner,0.809523513120719,still,1.0,wall,still,True
424.22500000000036,context_wall,corner,0.8260540205094167,still,1.0,wall,still,True
424.2500000000004,context_wall,corner,0.8189340275087335,still,1.0,wall,still,True
424.2750000000004,context_wall,corner,0.8630436491032029,still,1.0,wall,still,True
424.30000000000035,context_wall,corner,0.8500902454022953,still,1.0,wall,still,True
424.3250000000004,context_wall,corner,0.8883568353285202,still,1.0,wall,still,True
424.35000000000036,context_wall,corner,0.9216244703148198,still,1.0,wall,still,True
424.3750000000004,context_wall,corner,0.9025860200159199,still,1.0,wall,still,True
424.4000000000004,context_wall,corner,0.9131333694039769,still,1.0,wall,still,True
424.42500000000035,context_wall,corner,0.9047234527515218,still,1.0,wall,still,True
424.4500000000004,context_wall,corner,0.8740399080924718,still,1.0,wall,still,True
424.47500000000036,context_wall,corner,0.8661132094852504,still,1.0,wall,still,True
424.5000000000004,context_wall,corner,0.8724465966756442,still,1.0,wall,still,True
424.5250000000004,context_wall,corner,0.8557995248679618,still,1.0,wall,still,True
424.55000000000035,context_wall,corner,0.9287863717389127,still,1.0,wall,still,True
424.5750000000004,context_wall,corner,0.9001507863616064,still,1.0,wall,still,True
424.60000000000036,context_wall,corner,0.8703752400153213,still,1.0,wall,still,True
424.6250000000004,context_wall,corner,0.8771087661457502,still,1.0,wall,still,True
424.6500000000004,context_wall,corner,0.9062322263573003,still,1.0,wall,still,True
424.67500000000035,context_wall,corner,0.8442353108406974,still,1.0,wall,still,True
424.7000000000004,context_wall,corner,0.8671797507289841,still,1.0,wall,still,True
424.72500000000036,context_wall,corner,0.8813848487821362,still,1.0,wall,still,True
424.7500000000004,context_wall,corner,0.8806042121853355,still,1.0,wall,still,True
424.7750000000004,context_wall,corner,0.8459534697779528,still,1.0,wall,still,True
424.80000000000035,context_wall,corner,0.8495502205705514,still,1.0,wall,still,True
424.8250000000004,context_wall,corner,0.8015986028532341,still,1.0,wall,still,True
424.85000000000036,context_wall,corner,0.8678690994489312,still,1.0,wall,still,True
424.8750000000004,context_wall,corner,0.8140644406133596,still,1.0,wall,still,True
424.9000000000004,context_wall,corner,0.8693506812079955,still,1.0,wall,still,True
424.92500000000035,context_wall,corner,0.8789678255176626,still,1.0,wall,still,True
424.9500000000004,context_wall,corner,0.8795780554259756,still,1.0,wall,still,True
424.97500000000036,context_wall,corner,0.8316156781094958,still,1.0,wall,still,True
425.0000000000004,context_wall,corner,0.8008758285577118,still,1.0,wall,still,True
425.05000000000035,context_wall,corner,0.8256077809631607,still,1.0,wall,still,True
425.0750000000004,context_wall,corner,0.8134058121590642,still,1.0,wall,still,True
425.1500000000004,context_wall,corner,0.8061486405762902,still,1.0,wall,still,True
425.22500000000036,context_wall,corner,0.8854491333015331,still,1.0,wall,still,True
425.2500000000004,context_wall,corner,0.8124848910698106,still,1.0,wall,still,True
425.2750000000004,context_wall,corner,0.8917534350382443,still,1.0,wall,still,True
425.30000000000035,context_wall,corner,0.8958541474971108,still,1.0,wall,still,True
425.3250000000004,context_wall,corner,0.8437946434831674,still,1.0,wall,still,True
425.35000000000036,context_wall,corner,0.8632317233207532,still,1.0,wall,still,True
425.3750000000004,context_wall,corner,0.8473627168684387,still,1.0,wall,still,True
425.4000000000004,context_wall,corner,0.8205727639105491,still,1.0,wall,still,True
425.4500000000004,context_wall,corner,0.8051276552422989,still,1.0,wall,still,True
425.47500000000036,context_wall,corner,0.8705406287857788,still,1.0,wall,still,True
425.5000000000004,context_wall,corner,0.873407271979927,still,1.0,wall,still,True
425.5250000000004,context_wall,corner,0.8835375916598192,still,1.0,wall,still,True
425.5750000000004,context_wall,corner,0.8349390427374851,still,1.0,wall,still,True
425.60000000000036,context_wall,corner,0.8561500227716037,still,1.0,wall,still,True
425.6250000000004,context_wall,corner,0.8681829164562158,still,1.0,wall,still,True
425.6500000000004,context_wall,corner,0.8812050748329727,still,1.0,wall,still,True
425.7000000000004,context_wall,corner,0.813684950959381,still,1.0,wall,still,True
425.72500000000036,context_wall,corner,0.8038432684650973,still,1.0,wall,still,True
425.80000000000035,context_wall,corner,0.8272164723210764,still,1.0,wall,still,True
425.85000000000036,context_wall,corner,0.8281162640426741,still,1.0,wall,still,True
425.9000000000004,context_wall,corner,0.8079606362372893,still,1.0,wall,still,True
425.9500000000004,context_wall,corner,0.8274604051715444,still,1.0,wall,still,True
426.1500000000004,context_wall,corner,0.814814637882624,still,1.0,wall,still,True
426.2000000000004,context_wall,corner,0.8374307326766582,still,1.0,wall,still,True
426.2500000000004,context_wall,corner,0.8785420422614638,still,1.0,wall,still,True
426.2750000000004,context_wall,corner,0.8709396794102051,still,1.0,wall,still,True
426.30000000000035,context_wall,corner,0.8958195279781408,still,1.0,wall,still,True
426.3250000000004,context_wall,corner,0.8865027076614438,still,1.0,wall,still,True
426.35000000000036,context_wall,corner,0.877850483468908,still,1.0,wall,still,True
426.3750000000004,context_wall,corner,0.8762315187035447,still,1.0,wall,still,True
426.4000000000004,context_wall,corner,0.8931666900683455,still,1.0,wall,still,True
426.42500000000035,context_wall,corner,0.852682311755359,still,1.0,wall,still,True
426.4500000000004,context_wall,corner,0.8736299148438023,still,1.0,wall,still,True
426.47500000000036,context_wall,corner,0.9161713928120143,still,1.0,wall,still,True
426.5000000000004,context_wall,corner,0.9114816538029923,still,1.0,wall,still,True
426.5250000000004,context_wall,corner,0.8895181863422477,still,1.0,wall,still,True
426.55000000000035,context_wall,corner,0.8701544266770314,still,1.0,wall,still,True
426.5750000000004,context_wall,corner,0.8227029102792782,still,1.0,wall,still,True
426.60000000000036,context_wall,corner,0.8939933848878053,still,1.0,wall,still,True
426.6250000000004,context_wall,corner,0.840666685097064,still,1.0,wall,still,True
426.6500000000004,context_wall,corner,0.8811676968548667,still,1.0,wall,still,True
426.7000000000004,context_wall,corner,0.8299792912665981,still,1.0,wall,still,True
426.72500000000036,context_wall,corner,0.8206112524675063,still,1.0,wall,still,True
426.7500000000004,context_wall,corner,0.8596645735672199,still,1.0,wall,still,True
426.7750000000004,context_wall,corner,0.844669374899829,still,1.0,wall,still,True
426.80000000000035,context_wall,corner,0.8777190121136084,still,1.0,wall,still,True
426.8250000000004,context_wall,corner,0.8838915924726747,still,1.0,wall,still,True
426.85000000000036,context_wall,corner,0.8628002065810526,still,1.0,wall,still,True
426.8750000000004,context_wall,corner,0.8459756157158583,still,1.0,wall,still,True
426.9000000000004,context_wall,corner,0.8155113456373939,still,1.0,wall,still,True
426.92500000000035,context_wall,corner,0.8286275238035469,still,1.0,wall,still,True
426.9500000000004,context_wall,corner,0.8686311665541757,still,1.0,wall,still,True
426.97500000000036,context_wall,corner,0.8767036360128608,still,1.0,wall,still,True
427.0000000000004,context_wall,corner,0.8054244781529373,still,1.0,wall,still,True
427.0250000000004,context_wall,corner,0.8009211106489211,still,1.0,wall,still,True
427.1500000000004,context_wall,corner,0.8167684497983597,still,1.0,wall,still,True
427.17500000000035,context_wall,corner,0.8335242751233523,still,1.0,wall,still,True
427.2000000000004,context_wall,corner,0.8662750566995149,still,1.0,wall,still,True
427.22500000000036,context_wall,corner,0.8594544325831531,still,1.0,wall,still,True
427.2500000000004,context_wall,corner,0.9080865093234055,still,1.0,wall,still,True
427.2750000000004,context_wall,corner,0.8634393948236715,still,1.0,wall,still,True
427.30000000000035,context_wall,corner,0.9053961562797774,still,1.0,wall,still,True
427.3250000000004,context_wall,corner,0.8291321417485129,still,1.0,wall,still,True
427.35000000000036,context_wall,corner,0.8252113200227831,still,1.0,wall,still,True
427.3750000000004,context_wall,corner,0.8100398104107852,still,1.0,wall,still,True
427.4000000000004,context_wall,corner,0.8147217222157606,still,1.0,wall,still,True
427.5250000000004,context_wall,corner,0.8404786207533773,still,1.0,wall,still,True
427.55000000000035,context_wall,corner,0.8596506505561363,still,1.0,wall,still,True
427.5750000000004,context_wall,corner,0.8462789599606082,still,1.0,wall,still,True
427.6250000000004,context_wall,corner,0.8389641854594957,still,1.0,wall,still,True
427.6500000000004,context_wall,corner,0.8057755508202351,still,1.0,wall,still,True
427.67500000000035,context_wall,corner,0.8193199522408139,still,1.0,wall,still,True
427.7000000000004,context_wall,corner,0.8132721607955281,still,1.0,wall,still,True
427.72500000000036,context_wall,corner,0.8460967024284762,still,1.0,wall,still,True
427.7500000000004,context_wall,corner,0.825535040820379,still,1.0,wall,still,True
427.7750000000004,context_wall,corner,0.8135352043637539,still,1.0,wall,still,True
427.80000000000035,context_wall,corner,0.8506595796688932,still,1.0,wall,still,True
427.8250000000004,context_wall,corner,0.8610102889148114,still,1.0,wall,still,True
427.85000000000036,context_wall,corner,0.8519577952332013,still,1.0,wall,still,True
427.8750000000004,context_wall,corner,0.8221248804540846,still,1.0,wall,still,True
427.9000000000004,context_wall,corner,0.812714620459686,still,1.0,wall,still,True
427.92500000000035,context_wall,corner,0.8021127252316158,still,1.0,wall,still,True
427.9500000000004,context_wall,corner,0.8184813109253235,still,1.0,wall,still,True
427.97500000000036,context_wall,corner,0.8043633876193149,still,1.0,wall,still,True
428.0000000000004,context_wall,corner,0.8257656897157816,still,1.0,wall,still,True
428.0250000000004,context_wall,corner,0.8032755161878812,still,1.0,wall,still,True
428.05000000000035,context_wall,corner,0.8618426400392312,still,1.0,wall,still,True
428.0750000000004,context_wall,corner,0.8264172707843178,still,1.0,wall,still,True
428.10000000000036,context_wall,corner,0.8551441076292099,still,1.0,wall,still,True
428.1250000000004,context_wall,corner,0.8045700448371571,still,1.0,wall,still,True
428.1500000000004,context_wall,corner,0.8179726607364437,still,1.0,wall,still,True
428.2000000000004,context_wall,corner,0.8089186489762509,still,1.0,wall,still,True
428.22500000000036,context_wall,corner,0.8339825284607114,still,1.0,wall,still,True
428.2500000000004,context_wall,corner,0.8228802554647692,still,1.0,wall,still,True
428.30000000000035,context_wall,corner,0.8710429124855038,still,1.0,wall,still,True
428.3250000000004,context_wall,corner,0.8633002587982932,still,1.0,wall,still,True
428.35000000000036,context_wall,corner,0.8836243489894621,still,1.0,wall,still,True
428.3750000000004,context_wall,corner,0.8260934167763072,still,1.0,wall,still,True
428.4000000000004,context_wall,corner,0.8753768130203652,still,1.0,wall,still,True
428.42500000000035,context_wall,corner,0.8993439674141739,still,1.0,wall,still,True
428.4500000000004,context_wall,corner,0.8712673538201414,still,1.0,wall,still,True
428.47500000000036,context_wall,corner,0.8706499981578463,still,1.0,wall,still,True
428.5000000000004,context_wall,corner,0.8774899160430727,still,1.0,wall,still,True
428.5250000000004,context_wall,corner,0.8659596561679939,still,1.0,wall,still,True
428.55000000000035,context_wall,corner,0.8569847077177546,still,1.0,wall,still,True
428.60000000000036,context_wall,corner,0.8195905504236136,still,1.0,wall,still,True
428.6500000000004,context_wall,corner,0.8157058115063238,still,1.0,wall,still,True
428.67500000000035,context_wall,corner,0.8355163809063096,still,1.0,wall,still,True
428.7000000000004,context_wall,corner,0.8403365546321858,still,1.0,wall,still,True
428.72500000000036,context_wall,corner,0.8242293596186552,still,1.0,wall,still,True
428.7500000000004,context_wall,corner,0.8037114998594097,still,1.0,wall,still,True
428.7750000000004,context_wall,corner,0.8330362537164967,still,1.0,wall,still,True
428.80000000000035,context_wall,corner,0.8594755335143216,still,1.0,wall,still,True
428.8250000000004,context_wall,corner,0.8122174270973197,still,1.0,wall,still,True
428.85000000000036,context_wall,corner,0.8051109789550095,still,1.0,wall,still,True
428.8750000000004,context_wall,corner,0.8012109243043095,still,1.0,wall,still,True
428.9000000000004,context_wall,corner,0.8547418955704993,still,1.0,wall,still,True
428.9500000000004,context_wall,corner,0.8252993904963222,still,1.0,wall,still,True
428.97500000000036,context_wall,corner,0.8017081553868651,still,1.0,wall,still,True
429.0000000000004,context_wall,corner,0.8159092618281568,still,1.0,wall,still,True
429.0750000000004,context_wall,corner,0.8074180623065439,still,1.0,wall,still,True
429.1250000000004,context_wall,corner,0.8024403575216558,still,1.0,wall,still,True
429.1500000000004,context_wall,corner,0.8106331833174799,still,1.0,wall,still,True
429.1750000000004,context_wall,corner,0.8042334411716208,still,1.0,wall,still,True
429.2000000000004,context_wall,corner,0.8562495167958255,still,1.0,wall,still,True
429.22500000000036,context_wall,corner,0.8254312092797652,still,1.0,wall,still,True
429.2500000000004,context_wall,corner,0.881803153906785,still,1.0,wall,still,True
429.2750000000004,context_wall,corner,0.8831037644062925,still,1.0,wall,still,True
429.3000000000004,context_wall,corner,0.8969038744424449,still,1.0,wall,still,True
429.3250000000004,context_wall,corner,0.8619716302157162,still,1.0,wall,still,True
429.35000000000036,context_wall,corner,0.8723505566481993,still,1.0,wall,still,True
429.3750000000004,context_wall,corner,0.8350551382061997,still,1.0,wall,still,True
429.4000000000004,context_wall,corner,0.8715897993278642,still,1.0,wall,still,True
429.4250000000004,context_wall,corner,0.8467238111043842,still,1.0,wall,still,True
429.4500000000004,context_wall,corner,0.8493266118569817,still,1.0,wall,still,True
429.47500000000036,context_wall,corner,0.8828548617291675,still,1.0,wall,still,True
429.5000000000004,context_wall,corner,0.8524795105060063,still,1.0,wall,still,True
429.5250000000004,context_wall,corner,0.8633430054829161,still,1.0,wall,still,True
429.5500000000004,context_wall,corner,0.8404636085697561,still,1.0,wall,still,True
429.5750000000004,context_wall,corner,0.8360596133932559,still,1.0,wall,still,True
429.6250000000004,context_wall,corner,0.8019433704879334,still,1.0,wall,still,True
429.8750000000004,context_wall,corner,0.8191744358601996,still,1.0,wall,still,True
429.9000000000004,context_wall,corner,0.8273673738711623,still,1.0,wall,still,True
429.9250000000004,context_wall,corner,0.8474560906214624,still,1.0,wall,still,True
429.97500000000036,context_wall,corner,0.8168546489740127,still,1.0,wall,still,True
430.0000000000004,context_wall,corner,0.8790270446843769,still,1.0,wall,still,True
430.0250000000004,context_wall,corner,0.8612622387395465,still,1.0,wall,still,True
430.0500000000004,context_wall,corner,0.8890056326460828,still,1.0,wall,still,True
430.0750000000004,context_wall,corner,0.9175582871794845,still,1.0,wall,still,True
430.10000000000036,context_wall,corner,0.8856606471262487,still,1.0,wall,still,True
430.1250000000004,context_wall,corner,0.9226079703168035,still,1.0,wall,still,True
430.1500000000004,context_wall,corner,0.8826509421571833,still,1.0,wall,still,True
430.1750000000004,context_wall,corner,0.8836147716943095,still,1.0,wall,still,True
430.2000000000004,context_wall,corner,0.8678096344892675,still,1.0,wall,still,True
430.22500000000036,context_wall,corner,0.8723509695580076,still,1.0,wall,still,True
430.2500000000004,context_wall,corner,0.8207467207685509,still,1.0,wall,still,True
430.2750000000004,context_wall,corner,0.8428797997486841,still,1.0,wall,still,True
430.3000000000004,context_wall,corner,0.8518992540256244,still,1.0,wall,still,True
430.3250000000004,context_wall,corner,0.8376346905058552,still,1.0,wall,still,True
430.3750000000004,context_wall,corner,0.8160182782384449,still,1.0,wall,still,True
430.5250000000004,context_wall,corner,0.8490368030487246,still,1.0,corner,still,True
430.5500000000004,context_wall,corner,0.8234322065947896,still,1.0,corner,still,True
430.6500000000004,context_wall,corner,0.8264896412124618,still,1.0,corner,still,True
430.7000000000004,context_wall,corner,0.8923080265952618,still,1.0,corner,still,True
430.72500000000036,context_wall,corner,0.866550391988772,still,1.0,corner,still,True
430.7500000000004,context_wall,corner,0.8332839335234804,still,1.0,corner,still,True
430.7750000000004,context_wall,corner,0.8372902616604253,still,1.0,corner,still,True
430.8000000000004,context_wall,corner,0.8184512246137448,still,1.0,corner,still,True
430.8250000000004,context_wall,corner,0.8254785071437273,still,1.0,corner,still,True
430.85000000000036,context_wall,corner,0.9163679079084731,still,1.0,corner,still,True
430.8750000000004,context_wall,corner,0.887677324935024,still,1.0,corner,still,True
430.9000000000004,context_wall,corner,0.8177845849902199,still,1.0,corner,still,True
430.9250000000004,context_wall,corner,0.8168894733791767,still,1.0,corner,still,True
430.9500000000004,context_wall,corner,0.9105226038983808,still,1.0,corner,still,True
430.97500000000036,context_wall,corner,0.8438803253807576,still,1.0,corner,still,True
431.0000000000004,context_wall,corner,0.8889415181787086,still,1.0,corner,still,True
431.0250000000004,context_wall,corner,0.8856928036731853,still,1.0,corner,still,True
431.0500000000004,context_wall,corner,0.889615992076565,still,1.0,corner,still,True
431.0750000000004,context_wall,corner,0.830253670369634,still,1.0,corner,still,True
431.10000000000036,context_wall,corner,0.8134955193539741,still,1.0,corner,still,True
431.1250000000004,context_wall,corner,0.8028436650399144,still,1.0,corner,still,True
431.1500000000004,context_wall,corner,0.8256910047108839,still,1.0,corner,still,True
431.22500000000036,context_wall,corner,0.8673439371814479,still,1.0,corner,still,True
431.2500000000004,context_wall,corner,0.8888691071199101,still,1.0,corner,still,True
431.2750000000004,context_wall,corner,0.8538338883474148,still,1.0,corner,still,True
431.3000000000004,context_wall,corner,0.8466764920725341,still,1.0,corner,still,True
431.3250000000004,context_wall,corner,0.8900605652056894,still,1.0,corner,still,True
431.35000000000036,context_wall,corner,0.9394769546378722,still,1.0,corner,still,True
431.3750000000004,context_wall,corner,0.8697256294186224,still,1.0,corner,still,True
431.4000000000004,context_wall,corner,0.9005080912603751,still,1.0,corner,still,True
431.4250000000004,context_wall,corner,0.8298453848170303,still,1.0,corner,still,True
431.4500000000004,context_wall,corner,0.8467913385229826,still,1.0,corner,still,True
431.47500000000036,context_wall,corner,0.8284864531095804,still,1.0,corner,still,True
431.5500000000004,context_wall,corner,0.8307921644281245,still,1.0,corner,still,True
431.5750000000004,context_wall,corner,0.8350150813631885,still,1.0,corner,still,True
431.60000000000036,context_wall,corner,0.8854470479305785,still,1.0,corner,still,True
431.6250000000004,context_wall,corner,0.9239247608430758,still,1.0,corner,still,True
431.6500000000004,context_wall,corner,0.8954909978956459,still,1.0,corner,still,True
431.6750000000004,context_wall,corner,0.8909713851455295,still,1.0,corner,still,True
431.7000000000004,context_wall,corner,0.8940669248587845,still,1.0,corner,still,True
431.72500000000036,context_wall,corner,0.8938359927555524,still,1.0,corner,still,True
431.7500000000004,context_wall,corner,0.8397272243118113,still,1.0,corner,still,True
431.7750000000004,context_wall,corner,0.8195731511564184,still,1.0,corner,still,True
431.8000000000004,context_wall,corner,0.8193685387852873,still,1.0,corner,still,True
431.85000000000036,context_wall,corner,0.856117438380574,still,1.0,corner,still,True
431.8750000000004,context_wall,corner,0.8118103042741981,still,1.0,corner,still,True
431.9000000000004,context_wall,corner,0.8895115667301908,still,1.0,corner,still,True
431.9250000000004,context_wall,corner,0.8590420347595559,still,1.0,corner,still,True
431.97500000000036,context_wall,corner,0.8673897494648811,still,1.0,corner,still,True
432.0000000000004,context_wall,corner,0.8194126441030052,still,1.0,corner,still,True
432.0250000000004,context_wall,corner,0.8073467607691737,still,1.0,corner,still,True
432.0500000000004,context_wall,corner,0.8566766498784911,still,1.0,corner,still,True
432.0750000000004,context_wall,corner,0.8391245736377515,still,1.0,corner,still,True
432.1250000000004,context_wall,corner,0.8452840297259057,still,1.0,corner,still,True
432.1500000000004,context_wall,corner,0.8877747844071827,still,1.0,corner,still,True
432.1750000000004,context_wall,corner,0.8536225168782988,still,1.0,corner,still,True
432.2000000000004,context_wall,corner,0.9094710998737914,still,1.0,corner,still,True
432.22500000000036,context_wall,corner,0.8708582996316676,still,1.0,corner,still,True
432.2500000000004,context_wall,corner,0.8720676360777989,still,1.0,corner,still,True
432.2750000000004,context_wall,corner,0.8600554318646602,still,1.0,corner,still,True
432.3000000000004,context_wall,corner,0.8994007388118367,still,1.0,corner,still,True
432.3250000000004,context_wall,corner,0.8802314561414094,still,1.0,corner,still,True
432.35000000000036,context_wall,corner,0.8923580633049772,still,1.0,corner,still,True
432.3750000000004,context_wall,corner,0.9006361267662453,still,1.0,corner,still,True
432.4000000000004,context_wall,corner,0.90760124113227,still,1.0,corner,still,True
432.4250000000004,context_wall,corner,0.8908801273285855,still,1.0,corner,still,True
432.4500000000004,context_wall,corner,0.8852845570367367,still,1.0,corner,still,True
432.47500000000036,context_wall,corner,0.8878076212164997,still,1.0,corner,still,True
432.5000000000004,context_wall,corner,0.8220350621401348,still,1.0,corner,still,True
432.5500000000004,context_wall,corner,0.8315921850500462,still,1.0,corner,still,True
432.60000000000036,context_wall,corner,0.8546561219293198,still,1.0,corner,still,True
432.6750000000004,context_wall,corner,0.8133229129798042,still,1.0,corner,still,True
432.7000000000004,context_wall,corner,0.8022100771291975,still,1.0,corner,still,True
432.7500000000004,context_wall,corner,0.8597071997747137,still,1.0,corner,still,True
432.8000000000004,context_wall,corner,0.8624301111802918,still,1.0,corner,still,True
432.8250000000004,context_wall,corner,0.8535726713622108,still,1.0,corner,still,True
432.9000000000004,context_wall,corner,0.8090467651070058,still,1.0,corner,still,True
432.9500000000004,context_wall,corner,0.8523232186830899,still,1.0,corner,still,True
433.0000000000004,context_wall,corner,0.8212489015307389,still,1.0,corner,still,True
433.0250000000004,context_wall,corner,0.8008056821266811,still,1.0,corner,still,True
433.0500000000004,context_wall,corner,0.8451657379894904,still,1.0,corner,still,True
433.10000000000036,context_wall,corner,0.8185114432291158,still,1.0,corner,still,True
433.1250000000004,context_wall,corner,0.8001774073157399,still,1.0,corner,still,True
433.22500000000036,context_wall,corner,0.8254997651037725,still,1.0,corner,still,True
433.2500000000004,context_wall,corner,0.8334240368929338,still,1.0,corner,still,True
433.2750000000004,context_wall,corner,0.8582895647462245,still,1.0,corner,still,True
433.3000000000004,context_wall,corner,0.8738197759535747,still,1.0,corner,still,True
433.3250000000004,context_wall,corner,0.8793783550830012,still,1.0,corner,still,True
433.35000000000036,context_wall,corner,0.8767780829848381,still,1.0,corner,still,True
433.3750000000004,context_wall,corner,0.8384844294229875,still,1.0,corner,still,True
433.4000000000004,context_wall,corner,0.8865518727290943,still,1.0,corner,still,True
433.4250000000004,context_wall,corner,0.8839973817202619,still,1.0,corner,still,True
433.4500000000004,context_wall,corner,0.8577254874935586,still,1.0,corner,still,True
433.5000000000004,context_wall,corner,0.8056012553871063,still,1.0,corner,still,True
433.60000000000036,context_wall,corner,0.8061353203226925,still,1.0,corner,still,True
433.6250000000004,context_wall,corner,0.8194412423430443,still,1.0,corner,still,True
433.6500000000004,context_wall,corner,0.8613537627817115,still,1.0,corner,still,True
433.6750000000004,context_wall,corner,0.9288980023935113,still,1.0,corner,still,True
433.7000000000004,context_wall,corner,0.8974424881989174,still,1.0,corner,still,True
433.72500000000036,context_wall,corner,0.8671256896702879,still,1.0,corner,still,True
433.7500000000004,context_wall,corner,0.8585227255942158,still,1.0,corner,still,True
433.8750000000004,context_wall,corner,0.8363895720927047,still,1.0,corner,still,True
433.9500000000004,context_wall,corner,0.8561251016892235,still,1.0,corner,still,True
433.97500000000036,context_wall,corner,0.8817189882380815,still,1.0,corner,still,True
434.0000000000004,context_wall,corner,0.8549368914616108,still,1.0,corner,still,True
434.0250000000004,context_wall,corner,0.8105952125913811,still,1.0,corner,still,True
434.0500000000004,context_wall,corner,0.8520780532315942,still,1.0,corner,still,True
434.0750000000004,context_wall,corner,0.8283240422762131,still,1.0,corner,still,True
434.1250000000004,context_wall,corner,0.8385515353514955,still,1.0,corner,still,True
434.1500000000004,context_wall,corner,0.831280413273506,still,1.0,corner,still,True
434.2000000000004,context_wall,corner,0.820082645925903,still,1.0,corner,still,True
434.22500000000036,context_wall,corner,0.8495031610953382,still,1.0,corner,still,True
434.2500000000004,context_wall,corner,0.9090514808899296,still,1.0,corner,still,True
434.2750000000004,context_wall,corner,0.8948473126069553,still,1.0,corner,still,True
434.3000000000004,context_wall,corner,0.9294005774030438,still,1.0,corner,still,True
434.3250000000004,context_wall,corner,0.8630187695595477,still,1.0,corner,still,True
434.35000000000036,context_wall,corner,0.8911025682550776,still,1.0,corner,still,True
434.3750000000004,context_wall,corner,0.9391534773086131,still,1.0,corner,still,True
434.4000000000004,context_wall,corner,0.8907062503233805,still,1.0,corner,still,True
434.4250000000004,context_wall,corner,0.878408745586469,still,1.0,corner,still,True
434.5000000000004,context_wall,corner,0.8780852158643029,still,1.0,corner,still,True
434.5250000000004,context_wall,corner,0.8428240143871425,still,1.0,corner,still,True
434.5500000000004,context_wall,corner,0.9114415523711749,still,1.0,corner,still,True
434.5750000000004,context_wall,corner,0.9302566828005234,still,1.0,corner,still,True
434.60000000000036,context_wall,corner,0.9704502617404934,still,1.0,corner,still,True
434.6250000000004,context_wall,corner,0.9005224943185381,still,1.0,corner,still,True
434.6500000000004,context_wall,corner,0.9580746564381419,still,1.0,corner,still,True
434.6750000000004,context_wall,corner,0.908449974882659,still,1.0,corner,still,True
434.7000000000004,context_wall,corner,0.9439673867236833,still,1.0,corner,still,True
434.72500000000036,context_wall,corner,0.9039136766521062,still,1.0,corner,still,True
434.7500000000004,context_wall,corner,0.9344369734909439,still,1.0,corner,still,True
434.7750000000004,context_wall,corner,0.9539006682735074,still,1.0,corner,still,True
434.8000000000004,context_wall,corner,0.9487494389300841,still,1.0,corner,still,True
434.8250000000004,context_wall,corner,0.9012519545457423,still,1.0,corner,still,True
434.85000000000036,context_wall,corner,0.9422327614176601,still,1.0,corner,still,True
434.8750000000004,context_wall,corner,0.937364473698308,still,1.0,corner,still,True
434.9000000000004,context_wall,corner,0.9265611331257715,still,1.0,corner,still,True
434.9250000000004,context_wall,corner,0.848825414997661,still,1.0,corner,still,True
434.9500000000004,context_wall,corner,0.910606352014863,still,1.0,corner,still,True
434.97500000000036,context_wall,corner,0.8817109857066845,still,1.0,corner,still,True
435.0000000000004,context_wall,corner,0.9288885448930542,still,1.0,corner,still,True
435.0250000000004,context_wall,corner,0.8470001712348121,still,1.0,corner,still,True
435.0500000000004,context_wall,corner,0.8771721523434997,still,1.0,corner,still,True
435.0750000000004,context_wall,corner,0.8974201295648127,still,1.0,corner,still,True
435.10000000000036,context_wall,corner,0.8951734913673866,still,1.0,corner,still,True
435.1250000000004,context_wall,corner,0.8351377687643696,still,1.0,corner,still,True
435.1500000000004,context_wall,corner,0.913501940295424,still,1.0,corner,still,True
435.1750000000004,context_wall,corner,0.81860733818123,still,1.0,corner,still,True
435.2000000000004,context_wall,corner,0.8051572996744057,still,1.0,corner,still,True
435.22500000000036,context_wall,corner,0.8678984208537392,still,1.0,corner,still,True
435.2500000000004,context_wall,corner,0.8728862282178751,still,1.0,corner,still,True
435.2750000000004,context_wall,corner,0.8758781705163592,still,1.0,corner,still,True
435.3000000000004,context_wall,corner,0.8699787255455564,still,1.0,corner,still,True
435.3250000000004,context_wall,corner,0.8746001731187186,still,1.0,corner,still,True
435.35000000000036,context_wall,corner,0.8447187616824672,still,1.0,corner,still,True
435.3750000000004,context_wall,corner,0.845966527342866,still,1.0,corner,still,True
435.4000000000004,context_wall,corner,0.9226168098012658,still,1.0,corner,still,True
435.4250000000004,context_wall,corner,0.9206589089637237,still,1.0,corner,still,True
435.4500000000004,context_wall,corner,0.889926276004367,still,1.0,corner,still,True
435.47500000000036,context_wall,corner,0.8275482086649132,still,1.0,corner,still,True
435.5250000000004,context_wall,corner,0.808896616224636,still,1.0,corner,still,True
435.5500000000004,context_wall,corner,0.8300083415344207,still,1.0,corner,still,True
435.60000000000036,context_wall,corner,0.8274106094992608,still,1.0,corner,still,True
435.6250000000004,context_wall,corner,0.8083770505248438,still,1.0,corner,still,True
435.6500000000004,context_wall,corner,0.8371074918417838,still,1.0,corner,still,True
435.7000000000004,context_wall,corner,0.8189516744519314,still,1.0,corner,still,True
435.7500000000004,context_wall,corner,0.8292859492774326,still,1.0,corner,still,True
435.7750000000004,context_wall,corner,0.8073435127134378,still,1.0,corner,still,True
435.8000000000004,context_wall,corner,0.843866828892563,still,1.0,corner,still,True
435.8250000000004,context_wall,corner,0.9029083395432781,still,1.0,corner,still,True
435.85000000000036,context_wall,corner,0.8992132279516031,still,1.0,corner,still,True
435.8750000000004,context_wall,corner,0.8173479301804689,still,1.0,corner,still,True
435.9000000000004,context_wall,corner,0.8798707966844261,still,1.0,corner,still,True
435.9250000000004,context_wall,corner,0.8681683134038048,still,1.0,corner,still,True
435.9500000000004,context_wall,corner,0.8999976971315797,still,1.0,corner,still,True
435.97500000000036,context_wall,corner,0.8812665727584565,still,1.0,corner,still,True
436.0000000000004,context_wall,corner,0.9174491352289118,still,1.0,corner,still,True
436.0250000000004,context_wall,corner,0.8373042784824228,still,1.0,corner,still,True
436.0500000000004,context_wall,corner,0.8940398363456127,still,1.0,corner,still,True
436.0750000000004,context_wall,corner,0.9111716059448812,still,1.0,corner,still,True
436.10000000000036,context_wall,corner,0.932001193140462,still,1.0,corner,still,True
436.1250000000004,context_wall,corner,0.8473417307679085,still,1.0,corner,still,True
436.1500000000004,context_wall,corner,0.8309277783058421,still,1.0,corner,still,True
436.1750000000004,context_wall,corner,0.8220754339487891,still,1.0,corner,still,True
436.2000000000004,context_wall,corner,0.8474460579672005,still,1.0,corner,still,True
436.22500000000036,context_wall,corner,0.8487763573493848,still,1.0,corner,still,True
436.2500000000004,context_wall,corner,0.8889292459127551,still,1.0,corner,still,True
436.2750000000004,context_wall,corner,0.9288280887781571,still,1.0,corner,still,True
436.3000000000004,context_wall,corner,0.9659532043223291,still,1.0,corner,still,True
436.3250000000004,context_wall,corner,0.9456587125644655,still,1.0,corner,still,True
436.35000000000036,context_wall,corner,0.9376687296267344,still,1.0,corner,still,True
436.3750000000004,context_wall,corner,0.9471499017719183,still,1.0,corner,still,True
436.4000000000004,context_wall,corner,0.8944429403001359,still,1.0,corner,still,True
436.4250000000004,context_wall,corner,0.9213262122806215,still,1.0,corner,still,True
436.4500000000004,context_wall,corner,0.8944546588811959,still,1.0,corner,still,True
436.47500000000036,context_wall,corner,0.8750583954241395,still,1.0,corner,still,True
436.5000000000004,context_wall,corner,0.8555214175204626,still,1.0,corner,still,True
436.5250000000004,context_wall,corner,0.8895894811849128,still,1.0,corner,still,True
436.5500000000004,context_wall,corner,0.9193711237242297,still,1.0,corner,still,True
436.5750000000004,context_wall,corner,0.8918586620309793,still,1.0,corner,still,True
436.60000000000036,context_wall,corner,0.9120357690097967,still,1.0,corner,still,True
436.6250000000004,context_wall,corner,0.8587109575923623,still,1.0,corner,still,True
436.6500000000004,context_wall,corner,0.8877394518630248,still,1.0,corner,still,True
436.6750000000004,context_wall,corner,0.8523867397980337,still,1.0,corner,still,True
436.7000000000004,context_wall,corner,0.823489154533811,still,1.0,corner,still,True
436.72500000000036,context_wall,corner,0.8304426591838302,still,1.0,corner,still,True
436.7500000000004,context_wall,corner,0.9049789705721749,still,1.0,corner,still,True
436.7750000000004,context_wall,corner,0.8655454379790171,still,1.0,corner,still,True
436.8000000000004,context_wall,corner,0.916521884903752,still,1.0,corner,still,True
436.8250000000004,context_wall,corner,0.8914917285224206,still,1.0,corner,still,True
436.85000000000036,context_wall,corner,0.8500477970687248,still,1.0,corner,still,True
436.8750000000004,context_wall,corner,0.8401603728390977,still,1.0,corner,still,True
436.9000000000004,context_wall,corner,0.8602463717985667,still,1.0,corner,still,True
436.9250000000004,context_wall,corner,0.8898848748714316,still,1.0,corner,still,True
436.9500000000004,context_wall,corner,0.90124630732767,still,1.0,corner,still,True
436.97500000000036,context_wall,corner,0.9021372187967917,still,1.0,corner,still,True
437.0000000000004,context_wall,corner,0.8934575435925729,still,1.0,corner,still,True
437.0250000000004,context_wall,corner,0.8978994268173696,still,1.0,corner,still,True
437.0500000000004,context_wall,corner,0.8118619339696203,still,1.0,corner,still,True
437.2500000000004,context_wall,corner,0.812912917676664,still,1.0,corner,still,True
437.35000000000036,context_wall,corner,0.8386345195275782,still,1.0,corner,still,True
437.60000000000036,context_wall,corner,0.8249579735717567,still,1.0,corner,still,True
437.6250000000004,context_wall,corner,0.8288257506731407,still,1.0,corner,still,True
437.6500000000004,context_wall,corner,0.8533763352870111,still,1.0,corner,still,True
437.6750000000004,context_wall,corner,0.8874043700469316,still,1.0,corner,still,True
437.7000000000004,context_wall,corner,0.8382962992391735,still,1.0,corner,still,True
437.72500000000036,context_wall,corner,0.8703222603484752,still,1.0,corner,still,True
437.7500000000004,context_wall,corner,0.8120277627915997,still,1.0,corner,still,True
437.7750000000004,context_wall,corner,0.8499407209092987,still,1.0,corner,still,True
437.8000000000004,context_wall,corner,0.858529503703116,still,1.0,corner,still,True
437.8250000000004,context_wall,corner,0.836890028182472,still,1.0,corner,still,True
437.85000000000036,context_wall,corner,0.8367375578034296,still,1.0,corner,still,True
437.8750000000004,context_wall,corner,0.8338035079847611,still,1.0,corner,still,True
437.9000000000004,context_wall,corner,0.8065173783429791,still,1.0,corner,still,True
437.9250000000004,context_wall,corner,0.870708722737906,still,1.0,corner,still,True
437.9500000000004,context_wall,corner,0.8791059882932305,still,1.0,corner,still,True
437.97500000000036,context_wall,corner,0.8350924534290816,still,1.0,corner,still,True
438.0000000000004,context_wall,corner,0.854509722102552,still,1.0,corner,still,True
438.0250000000004,context_wall,corner,0.8456829270950109,still,1.0,corner,still,True
438.0500000000004,context_wall,corner,0.879289387212127,still,1.0,corner,still,True
438.0750000000004,context_wall,corner,0.8452985466496592,still,1.0,corner,still,True
438.10000000000036,context_wall,corner,0.8761459794845398,still,1.0,corner,still,True
438.1250000000004,context_wall,corner,0.8952211204176923,still,1.0,corner,still,True
438.1500000000004,context_wall,corner,0.8778577636387559,still,1.0,corner,still,True
438.2000000000004,context_wall,corner,0.8246541326143153,still,1.0,corner,still,True
438.22500000000036,context_wall,corner,0.8052788212243298,still,1.0,corner,still,True
438.2500000000004,context_wall,corner,0.8306472841849923,still,1.0,corner,still,True
438.2750000000004,context_wall,corner,0.8342579110555098,still,1.0,corner,still,True
438.3000000000004,context_wall,corner,0.8139180839667638,still,1.0,corner,still,True
438.35000000000036,context_wall,corner,0.8551439882984911,still,1.0,corner,still,True
438.3750000000004,context_wall,corner,0.8061342401728899,still,1.0,corner,still,True
438.4000000000004,context_wall,corner,0.8396726765814772,still,1.0,corner,still,True
438.4250000000004,context_wall,corner,0.8215231330395558,still,1.0,corner,still,True
438.4500000000004,context_wall,corner,0.8413913035181172,still,1.0,corner,still,True
438.47500000000036,context_wall,corner,0.8535323884746867,still,1.0,corner,still,True
438.5000000000004,context_wall,corner,0.8709183542193862,still,1.0,corner,still,True
438.5250000000004,context_wall,corner,0.8094103576925492,still,1.0,corner,still,True
438.5500000000004,context_wall,corner,0.857385741845762,still,1.0,corner,still,True
438.5750000000004,context_wall,corner,0.8852430639994376,still,1.0,corner,still,True
438.60000000000036,context_wall,corner,0.9282958125949123,still,1.0,corner,still,True
438.6250000000004,context_wall,corner,0.8879496293429296,still,1.0,corner,still,True
438.6500000000004,context_wall,corner,0.9075646787153743,still,1.0,corner,still,True
438.6750000000004,context_wall,corner,0.914127588757477,still,1.0,corner,still,True
438.7000000000004,context_wall,corner,0.9031787896854618,still,1.0,corner,still,True
438.72500000000036,context_wall,corner,0.8748903417361005,still,1.0,corner,still,True
438.7500000000004,context_wall,corner,0.8392311199337962,still,1.0,corner,still,True
438.8000000000004,context_wall,corner,0.8050757450976233,still,1.0,corner,still,True
438.9000000000004,context_wall,corner,0.8040900875925644,still,1.0,corner,still,True
438.9500000000004,context_wall,corner,0.8318978935097116,still,1.0,corner,still,True
438.97500000000036,context_wall,corner,0.8664053840235958,still,1.0,corner,still,True
439.0250000000004,context_wall,corner,0.855890406779147,still,1.0,corner,still,True
439.1250000000004,context_wall,corner,0.8132277355682056,still,1.0,corner,still,True
439.1500000000004,context_wall,corner,0.8698774172449731,still,1.0,corner,still,True
439.2000000000004,context_wall,corner,0.8042086413210058,still,1.0,corner,still,True
439.2500000000004,context_wall,corner,0.8448292973202699,still,1.0,corner,still,True
439.2750000000004,context_wall,corner,0.9141056545708599,still,1.0,corner,still,True
439.3000000000004,context_wall,corner,0.9239334269685939,still,1.0,corner,still,True
439.3250000000004,context_wall,corner,0.8916528137884643,still,1.0,corner,still,True
439.35000000000036,context_wall,corner,0.9323668357087784,still,1.0,corner,still,True
439.3750000000004,context_wall,corner,0.8796531402753773,still,1.0,corner,still,True
439.4000000000004,context_wall,corner,0.8706570018599189,still,1.0,corner,still,True
439.4250000000004,context_wall,corner,0.8434039508255579,still,1.0,corner,still,True
439.4500000000004,context_wall,corner,0.832528893358527,still,1.0,corner,still,True
439.47500000000036,context_wall,corner,0.814471875896983,still,1.0,corner,still,True
439.5000000000004,context_wall,corner,0.8423366262937225,still,1.0,corner,still,True
439.5250000000004,context_wall,corner,0.8573812079457893,still,1.0,corner,still,True
439.5500000000004,context_wall,corner,0.8612681233292685,still,1.0,corner,still,True
439.5750000000004,context_wall,corner,0.8293197696439357,still,1.0,corner,still,True
439.60000000000036,context_wall,corner,0.8361609109819653,still,1.0,corner,still,True
439.6250000000004,context_wall,corner,0.871650061337219,still,1.0,corner,still,True
439.6500000000004,context_wall,corner,0.8437013128802116,still,1.0,corner,still,True
439.6750000000004,context_wall,corner,0.8243044598672924,still,1.0,corner,still,True
439.7000000000004,context_wall,corner,0.8502636120272271,still,1.0,corner,still,True
439.7500000000004,context_wall,corner,0.84343886865951,still,1.0,corner,still,True
439.8000000000004,context_wall,corner,0.8222485065169387,still,1.0,corner,still,True
439.85000000000036,context_wall,corner,0.8403440938291127,still,1.0,corner,still,True
440.0000000000004,context_wall,corner,0.8538718825040599,still,1.0,corner,still,True
440.0250000000004,context_wall,corner,0.8773851019023362,still,1.0,corner,still,True
440.0500000000004,context_wall,corner,0.8783860256577316,still,1.0,corner,still,True
440.0750000000004,context_wall,corner,0.8610819479548016,still,1.0,corner,still,True
440.10000000000036,context_wall,corner,0.876066734970819,still,1.0,corner,still,True
440.1250000000004,context_wall,corner,0.8600228389342844,still,1.0,corner,still,True
440.1500000000004,context_wall,corner,0.9014322031633263,still,1.0,corner,still,True
440.1750000000004,context_wall,corner,0.8718244773792047,still,1.0,corner,still,True
440.2000000000004,context_wall,corner,0.8594552609716741,still,1.0,corner,still,True
440.2500000000004,context_wall,corner,0.8866325122920997,still,1.0,corner,still,True
440.2750000000004,context_wall,corner,0.8575538489574366,still,1.0,corner,still,True
440.3250000000004,context_wall,corner,0.8111274266616608,still,1.0,corner,still,True
440.5500000000004,context_wall,corner,0.829262043563782,still,1.0,corner,still,True
440.5750000000004,context_wall,corner,0.8489400034404323,still,1.0,corner,still,True
440.60000000000036,context_wall,corner,0.8700552456036205,still,1.0,corner,still,True
440.6250000000004,context_wall,corner,0.9004908463353601,still,1.0,corner,still,True
440.6500000000004,context_wall,corner,0.8771213779498375,still,1.0,corner,still,True
440.6750000000004,context_wall,corner,0.8764658286270813,still,1.0,corner,still,True
440.7000000000004,context_wall,corner,0.9158008785300317,still,1.0,corner,still,True
440.72500000000036,context_wall,corner,0.8594197836392442,still,1.0,corner,still,True
440.7500000000004,context_wall,corner,0.9085620838603714,still,1.0,corner,still,True
440.7750000000004,context_wall,corner,0.8485560060699181,still,1.0,corner,still,True
440.8000000000004,context_wall,corner,0.9109981125171536,still,1.0,corner,still,True
440.8250000000004,context_wall,corner,0.9083832824382563,still,1.0,corner,still,True
440.85000000000036,context_wall,corner,0.8469555656778176,still,1.0,corner,still,True
440.8750000000004,context_wall,corner,0.836958913616062,still,1.0,corner,still,True
440.9000000000004,context_wall,corner,0.8762365642206552,still,1.0,corner,still,True
440.9500000000004,context_wall,corner,0.8970344888482618,still,1.0,corner,still,True
440.97500000000036,context_wall,corner,0.869226606288592,still,1.0,corner,still,True
441.0000000000004,context_wall,corner,0.855371130864239,still,1.0,corner,still,True
441.0250000000004,context_wall,corner,0.8770349245442773,still,1.0,corner,still,True
441.0500000000004,context_wall,corner,0.8837015739333545,still,1.0,corner,still,True
441.0750000000004,context_wall,corner,0.8610168420674722,still,1.0,corner,still,True
441.10000000000036,context_wall,corner,0.8471988381625571,still,1.0,corner,still,True
441.1250000000004,context_wall,corner,0.8476340805863799,still,1.0,corner,still,True
441.1500000000004,context_wall,corner,0.8866727706541426,still,1.0,corner,still,True
441.1750000000004,context_wall,corner,0.9063021463460145,still,1.0,corner,still,True
441.2000000000004,context_wall,corner,0.8747173790946781,still,1.0,corner,still,True
441.22500000000036,context_wall,corner,0.9013755598115434,still,1.0,corner,still,True
441.2500000000004,context_wall,corner,0.905792693994671,still,1.0,corner,still,True
441.2750000000004,context_wall,corner,0.8715221651973684,still,1.0,corner,still,True
441.3000000000004,context_wall,corner,0.8626387025243986,still,1.0,corner,still,True
441.3250000000004,context_wall,corner,0.854255277452194,still,1.0,corner,still,True
441.35000000000036,context_wall,corner,0.9032433296755713,still,1.0,corner,still,True
441.3750000000004,context_wall,corner,0.8733598159128249,still,1.0,corner,still,True
441.4000000000004,context_wall,corner,0.9017937507069637,still,1.0,corner,still,True
441.4250000000004,context_wall,corner,0.8014762172241151,still,1.0,corner,still,True
441.4500000000004,context_wall,corner,0.8623889622179433,still,1.0,corner,still,True
441.47500000000036,context_wall,corner,0.8722462369263977,still,1.0,corner,still,True
441.5000000000004,context_wall,corner,0.8803771744810822,still,1.0,corner,still,True
441.5500000000004,context_wall,corner,0.9089935575414573,still,1.0,corner,still,True
441.5750000000004,context_wall,corner,0.8708601513893051,still,1.0,corner,still,True
441.6250000000004,context_wall,corner,0.8645556594418686,still,1.0,corner,still,True
441.6500000000004,context_wall,corner,0.846490633041341,still,1.0,corner,still,True
441.6750000000004,context_wall,corner,0.8179668608268921,still,1.0,corner,still,True
441.7000000000004,context_wall,corner,0.8195203779189876,still,1.0,corner,still,True
441.72500000000036,context_wall,corner,0.8312047256061023,still,1.0,corner,still,True
441.7500000000004,context_wall,corner,0.8704431563500036,still,1.0,corner,still,True
441.7750000000004,context_wall,corner,0.8825588422117725,still,1.0,corner,still,True
441.8000000000004,context_wall,corner,0.885100917295693,still,1.0,corner,still,True
441.8250000000004,context_wall,corner,0.9114486701078311,still,1.0,corner,still,True
441.85000000000036,context_wall,corner,0.9158839364693298,still,1.0,corner,still,True
441.8750000000004,context_wall,corner,0.8608045726020823,still,1.0,corner,still,True
441.9000000000004,context_wall,corner,0.8514563689078313,still,1.0,corner,still,True
441.9250000000004,context_wall,corner,0.824380820674629,still,1.0,corner,still,True
441.9500000000004,context_wall,corner,0.8000807746195817,still,1.0,corner,still,True
442.0000000000004,context_wall,corner,0.8116235034814785,still,1.0,corner,still,True
442.0250000000004,context_wall,corner,0.9059939966431447,still,1.0,corner,still,True
442.0500000000004,context_wall,corner,0.8889705950177518,still,1.0,corner,still,True
442.0750000000004,context_wall,corner,0.9318281907809042,still,1.0,corner,still,True
442.1000000000004,context_wall,corner,0.871961990930934,still,1.0,corner,still,True
442.1250000000004,context_wall,corner,0.8458976275587693,still,1.0,corner,still,True
442.1500000000004,context_wall,corner,0.8314325877411126,still,1.0,corner,still,True
442.1750000000004,context_wall,corner,0.8081857332837707,still,1.0,corner,still,True
442.2000000000004,context_wall,corner,0.8495625588946809,still,1.0,corner,still,True
442.2250000000004,context_wall,corner,0.842743904826568,still,1.0,corner,still,True
442.2500000000004,context_wall,corner,0.8566219992292408,still,1.0,corner,still,True
442.2750000000004,context_wall,corner,0.8578960046049646,still,1.0,corner,still,True
442.3000000000004,context_wall,corner,0.8109931852594795,still,1.0,corner,still,True
442.3750000000004,context_wall,corner,0.8048694197929162,still,1.0,corner,still,True
442.4000000000004,context_wall,corner,0.8531860683532324,still,1.0,corner,still,True
442.4250000000004,context_wall,corner,0.8155401981265082,still,1.0,corner,still,True
442.4500000000004,context_wall,corner,0.8170089862289299,still,1.0,corner,still,True
442.4750000000004,context_wall,corner,0.8229540235758447,still,1.0,corner,still,True
442.5000000000004,context_wall,corner,0.8535196641165599,still,1.0,corner,still,True
442.5250000000004,context_wall,corner,0.8212704978889085,still,1.0,corner,still,True
442.5500000000004,context_wall,corner,0.824035048594745,still,1.0,corner,still,True
442.5750000000004,context_wall,corner,0.8051313455787618,still,1.0,corner,still,True
442.6000000000004,context_wall,corner,0.8392319339505608,still,1.0,corner,still,True
442.6250000000004,context_wall,corner,0.8516723125081633,still,1.0,corner,still,True
442.6500000000004,context_wall,corner,0.8393128407656922,still,1.0,corner,still,True
442.6750000000004,context_wall,corner,0.8743303884346215,still,1.0,corner,still,True
442.7000000000004,context_wall,corner,0.8806344352192658,still,1.0,corner,still,True
442.7250000000004,context_wall,corner,0.8529502056555915,still,1.0,corner,still,True
442.7500000000004,context_wall,corner,0.8758104492338761,still,1.0,corner,still,True
442.8000000000004,context_wall,corner,0.8850444650277827,still,1.0,corner,still,True
442.8250000000004,context_wall,corner,0.8331178386473966,still,1.0,corner,still,True
442.8500000000004,context_wall,corner,0.883473996496859,still,1.0,corner,still,True
442.8750000000004,context_wall,corner,0.8855679465361079,still,1.0,corner,still,True
442.9000000000004,context_wall,corner,0.8047102617389279,still,1.0,corner,still,True
442.9250000000004,context_wall,corner,0.8087683505682415,still,1.0,corner,still,True
442.9500000000004,context_wall,corner,0.8502057111014365,still,1.0,corner,still,True
442.9750000000004,context_wall,corner,0.8381266450863134,still,1.0,corner,still,True
443.0000000000004,context_wall,corner,0.8723442930270657,still,1.0,corner,still,True
443.1500000000004,context_wall,corner,0.8598531627768614,still,1.0,corner,still,True
443.1750000000004,context_wall,corner,0.8608236764191627,still,1.0,corner,still,True
443.2000000000004,context_wall,corner,0.859887886167582,still,1.0,corner,still,True
443.2250000000004,context_wall,corner,0.8702374980436416,still,1.0,corner,still,True
443.2500000000004,context_wall,corner,0.9097574806157502,still,1.0,corner,still,True
443.2750000000004,context_wall,corner,0.8598462422983816,still,1.0,corner,still,True
443.3000000000004,context_wall,corner,0.8593691762769202,still,1.0,corner,still,True
443.3250000000004,context_wall,corner,0.8626309214562614,still,1.0,corner,still,True
443.3500000000004,context_wall,corner,0.8468043424939369,still,1.0,corner,still,True
443.3750000000004,context_wall,corner,0.8466609573468896,still,1.0,corner,still,True
443.4000000000004,context_wall,corner,0.8149136512707861,still,1.0,corner,still,True
444.1750000000004,context_wall,corner,0.8155017740922679,still,1.0,corner,still,True
444.4750000000004,context_wall,corner,0.8011245683898851,still,1.0,corner,still,True
444.5500000000004,context_wall,corner,0.8123187585309953,still,1.0,corner,still,True
444.5750000000004,context_wall,corner,0.803339085371391,still,1.0,corner,still,True
444.6000000000004,context_wall,corner,0.8801613863138148,still,1.0,corner,still,True
444.6250000000004,context_wall,corner,0.875542081703107,still,1.0,corner,still,True
444.6500000000004,context_wall,corner,0.8634311123785726,still,1.0,corner,still,True
444.6750000000004,context_wall,corner,0.8152065700122805,still,1.0,corner,still,True
444.7000000000004,context_wall,corner,0.8544980639904118,still,1.0,corner,still,True
444.7250000000004,context_wall,corner,0.8198183567961638,still,1.0,corner,still,True
444.7500000000004,context_wall,corner,0.8599345641862627,still,1.0,corner,still,True
444.7750000000004,context_wall,corner,0.8547989603087224,still,1.0,corner,still,True
444.8750000000004,context_wall,corner,0.8120261139389042,still,1.0,corner,still,True
445.4000000000004,context_wall,corner,0.8033324964799462,still,1.0,corner,still,True
445.4250000000004,context_wall,corner,0.8074360403492995,still,1.0,corner,still,True
538.7500000000005,context_wall,corner,0.8064491388297564,still,1.0,corner,still,True
538.8000000000005,context_wall,corner,0.801971472558241,still,1.0,corner,still,True
538.8250000000005,context_wall,corner,0.8828581781880827,still,1.0,corner,still,True
538.9500000000005,context_wall,corner,0.8332260065123193,still,1.0,corner,still,True
538.9750000000005,context_wall,corner,0.8371683566510338,still,1.0,corner,still,True
540.1250000000005,context_wall,corner,0.8230526020655915,still,1.0,corner,still,True
540.5500000000005,context_wall,corner,0.8112131486312647,still,1.0,corner,still,True
540.6000000000005,context_wall,corner,0.8091473221684353,still,1.0,corner,still,True
540.6250000000005,context_wall,corner,0.8112352950952644,still,1.0,corner,still,True
540.6500000000004,context_wall,corner,0.8537293038271468,still,1.0,corner,still,True
540.6750000000005,context_wall,corner,0.8697180942776751,still,1.0,corner,still,True
540.7000000000005,context_wall,corner,0.8590093832991079,still,1.0,corner,still,True
540.7500000000005,context_wall,corner,0.8299628550167661,still,1.0,corner,still,True
540.8250000000005,context_wall,corner,0.8614607357232471,still,1.0,corner,still,True
540.8500000000005,context_wall,corner,0.8319421708836835,still,1.0,corner,still,True
540.8750000000005,context_wall,corner,0.8390073274499705,still,1.0,corner,still,True
540.9000000000004,context_wall,corner,0.8211836853874196,still,1.0,corner,still,True
540.9250000000005,context_wall,corner,0.8210898165453245,still,1.0,corner,still,True
540.9500000000005,context_wall,corner,0.8369950594609326,still,1.0,corner,still,True
540.9750000000005,context_wall,corner,0.8202187700602924,still,1.0,corner,still,True
541.0000000000005,context_wall,corner,0.8515090623220684,still,1.0,corner,still,True
541.0250000000004,context_wall,corner,0.8203988271792159,still,1.0,corner,still,True
541.1250000000005,context_wall,corner,0.8258005504981091,still,1.0,corner,still,True
541.1500000000004,context_wall,corner,0.9265513918053913,still,1.0,corner,still,True
541.1750000000005,context_wall,corner,0.9153830909297688,still,1.0,corner,still,True
541.2000000000005,context_wall,corner,0.9344295546635288,still,1.0,corner,still,True
541.2250000000005,context_wall,corner,0.8452176182553067,still,1.0,corner,still,True
541.2500000000005,context_wall,corner,0.8763423147616654,still,1.0,corner,still,True
541.2750000000004,context_wall,corner,0.8596098189746577,still,1.0,corner,still,True
541.3000000000005,context_wall,corner,0.890280384455225,still,1.0,corner,still,True
541.3250000000005,context_wall,corner,0.8683449876209955,still,1.0,corner,still,True
541.6000000000005,context_wall,corner,0.802019275723891,still,1.0,corner,still,True
542.0250000000004,context_wall,corner,0.8059824654655671,still,1.0,corner,still,True
542.0500000000005,context_wall,corner,0.8252817646070528,still,1.0,corner,still,True
542.0750000000005,context_wall,corner,0.8126959291580874,still,1.0,corner,still,True
542.1000000000005,context_wall,corner,0.861050010821183,still,1.0,corner,still,True
542.1500000000004,context_wall,corner,0.8177474082220131,still,1.0,corner,still,True
542.1750000000005,context_wall,corner,0.8071561719601134,still,1.0,corner,still,True
542.2000000000005,context_wall,corner,0.8546762475613184,still,1.0,corner,still,True
542.2250000000005,context_wall,corner,0.8560370605715208,still,1.0,corner,still,True
542.2500000000005,context_wall,corner,0.8490641656778132,still,1.0,corner,still,True
542.2750000000004,context_wall,corner,0.8118062511586689,still,1.0,corner,still,True
542.3000000000005,context_wall,corner,0.8047409195592453,still,1.0,corner,still,True
543.0250000000004,context_wall,corner,0.815130130250302,still,1.0,corner,still,True
543.0500000000005,context_wall,corner,0.863581501190897,still,1.0,corner,still,True
543.3000000000005,context_wall,corner,0.8042911955952495,still,1.0,corner,still,True
543.3250000000005,context_wall,corner,0.8073815433351872,still,1.0,corner,still,True
543.3500000000005,context_wall,corner,0.8182212379826087,still,1.0,corner,still,True
543.3750000000005,context_wall,corner,0.8290570456612903,still,1.0,corner,still,True
543.4000000000004,context_wall,corner,0.8486535078275057,still,1.0,corner,still,True
543.9250000000005,context_wall,corner,0.8017683342711073,still,1.0,corner,still,True
544.3000000000005,context_wall,corner,0.8424382798853911,still,1.0,corner,still,True
544.3250000000005,context_wall,corner,0.8252805277208334,still,1.0,corner,still,True
544.3500000000005,context_wall,corner,0.8614798271257627,still,1.0,corner,still,True
544.3750000000005,context_wall,corner,0.8135036987796699,still,1.0,corner,still,True
544.4000000000004,context_wall,corner,0.8129130399590511,still,1.0,corner,still,True
544.5750000000005,context_wall,corner,0.80267601598562,still,1.0,corner,still,True
547.6500000000004,context_wall,corner,0.8414785772002027,still,1.0,corner,still,True
547.6750000000005,context_wall,corner,0.8389584721973944,still,1.0,corner,still,True
547.7000000000005,context_wall,corner,0.8111040299061223,still,1.0,corner,still,True
547.7250000000005,context_wall,corner,0.8504061332160462,still,1.0,corner,still,True
547.7500000000005,context_wall,corner,0.8625582281292888,still,1.0,corner,still,True
547.7750000000004,context_wall,corner,0.8537527329376734,still,1.0,corner,still,True
547.8000000000005,context_wall,corner,0.8240968441080808,still,1.0,corner,still,True
547.8250000000005,context_wall,corner,0.8037719246180413,still,1.0,corner,still,True
547.9000000000004,context_wall,corner,0.8056273291045554,still,1.0,corner,still,True
557.3000000000005,context_wall,corner,0.8024464737166558,still,1.0,wall,still,True
557.8500000000005,context_wall,corner,0.8143840779324181,still,1.0,wall,still,True
557.8750000000005,context_wall,corner,0.8250658891500631,still,1.0,wall,still,True
557.9000000000005,context_wall,corner,0.8434278118822863,still,1.0,wall,still,True
557.9250000000005,context_wall,corner,0.8142415496161582,still,1.0,wall,still,True
557.9500000000005,context_wall,corner,0.8245879073952206,still,1.0,wall,still,True
557.9750000000005,context_wall,corner,0.859889266570366,still,1.0,wall,still,True
558.0000000000005,context_wall,corner,0.8703180989890208,still,1.0,wall,still,True
558.0250000000005,context_wall,corner,0.8198019134580676,still,1.0,wall,still,True
558.0500000000005,context_wall,corner,0.8548480560770235,still,1.0,wall,still,True
558.0750000000005,context_wall,corner,0.8223967897919836,still,1.0,wall,still,True
558.1000000000005,context_wall,corner,0.8531166391821179,still,1.0,wall,still,True
558.1750000000005,context_wall,corner,0.8037497241173374,still,1.0,wall,still,True
558.2000000000005,context_wall,corner,0.8235421227553905,still,1.0,wall,still,True
