unit_id,cell_type,region,layer,channel,depth_um,place_x_cm,place_y_cm,hd_pref_rad,rate_model,ratinabox_class,subfield,cell_class,deep_superficial_coordinate,deep_superficial_group,proximodistal_coordinate,dorsoventral_coordinate,baseline_rate_hz,burst_index,waveform_width_ms,theta_modulation_strength,ripple_participation_probability,spatial_tuning_strength,head_direction_tuning_strength,speed_tuning_strength,boundary_tuning_strength,proximodistal_group,dorsoventral_group,projection_target,metadata_schema_version
0,CA1_pyr,CA1,pyramidal,15,280.0,2.1909600470982262,6.310514506250453,0.0,ratinabox_PlaceCells,PlaceCells,CA1,excitatory,0.5,intermediate,,,,,,,,,,,,unknown,unknown,unknown,phase1
1,CA1_pyr,CA1,pyramidal,16,300.0,17.01431170437433,5.292958804375835,0.0,ratinabox_PlaceCells,PlaceCells,CA1,excitatory,0.5,intermediate,,,,,,,,,,,,unknown,unknown,unknown,phase1
2,CA1_pyr,CA1,pyramidal,23,440.0,30.73123398058668,7.471346991747152,0.0,ratinabox_PlaceCells,PlaceCells,CA1,excitatory,0.5,intermediate,,,,,,,,,,,,unknown,unknown,unknown,phase1
3,CA1_pyr,CA1,pyramidal,29,560.0,43.56025583052751,8.662399492056098,0.0,ratinabox_PlaceCells,PlaceCells,CA1,excitatory,0.5,intermediate,,,,,,,,,,,,unknown,unknown,unknown,phase1
4,CA1_pyr,CA1,pyramidal,2,20.0,60.56198141017646,4.127702608327299,0.0,ratinabox_PlaceCells,PlaceCells,CA1,excitatory,0.5,intermediate,,,,,,,,,,,,unknown,unknown,unknown,phase1
5,CA1_pyr,CA1,pyramidal,5,80.0,66.17564436138917,2.089674496431269,0.0,ratinabox_PlaceCells,PlaceCells,CA1,excitatory,0.5,intermediate,,,,,,,,,,,,unknown,unknown,unknown,phase1
6,CA1_pyr,CA1,pyramidal,25,480.0,79.76543903542053,0.7142484535171655,0.0,ratinabox_PlaceCells,PlaceCells,CA1,excitatory,0.5,intermediate,,,,,,,,,,,,unknown,unknown,unknown,phase1
7,CA1_pyr,CA1,pyramidal,29,560.0,97.00911468666617,4.083321722543228,0.0,ratinabox_PlaceCells,PlaceCells,CA1,excitatory,0.5,intermediate,,,,,,,,,,,,unknown,unknown,unknown,phase1
8,CA1_pyr,CA1,pyramidal,8,140.0,4.891814376820748,14.325398327265049,0.0,ratinabox_PlaceCells,PlaceCells,CA1,excitatory,0.5,intermediate,,,,,,,,,,,,unknown,unknown,unknown,phase1
9,CA1_pyr,CA1,pyramidal,10,180.0,19.247351876245,20.943168916232285,0.0,ratinabox_PlaceCells,PlaceCells,CA1,excitatory,0.5,intermediate,,,,,,,,,,,,unknown,unknown,unknown,phase1
10,CA1_pyr,CA1,pyramidal,27,520.0,34.81094092632367,16.001951884139736,0.0,ratinabox_PlaceCells,PlaceCells,CA1,excitatory,0.5,intermediate,,,,,,,,,,,,unknown,unknown,unknown,phase1
11,CA1_pyr,CA1,pyramidal,13,240.0,39.933655534705295,22.623361518557186,0.0,ratinabox_PlaceCells,PlaceCells,CA1,excitatory,0.5,intermediate,,,,,,,,,,,,unknown,unknown,unknown,phase1
12,CA1_pyr,CA1,pyramidal,9,160.0,56.802080924005416,15.67940375945001,0.0,ratinabox_PlaceCells,PlaceCells,CA1,excitatory,0.5,intermediate,,,,,,,,,,,,unknown,unknown,unknown,phase1
13,CA1_pyr,CA1,pyramidal,25,480.0,70.20261673766429,18.5783496464963,0.0,ratinabox_PlaceCells,PlaceCells,CA1,excitatory,0.5,intermediate,,,,,,,,,,,,unknown,unknown,unknown,phase1
14,CA1_pyr,CA1,pyramidal,8,140.0,79.78601078756428,22.169005950102157,0.0,ratinabox_PlaceCells,PlaceCells,CA1,excitatory,0.5,intermediate,,,,,,,,,,,,unknown,unknown,unknown,phase1
15,CA1_pyr,CA1,pyramidal,13,240.0,95.77106896625013,19.466178823805286,0.0,ratinabox_PlaceCells,PlaceCells,CA1,excitatory,0.5,intermediate,,,,,,,,,,,,unknown,unknown,unknown,phase1
16,CA1_pyr,CA1,pyramidal,20,380.0,7.151736951620033,30.4607408910905,0.0,ratinabox_PlaceCells,PlaceCells,CA1,excitatory,0.5,intermediate,,,,,,,,,,,,unknown,unknown,unknown,phase1
17,CA1_pyr,CA1,pyramidal,17,320.0,20.72741327009405,34.454228984044974,0.0,ratinabox_PlaceCells,PlaceCells,CA1,excitatory,0.5,intermediate,,,,,,,,,,,,unknown,unknown,unknown,phase1
18,CA1_pyr,CA1,pyramidal,3,40.0,35.28288853324045,26.54019287724073,0.0,ratinabox_PlaceCells,PlaceCells,CA1,excitatory,0.5,intermediate,,,,,,,,,,,,unknown,unknown,unknown,phase1
19,CA1_pyr,CA1,pyramidal,1,0.0,48.197588449070864,27.68644044346509,0.0,ratinabox_PlaceCells,PlaceCells,CA1,excitatory,0.5,intermediate,,,,,,,,,,,,unknown,unknown,unknown,phase1
20,CA1_pyr,CA1,pyramidal,26,500.0,51.82078908986132,31.13210832476726,0.0,ratinabox_PlaceCells,PlaceCells,CA1,excitatory,0.5,intermediate,,,,,,,,,,,,unknown,unknown,unknown,phase1
21,CA1_pyr,CA1,pyramidal,23,440.0,67.98263704804577,32.64091892211155,0.0,ratinabox_PlaceCells,PlaceCells,CA1,excitatory,0.5,intermediate,,,,,,,,,,,,unknown,unknown,unknown,phase1
22,CA1_pyr,CA1,pyramidal,26,500.0,78.57987452865919,35.37194315737029,0.0,ratinabox_PlaceCells,PlaceCells,CA1,excitatory,0.5,intermediate,,,,,,,,,,,,unknown,unknown,unknown,phase1
23,CA1_pyr,CA1,pyramidal,17,320.0,90.61073276481967,31.179689210750706,0.0,ratinabox_PlaceCells,PlaceCells,CA1,excitatory,0.5,intermediate,,,,,,,,,,,,unknown,unknown,unknown,phase1
24,CA1_pyr,CA1,pyramidal,25,480.0,4.775022265117701,47.548004601969055,0.0,ratinabox_PlaceCells,PlaceCells,CA1,excitatory,0.5,intermediate,,,,,,,,,,,,unknown,unknown,unknown,phase1
25,CA1_pyr,CA1,pyramidal,10,180.0,21.891508014402422,41.19810637828273,0.0,ratinabox_PlaceCells,PlaceCells,CA1,excitatory,0.5,intermediate,,,,,,,,,,,,unknown,unknown,unknown,phase1
26,CA1_pyr,CA1,pyramidal,14,260.0,32.42063996504325,43.618357242200325,0.0,ratinabox_PlaceCells,PlaceCells,CA1,excitatory,0.5,intermediate,,,,,,,,,,,,unknown,unknown,unknown,phase1
27,CA1_pyr,CA1,pyramidal,24,460.0,41.95359904898,44.06348067095284,0.0,ratinabox_PlaceCells,PlaceCells,CA1,excitatory,0.5,intermediate,,,,,,,,,,,,unknown,unknown,unknown,phase1
28,CA1_pyr,CA1,pyramidal,4,60.0,57.084725095418754,43.05335906364109,0.0,ratinabox_PlaceCells,PlaceCells,CA1,excitatory,0.5,intermediate,,,,,,,,,,,,unknown,unknown,unknown,phase1
29,CA1_pyr,CA1,pyramidal,10,180.0,64.35641782267845,46.30971816602034,0.0,ratinabox_PlaceCells,PlaceCells,CA1,excitatory,0.5,intermediate,,,,,,,,,,,,unknown,unknown,unknown,phase1
30,CA1_pyr,CA1,pyramidal,4,60.0,86.35572419090174,39.2357730513097,0.0,ratinabox_PlaceCells,PlaceCells,CA1,excitatory,0.5,intermediate,,,,,,,,,,,,unknown,unknown,unknown,phase1
31,CA1_pyr,CA1,pyramidal,14,260.0,96.06009854299568,48.01146248771676,0.0,ratinabox_PlaceCells,PlaceCells,CA1,excitatory,0.5,intermediate,,,,,,,,,,,,unknown,unknown,unknown,phase1
32,CA1_pyr,CA1,pyramidal,30,580.0,0.761554982878121,52.31526356328239,0.0,ratinabox_PlaceCells,PlaceCells,CA1,excitatory,0.5,intermediate,,,,,,,,,,,,unknown,unknown,unknown,phase1
33,CA1_pyr,CA1,pyramidal,5,80.0,22.72416127127753,56.78002190347837,0.0,ratinabox_PlaceCells,PlaceCells,CA1,excitatory,0.5,intermediate,,,,,,,,,,,,unknown,unknown,unknown,phase1
34,CA1_pyr,CA1,pyramidal,12,220.0,30.52573435726088,55.83833057108346,0.0,ratinabox_PlaceCells,PlaceCells,CA1,excitatory,0.5,intermediate,,,,,,,,,,,,unknown,unknown,unknown,phase1
35,CA1_pyr,CA1,pyramidal,13,240.0,39.96745248562357,51.763006947387055,0.0,ratinabox_PlaceCells,PlaceCells,CA1,excitatory,0.5,intermediate,,,,,,,,,,,,unknown,unknown,unknown,phase1
36,CA1_pyr,CA1,pyramidal,28,540.0,52.31929356031005,56.53510746121194,0.0,ratinabox_PlaceCells,PlaceCells,CA1,excitatory,0.5,intermediate,,,,,,,,,,,,unknown,unknown,unknown,phase1
37,CA1_pyr,CA1,pyramidal,7,120.0,67.55736898807498,57.87522593405322,0.0,ratinabox_PlaceCells,PlaceCells,CA1,excitatory,0.5,intermediate,,,,,,,,,,,,unknown,unknown,unknown,phase1
38,CA1_pyr,CA1,pyramidal,16,300.0,81.41672743337732,54.18382443087327,0.0,ratinabox_PlaceCells,PlaceCells,CA1,excitatory,0.5,intermediate,,,,,,,,,,,,unknown,unknown,unknown,phase1
39,CA1_pyr,CA1,pyramidal,8,140.0,93.07569615678712,55.1699131669533,0.0,ratinabox_PlaceCells,PlaceCells,CA1,excitatory,0.5,intermediate,,,,,,,,,,,,unknown,unknown,unknown,phase1
40,CA1_pyr,CA1,pyramidal,1,0.0,5.876025614327088,66.97008896277778,0.0,ratinabox_PlaceCells,PlaceCells,CA1,excitatory,0.5,intermediate,,,,,,,,,,,,unknown,unknown,unknown,phase1
41,CA1_pyr,CA1,pyramidal,23,440.0,14.780995550051037,64.38801221563554,0.0,ratinabox_PlaceCells,PlaceCells,CA1,excitatory,0.5,intermediate,,,,,,,,,,,,unknown,unknown,unknown,phase1
42,CA1_pyr,CA1,pyramidal,2,20.0,32.07589166727669,74.02709721766384,0.0,ratinabox_PlaceCells,PlaceCells,CA1,excitatory,0.5,intermediate,,,,,,,,,,,,unknown,unknown,unknown,phase1
43,CA1_pyr,CA1,pyramidal,9,160.0,41.52039613337208,69.10350896667991,0.0,ratinabox_PlaceCells,PlaceCells,CA1,excitatory,0.5,intermediate,,,,,,,,,,,,unknown,unknown,unknown,phase1
44,CA1_pyr,CA1,pyramidal,15,280.0,60.29153813468096,67.29335562650785,0.0,ratinabox_PlaceCells,PlaceCells,CA1,excitatory,0.5,intermediate,,,,,,,,,,,,unknown,unknown,unknown,phase1
45,CA1_pyr,CA1,pyramidal,15,280.0,67.54590363665444,67.82994785341364,0.0,ratinabox_PlaceCells,PlaceCells,CA1,excitatory,0.5,intermediate,,,,,,,,,,,,unknown,unknown,unknown,phase1
46,CA1_pyr,CA1,pyramidal,4,60.0,83.3123524158999,70.44208929168241,0.0,ratinabox_PlaceCells,PlaceCells,CA1,excitatory,0.5,intermediate,,,,,,,,,,,,unknown,unknown,unknown,phase1
47,CA1_pyr,CA1,pyramidal,30,580.0,92.98911340959802,71.65327029403093,0.0,ratinabox_PlaceCells,PlaceCells,CA1,excitatory,0.5,intermediate,,,,,,,,,,,,unknown,unknown,unknown,phase1
48,CA1_pyr,CA1,pyramidal,23,440.0,6.009185307560214,85.97990252395067,0.0,ratinabox_PlaceCells,PlaceCells,CA1,excitatory,0.5,intermediate,,,,,,,,,,,,unknown,unknown,unknown,phase1
49,CA1_pyr,CA1,pyramidal,29,560.0,18.465936171471547,84.64812533419376,0.0,ratinabox_PlaceCells,PlaceCells,CA1,excitatory,0.5,intermediate,,,,,,,,,,,,unknown,unknown,unknown,phase1
50,CA1_pyr,CA1,pyramidal,3,40.0,30.21164671043337,81.26233383609853,0.0,ratinabox_PlaceCells,PlaceCells,CA1,excitatory,0.5,intermediate,,,,,,,,,,,,unknown,unknown,unknown,phase1
51,CA1_pyr,CA1,pyramidal,22,420.0,41.98027545712855,81.58089302665488,0.0,ratinabox_PlaceCells,PlaceCells,CA1,excitatory,0.5,intermediate,,,,,,,,,,,,unknown,unknown,unknown,phase1
52,CA1_pyr,CA1,pyramidal,9,160.0,54.790231433993874,80.36561246063329,0.0,ratinabox_PlaceCells,PlaceCells,CA1,excitatory,0.5,intermediate,,,,,,,,,,,,unknown,unknown,unknown,phase1
53,CA1_pyr,CA1,pyramidal,17,320.0,69.30418783452575,80.70377206978578,0.0,ratinabox_PlaceCells,PlaceCells,CA1,excitatory,0.5,intermediate,,,,,,,,,,,,unknown,unknown,unknown,phase1
54,CA1_pyr,CA1,pyramidal,28,540.0,77.85796885162837,77.12572162701031,0.0,ratinabox_PlaceCells,PlaceCells,CA1,excitatory,0.5,intermediate,,,,,,,,,,,,unknown,unknown,unknown,phase1
55,CA1_pyr,CA1,pyramidal,9,160.0,93.71322579414932,81.60272123045222,0.0,ratinabox_PlaceCells,PlaceCells,CA1,excitatory,0.5,intermediate,,,,,,,,,,,,unknown,unknown,unknown,phase1
56,CA1_pyr,CA1,pyramidal,22,420.0,6.255120200196663,90.37365638145548,0.0,ratinabox_PlaceCells,PlaceCells,CA1,excitatory,0.5,intermediate,,,,,,,,,,,,unknown,unknown,unknown,phase1
57,CA1_pyr,CA1,pyramidal,5,80.0,17.289897786928883,93.79918786019591,0.0,ratinabox_PlaceCells,PlaceCells,CA1,excitatory,0.5,intermediate,,,,,,,,,,,,unknown,unknown,unknown,phase1
58,CA1_pyr,CA1,pyramidal,10,180.0,29.813700468701825,89.61921953055703,0.0,ratinabox_PlaceCells,PlaceCells,CA1,excitatory,0.5,intermediate,,,,,,,,,,,,unknown,unknown,unknown,phase1
59,CA1_pyr,CA1,pyramidal,30,580.0,39.85894121944551,97.60851797349808,0.0,ratinabox_PlaceCells,PlaceCells,CA1,excitatory,0.5,intermediate,,,,,,,,,,,,unknown,unknown,unknown,phase1
60,CA1_pyr,CA1,pyramidal,13,240.0,55.61865507664272,98.25880825131745,0.0,ratinabox_PlaceCells,PlaceCells,CA1,excitatory,0.5,intermediate,,,,,,,,,,,,unknown,unknown,unknown,phase1
61,CA1_pyr,CA1,pyramidal,16,300.0,65.48893493095099,91.8455049219272,0.0,ratinabox_PlaceCells,PlaceCells,CA1,excitatory,0.5,intermediate,,,,,,,,,,,,unknown,unknown,unknown,phase1
62,CA1_pyr,CA1,pyramidal,9,160.0,83.64284762843864,97.03478098434482,0.0,ratinabox_PlaceCells,PlaceCells,CA1,excitatory,0.5,intermediate,,,,,,,,,,,,unknown,unknown,unknown,phase1
63,CA1_pyr,CA1,pyramidal,4,60.0,94.96635334592472,93.71581912846696,0.0,ratinabox_PlaceCells,PlaceCells,CA1,excitatory,0.5,intermediate,,,,,,,,,,,,unknown,unknown,unknown,phase1
64,CA1_pyr,CA1,pyramidal,13,240.0,60.20347212874895,67.00630793391603,0.0,ratinabox_PlaceCells,PlaceCells,CA1,excitatory,0.5,intermediate,,,,,,,,,,,,unknown,unknown,unknown,phase1
65,CA1_pyr,CA1,pyramidal,19,360.0,56.75284465179282,40.63993323278228,0.0,ratinabox_PlaceCells,PlaceCells,CA1,excitatory,0.5,intermediate,,,,,,,,,,,,unknown,unknown,unknown,phase1
66,CA1_pyr,CA1,pyramidal,14,260.0,43.26698067349762,41.87057669347771,0.0,ratinabox_PlaceCells,PlaceCells,CA1,excitatory,0.5,intermediate,,,,,,,,,,,,unknown,unknown,unknown,phase1
67,CA1_pyr,CA1,pyramidal,24,460.0,67.98051831916531,78.64144349492712,0.0,ratinabox_PlaceCells,PlaceCells,CA1,excitatory,0.5,intermediate,,,,,,,,,,,,unknown,unknown,unknown,phase1
68,CA1_pyr,CA1,pyramidal,11,200.0,30.986072963912655,80.87769451873396,0.0,ratinabox_PlaceCells,PlaceCells,CA1,excitatory,0.5,intermediate,,,,,,,,,,,,unknown,unknown,unknown,phase1
69,CA1_pyr,CA1,pyramidal,19,360.0,6.862613265666487,69.1215153640454,0.0,ratinabox_PlaceCells,PlaceCells,CA1,excitatory,0.5,intermediate,,,,,,,,,,,,unknown,unknown,unknown,phase1
70,CA1_pyr,CA1,pyramidal,24,460.0,92.8945721604546,72.86280329325022,0.0,ratinabox_PlaceCells,PlaceCells,CA1,excitatory,0.5,intermediate,,,,,,,,,,,,unknown,unknown,unknown,phase1
71,CA1_pyr,CA1,pyramidal,28,540.0,20.03416196182681,22.32509505763583,0.0,ratinabox_PlaceCells,PlaceCells,CA1,excitatory,0.5,intermediate,,,,,,,,,,,,unknown,unknown,unknown,phase1
72,CA1_pyr,CA1,pyramidal,13,240.0,35.74934895158186,13.995757247203908,0.0,ratinabox_PlaceCells,PlaceCells,CA1,excitatory,0.5,intermediate,,,,,,,,,,,,unknown,unknown,unknown,phase1
73,CA1_pyr,CA1,pyramidal,2,20.0,94.750170184074,94.99701033347058,0.0,ratinabox_PlaceCells,PlaceCells,CA1,excitatory,0.5,intermediate,,,,,,,,,,,,unknown,unknown,unknown,phase1
74,CA1_pyr,CA1,pyramidal,22,420.0,31.01859355282432,55.8263647486122,0.0,ratinabox_PlaceCells,PlaceCells,CA1,excitatory,0.5,intermediate,,,,,,,,,,,,unknown,unknown,unknown,phase1
75,CA1_pyr,CA1,pyramidal,16,300.0,24.15242502574373,57.72941688089247,0.0,ratinabox_PlaceCells,PlaceCells,CA1,excitatory,0.5,intermediate,,,,,,,,,,,,unknown,unknown,unknown,phase1
76,CA1_pyr,CA1,pyramidal,27,520.0,-0.0732452019721611,5.6861543271487776,0.0,ratinabox_PlaceCells,PlaceCells,CA1,excitatory,0.5,intermediate,,,,,,,,,,,,unknown,unknown,unknown,phase1
77,CA1_pyr,CA1,pyramidal,14,260.0,16.299773406864652,66.53443673690307,0.0,ratinabox_PlaceCells,PlaceCells,CA1,excitatory,0.5,intermediate,,,,,,,,,,,,unknown,unknown,unknown,phase1
78,CA1_pyr,CA1,pyramidal,12,220.0,16.556251938473583,83.11920042512139,0.0,ratinabox_PlaceCells,PlaceCells,CA1,excitatory,0.5,intermediate,,,,,,,,,,,,unknown,unknown,unknown,phase1
79,CA1_pyr,CA1,pyramidal,2,20.0,94.92715926213542,71.59978113044349,0.0,ratinabox_PlaceCells,PlaceCells,CA1,excitatory,0.5,intermediate,,,,,,,,,,,,unknown,unknown,unknown,phase1
80,CA2_pyr,CA2,pyramidal,35,680.0,,,0.0,ratinabox_HeadDirectionCells,HeadDirectionCells,CA2,excitatory,0.5,intermediate,,,,,,,,,,,,unknown,unknown,unknown,phase1
81,CA2_pyr,CA2,pyramidal,37,720.0,,,0.1570796326794896,ratinabox_HeadDirectionCells,HeadDirectionCells,CA2,excitatory,0.5,intermediate,,,,,,,,,,,,unknown,unknown,unknown,phase1
82,CA2_pyr,CA2,pyramidal,38,740.0,,,0.3141592653589793,ratinabox_HeadDirectionCells,HeadDirectionCells,CA2,excitatory,0.5,intermediate,,,,,,,,,,,,unknown,unknown,unknown,phase1
83,CA2_pyr,CA2,pyramidal,39,760.0,,,0.4712388980384689,ratinabox_HeadDirectionCells,HeadDirectionCells,CA2,excitatory,0.5,intermediate,,,,,,,,,,,,unknown,unknown,unknown,phase1
84,CA2_pyr,CA2,pyramidal,33,640.0,,,0.6283185307179586,ratinabox_HeadDirectionCells,HeadDirectionCells,CA2,excitatory,0.5,intermediate,,,,,,,,,,,,unknown,unknown,unknown,phase1
85,CA2_pyr,CA2,pyramidal,36,700.0,,,0.7853981633974483,ratinabox_HeadDirectionCells,HeadDirectionCells,CA2,excitatory,0.5,intermediate,,,,,,,,,,,,unknown,unknown,unknown,phase1
86,CA2_pyr,CA2,pyramidal,39,760.0,,,0.942477796076938,ratinabox_HeadDirectionCells,HeadDirectionCells,CA2,excitatory,0.5,intermediate,,,,,,,,,,,,unknown,unknown,unknown,phase1
87,CA2_pyr,CA2,pyramidal,33,640.0,,,1.0995574287564276,ratinabox_HeadDirectionCells,HeadDirectionCells,CA2,excitatory,0.5,intermediate,,,,,,,,,,,,unknown,unknown,unknown,phase1
88,CA2_pyr,CA2,pyramidal,34,660.0,,,1.2566370614359172,ratinabox_HeadDirectionCells,HeadDirectionCells,CA2,excitatory,0.5,intermediate,,,,,,,,,,,,unknown,unknown,unknown,phase1
89,CA2_pyr,CA2,pyramidal,39,760.0,,,1.413716694115407,ratinabox_HeadDirectionCells,HeadDirectionCells,CA2,excitatory,0.5,intermediate,,,,,,,,,,,,unknown,unknown,unknown,phase1
90,CA2_pyr,CA2,pyramidal,36,700.0,,,1.5707963267948966,ratinabox_HeadDirectionCells,HeadDirectionCells,CA2,excitatory,0.5,intermediate,,,,,,,,,,,,unknown,unknown,unknown,phase1
91,CA2_pyr,CA2,pyramidal,36,700.0,,,1.7278759594743862,ratinabox_HeadDirectionCells,HeadDirectionCells,CA2,excitatory,0.5,intermediate,,,,,,,,,,,,unknown,unknown,unknown,phase1
92,CA2_pyr,CA2,pyramidal,37,720.0,,,1.884955592153876,ratinabox_HeadDirectionCells,HeadDirectionCells,CA2,excitatory,0.5,intermediate,,,,,,,,,,,,unknown,unknown,unknown,phase1
93,CA2_pyr,CA2,pyramidal,36,700.0,,,2.042035224833365,ratinabox_HeadDirectionCells,HeadDirectionCells,CA2,excitatory,0.5,intermediate,,,,,,,,,,,,unknown,unknown,unknown,phase1
94,CA2_pyr,CA2,pyramidal,40,780.0,,,2.199114857512855,ratinabox_HeadDirectionCells,HeadDirectionCells,CA2,excitatory,0.5,intermediate,,,,,,,,,,,,unknown,unknown,unknown,phase1
95,CA2_pyr,CA2,pyramidal,38,740.0,,,2.356194490192345,ratinabox_HeadDirectionCells,HeadDirectionCells,CA2,excitatory,0.5,intermediate,,,,,,,,,,,,unknown,unknown,unknown,phase1
96,CA2_pyr,CA2,pyramidal,31,600.0,,,2.5132741228718345,ratinabox_HeadDirectionCells,HeadDirectionCells,CA2,excitatory,0.5,intermediate,,,,,,,,,,,,unknown,unknown,unknown,phase1
97,CA2_pyr,CA2,pyramidal,32,620.0,,,2.670353755551324,ratinabox_HeadDirectionCells,HeadDirectionCells,CA2,excitatory,0.5,intermediate,,,,,,,,,,,,unknown,unknown,unknown,phase1
98,CA2_pyr,CA2,pyramidal,36,700.0,,,2.827433388230814,ratinabox_HeadDirectionCells,HeadDirectionCells,CA2,excitatory,0.5,intermediate,,,,,,,,,,,,unknown,unknown,unknown,phase1
99,CA2_pyr,CA2,pyramidal,39,760.0,,,2.9845130209103035,ratinabox_HeadDirectionCells,HeadDirectionCells,CA2,excitatory,0.5,intermediate,,,,,,,,,,,,unknown,unknown,unknown,phase1
100,CA2_pyr,CA2,pyramidal,31,600.0,,,3.141592653589793,ratinabox_HeadDirectionCells,HeadDirectionCells,CA2,excitatory,0.5,intermediate,,,,,,,,,,,,unknown,unknown,unknown,phase1
101,CA2_pyr,CA2,pyramidal,37,720.0,,,3.2986722862692828,ratinabox_HeadDirectionCells,HeadDirectionCells,CA2,excitatory,0.5,intermediate,,,,,,,,,,,,unknown,unknown,unknown,phase1
102,CA2_pyr,CA2,pyramidal,38,740.0,,,3.4557519189487724,ratinabox_HeadDirectionCells,HeadDirectionCells,CA2,excitatory,0.5,intermediate,,,,,,,,,,,,unknown,unknown,unknown,phase1
103,CA2_pyr,CA2,pyramidal,38,740.0,,,3.612831551628262,ratinabox_HeadDirectionCells,HeadDirectionCells,CA2,excitatory,0.5,intermediate,,,,,,,,,,,,unknown,unknown,unknown,phase1
104,CA2_pyr,CA2,pyramidal,39,760.0,,,3.769911184307752,ratinabox_HeadDirectionCells,HeadDirectionCells,CA2,excitatory,0.5,intermediate,,,,,,,,,,,,unknown,unknown,unknown,phase1
105,CA2_pyr,CA2,pyramidal,32,620.0,,,3.9269908169872414,ratinabox_HeadDirectionCells,HeadDirectionCells,CA2,excitatory,0.5,intermediate,,,,,,,,,,,,unknown,unknown,unknown,phase1
106,CA2_pyr,CA2,pyramidal,36,700.0,,,4.084070449666731,ratinabox_HeadDirectionCells,HeadDirectionCells,CA2,excitatory,0.5,intermediate,,,,,,,,,,,,unknown,unknown,unknown,phase1
107,CA2_pyr,CA2,pyramidal,39,760.0,,,4.241150082346221,ratinabox_HeadDirectionCells,HeadDirectionCells,CA2,excitatory,0.5,intermediate,,,,,,,,,,,,unknown,unknown,unknown,phase1
108,CA2_pyr,CA2,pyramidal,34,660.0,,,4.39822971502571,ratinabox_HeadDirectionCells,HeadDirectionCells,CA2,excitatory,0.5,intermediate,,,,,,,,,,,,unknown,unknown,unknown,phase1
109,CA2_pyr,CA2,pyramidal,32,620.0,,,4.5553093477052,ratinabox_HeadDirectionCells,HeadDirectionCells,CA2,excitatory,0.5,intermediate,,,,,,,,,,,,unknown,unknown,unknown,phase1
110,CA2_pyr,CA2,pyramidal,35,680.0,,,4.71238898038469,ratinabox_HeadDirectionCells,HeadDirectionCells,CA2,excitatory,0.5,intermediate,,,,,,,,,,,,unknown,unknown,unknown,phase1
111,CA2_pyr,CA2,pyramidal,31,600.0,,,4.869468613064179,ratinabox_HeadDirectionCells,HeadDirectionCells,CA2,excitatory,0.5,intermediate,,,,,,,,,,,,unknown,unknown,unknown,phase1
112,CA2_pyr,CA2,pyramidal,33,640.0,,,5.026548245743669,ratinabox_HeadDirectionCells,HeadDirectionCells,CA2,excitatory,0.5,intermediate,,,,,,,,,,,,unknown,unknown,unknown,phase1
113,CA2_pyr,CA2,pyramidal,39,760.0,,,5.183627878423159,ratinabox_HeadDirectionCells,HeadDirectionCells,CA2,excitatory,0.5,intermediate,,,,,,,,,,,,unknown,unknown,unknown,phase1
114,CA2_pyr,CA2,pyramidal,37,720.0,,,5.340707511102648,ratinabox_HeadDirectionCells,HeadDirectionCells,CA2,excitatory,0.5,intermediate,,,,,,,,,,,,unknown,unknown,unknown,phase1
115,CA2_pyr,CA2,pyramidal,39,760.0,,,5.497787143782138,ratinabox_HeadDirectionCells,HeadDirectionCells,CA2,excitatory,0.5,intermediate,,,,,,,,,,,,unknown,unknown,unknown,phase1
116,CA2_pyr,CA2,pyramidal,39,760.0,,,5.654866776461628,ratinabox_HeadDirectionCells,HeadDirectionCells,CA2,excitatory,0.5,intermediate,,,,,,,,,,,,unknown,unknown,unknown,phase1
117,CA2_pyr,CA2,pyramidal,39,760.0,,,5.811946409141117,ratinabox_HeadDirectionCells,HeadDirectionCells,CA2,excitatory,0.5,intermediate,,,,,,,,,,,,unknown,unknown,unknown,phase1
118,CA2_pyr,CA2,pyramidal,34,660.0,,,5.969026041820607,ratinabox_HeadDirectionCells,HeadDirectionCells,CA2,excitatory,0.5,intermediate,,,,,,,,,,,,unknown,unknown,unknown,phase1
119,CA2_pyr,CA2,pyramidal,35,680.0,,,6.126105674500097,ratinabox_HeadDirectionCells,HeadDirectionCells,CA2,excitatory,0.5,intermediate,,,,,,,,,,,,unknown,unknown,unknown,phase1
120,CA3_pyr,CA3,pyramidal,59,1160.0,,,0.0,ratinabox_BoundaryVectorCells,BoundaryVectorCells,CA3,excitatory,0.5,intermediate,,,,,,,,,,,,unknown,unknown,unknown,phase1
121,CA3_pyr,CA3,pyramidal,49,960.0,,,0.0,ratinabox_BoundaryVectorCells,BoundaryVectorCells,CA3,excitatory,0.5,intermediate,,,,,,,,,,,,unknown,unknown,unknown,phase1
122,CA3_pyr,CA3,pyramidal,68,1340.0,,,0.0,ratinabox_BoundaryVectorCells,BoundaryVectorCells,CA3,excitatory,0.5,intermediate,,,,,,,,,,,,unknown,unknown,unknown,phase1
123,CA3_pyr,CA3,pyramidal,41,800.0,,,0.0,ratinabox_BoundaryVectorCells,BoundaryVectorCells,CA3,excitatory,0.5,intermediate,,,,,,,,,,,,unknown,unknown,unknown,phase1
124,CA3_pyr,CA3,pyramidal,66,1300.0,,,0.0,ratinabox_BoundaryVectorCells,BoundaryVectorCells,CA3,excitatory,0.5,intermediate,,,,,,,,,,,,unknown,unknown,unknown,phase1
125,CA3_pyr,CA3,pyramidal,60,1180.0,,,0.0,ratinabox_BoundaryVectorCells,BoundaryVectorCells,CA3,excitatory,0.5,intermediate,,,,,,,,,,,,unknown,unknown,unknown,phase1
126,CA3_pyr,CA3,pyramidal,48,940.0,,,0.0,ratinabox_BoundaryVectorCells,BoundaryVectorCells,CA3,excitatory,0.5,intermediate,,,,,,,,,,,,unknown,unknown,unknown,phase1
127,CA3_pyr,CA3,pyramidal,62,1220.0,,,0.0,ratinabox_BoundaryVectorCells,BoundaryVectorCells,CA3,excitatory,0.5,intermediate,,,,,,,,,,,,unknown,unknown,unknown,phase1
128,CA3_pyr,CA3,pyramidal,53,1040.0,,,0.0,ratinabox_BoundaryVectorCells,BoundaryVectorCells,CA3,excitatory,0.5,intermediate,,,,,,,,,,,,unknown,unknown,unknown,phase1
129,CA3_pyr,CA3,pyramidal,66,1300.0,,,0.0,ratinabox_BoundaryVectorCells,BoundaryVectorCells,CA3,excitatory,0.5,intermediate,,,,,,,,,,,,unknown,unknown,unknown,phase1
130,CA3_pyr,CA3,pyramidal,70,1380.0,,,0.0,ratinabox_BoundaryVectorCells,BoundaryVectorCells,CA3,excitatory,0.5,intermediate,,,,,,,,,,,,unknown,unknown,unknown,phase1
131,CA3_pyr,CA3,pyramidal,49,960.0,,,0.0,ratinabox_BoundaryVectorCells,BoundaryVectorCells,CA3,excitatory,0.5,intermediate,,,,,,,,,,,,unknown,unknown,unknown,phase1
132,CA3_pyr,CA3,pyramidal,55,1080.0,,,0.0,ratinabox_BoundaryVectorCells,BoundaryVectorCells,CA3,excitatory,0.5,intermediate,,,,,,,,,,,,unknown,unknown,unknown,phase1
133,CA3_pyr,CA3,pyramidal,47,920.0,,,0.0,ratinabox_BoundaryVectorCells,BoundaryVectorCells,CA3,excitatory,0.5,intermediate,,,,,,,,,,,,unknown,unknown,unknown,phase1
134,CA3_pyr,CA3,pyramidal,61,1200.0,,,0.0,ratinabox_BoundaryVectorCells,BoundaryVectorCells,CA3,excitatory,0.5,intermediate,,,,,,,,,,,,unknown,unknown,unknown,phase1
135,CA3_pyr,CA3,pyramidal,60,1180.0,,,0.0,ratinabox_BoundaryVectorCells,BoundaryVectorCells,CA3,excitatory,0.5,intermediate,,,,,,,,,,,,unknown,unknown,unknown,phase1
136,CA3_pyr,CA3,pyramidal,66,1300.0,,,0.0,ratinabox_BoundaryVectorCells,BoundaryVectorCells,CA3,excitatory,0.5,intermediate,,,,,,,,,,,,unknown,unknown,unknown,phase1
137,CA3_pyr,CA3,pyramidal,65,1280.0,,,0.0,ratinabox_BoundaryVectorCells,BoundaryVectorCells,CA3,excitatory,0.5,intermediate,,,,,,,,,,,,unknown,unknown,unknown,phase1
138,CA3_pyr,CA3,pyramidal,70,1380.0,,,0.0,ratinabox_BoundaryVectorCells,BoundaryVectorCells,CA3,excitatory,0.5,intermediate,,,,,,,,,,,,unknown,unknown,unknown,phase1
139,CA3_pyr,CA3,pyramidal,69,1360.0,,,0.0,ratinabox_BoundaryVectorCells,BoundaryVectorCells,CA3,excitatory,0.5,intermediate,,,,,,,,,,,,unknown,unknown,unknown,phase1
140,CA3_pyr,CA3,pyramidal,67,1320.0,,,0.0,ratinabox_BoundaryVectorCells,BoundaryVectorCells,CA3,excitatory,0.5,intermediate,,,,,,,,,,,,unknown,unknown,unknown,phase1
141,CA3_pyr,CA3,pyramidal,45,880.0,,,0.0,ratinabox_BoundaryVectorCells,BoundaryVectorCells,CA3,excitatory,0.5,intermediate,,,,,,,,,,,,unknown,unknown,unknown,phase1
142,CA3_pyr,CA3,pyramidal,42,820.0,,,0.0,ratinabox_BoundaryVectorCells,BoundaryVectorCells,CA3,excitatory,0.5,intermediate,,,,,,,,,,,,unknown,unknown,unknown,phase1
143,CA3_pyr,CA3,pyramidal,55,1080.0,,,0.0,ratinabox_BoundaryVectorCells,BoundaryVectorCells,CA3,excitatory,0.5,intermediate,,,,,,,,,,,,unknown,unknown,unknown,phase1
144,CA3_pyr,CA3,pyramidal,51,1000.0,,,0.0,ratinabox_BoundaryVectorCells,BoundaryVectorCells,CA3,excitatory,0.5,intermediate,,,,,,,,,,,,unknown,unknown,unknown,phase1
145,CA3_pyr,CA3,pyramidal,67,1320.0,,,0.0,ratinabox_BoundaryVectorCells,BoundaryVectorCells,CA3,excitatory,0.5,intermediate,,,,,,,,,,,,unknown,unknown,unknown,phase1
146,CA3_pyr,CA3,pyramidal,64,1260.0,,,0.0,ratinabox_BoundaryVectorCells,BoundaryVectorCells,CA3,excitatory,0.5,intermediate,,,,,,,,,,,,unknown,unknown,unknown,phase1
147,CA3_pyr,CA3,pyramidal,53,1040.0,,,0.0,ratinabox_BoundaryVectorCells,BoundaryVectorCells,CA3,excitatory,0.5,intermediate,,,,,,,,,,,,unknown,unknown,unknown,phase1
148,CA3_pyr,CA3,pyramidal,58,1140.0,,,0.0,ratinabox_BoundaryVectorCells,BoundaryVectorCells,CA3,excitatory,0.5,intermediate,,,,,,,,,,,,unknown,unknown,unknown,phase1
149,CA3_pyr,CA3,pyramidal,58,1140.0,,,0.0,ratinabox_BoundaryVectorCells,BoundaryVectorCells,CA3,excitatory,0.5,intermediate,,,,,,,,,,,,unknown,unknown,unknown,phase1
150,CA3_pyr,CA3,pyramidal,67,1320.0,,,0.0,ratinabox_BoundaryVectorCells,BoundaryVectorCells,CA3,excitatory,0.5,intermediate,,,,,,,,,,,,unknown,unknown,unknown,phase1
151,CA3_pyr,CA3,pyramidal,41,800.0,,,0.0,ratinabox_BoundaryVectorCells,BoundaryVectorCells,CA3,excitatory,0.5,intermediate,,,,,,,,,,,,unknown,unknown,unknown,phase1
152,CA3_pyr,CA3,pyramidal,55,1080.0,,,0.0,ratinabox_BoundaryVectorCells,BoundaryVectorCells,CA3,excitatory,0.5,intermediate,,,,,,,,,,,,unknown,unknown,unknown,phase1
153,CA3_pyr,CA3,pyramidal,61,1200.0,,,0.0,ratinabox_BoundaryVectorCells,BoundaryVectorCells,CA3,excitatory,0.5,intermediate,,,,,,,,,,,,unknown,unknown,unknown,phase1
154,CA3_pyr,CA3,pyramidal,54,1060.0,,,0.0,ratinabox_BoundaryVectorCells,BoundaryVectorCells,CA3,excitatory,0.5,intermediate,,,,,,,,,,,,unknown,unknown,unknown,phase1
155,CA3_pyr,CA3,pyramidal,68,1340.0,,,0.0,ratinabox_BoundaryVectorCells,BoundaryVectorCells,CA3,excitatory,0.5,intermediate,,,,,,,,,,,,unknown,unknown,unknown,phase1
156,CA3_pyr,CA3,pyramidal,69,1360.0,,,0.0,ratinabox_BoundaryVectorCells,BoundaryVectorCells,CA3,excitatory,0.5,intermediate,,,,,,,,,,,,unknown,unknown,unknown,phase1
157,CA3_pyr,CA3,pyramidal,65,1280.0,,,0.0,ratinabox_BoundaryVectorCells,BoundaryVectorCells,CA3,excitatory,0.5,intermediate,,,,,,,,,,,,unknown,unknown,unknown,phase1
158,CA3_pyr,CA3,pyramidal,54,1060.0,,,0.0,ratinabox_BoundaryVectorCells,BoundaryVectorCells,CA3,excitatory,0.5,intermediate,,,,,,,,,,,,unknown,unknown,unknown,phase1
159,CA3_pyr,CA3,pyramidal,67,1320.0,,,0.0,ratinabox_BoundaryVectorCells,BoundaryVectorCells,CA3,excitatory,0.5,intermediate,,,,,,,,,,,,unknown,unknown,unknown,phase1
160,DG_granule,DG,granule,73,1440.0,,,0.0,ratinabox_SpeedCells_fallback,SpeedCells_fallback,DG,excitatory,,unknown,,,,,,,,,,,,unknown,unknown,unknown,phase1
161,DG_granule,DG,granule,90,1780.0,,,0.0,ratinabox_SpeedCells_fallback,SpeedCells_fallback,DG,excitatory,,unknown,,,,,,,,,,,,unknown,unknown,unknown,phase1
162,DG_granule,DG,granule,79,1560.0,,,0.0,ratinabox_SpeedCells_fallback,SpeedCells_fallback,DG,excitatory,,unknown,,,,,,,,,,,,unknown,unknown,unknown,phase1
163,DG_granule,DG,granule,78,1540.0,,,0.0,ratinabox_SpeedCells_fallback,SpeedCells_fallback,DG,excitatory,,unknown,,,,,,,,,,,,unknown,unknown,unknown,phase1
164,DG_granule,DG,granule,91,1800.0,,,0.0,ratinabox_SpeedCells_fallback,SpeedCells_fallback,DG,excitatory,,unknown,,,,,,,,,,,,unknown,unknown,unknown,phase1
165,DG_granule,DG,granule,94,1860.0,,,0.0,ratinabox_SpeedCells_fallback,SpeedCells_fallback,DG,excitatory,,unknown,,,,,,,,,,,,unknown,unknown,unknown,phase1
166,DG_granule,DG,granule,97,1920.0,,,0.0,ratinabox_SpeedCells_fallback,SpeedCells_fallback,DG,excitatory,,unknown,,,,,,,,,,,,unknown,unknown,unknown,phase1
167,DG_granule,DG,granule,77,1520.0,,,0.0,ratinabox_SpeedCells_fallback,SpeedCells_fallback,DG,excitatory,,unknown,,,,,,,,,,,,unknown,unknown,unknown,phase1
168,DG_granule,DG,granule,97,1920.0,,,0.0,ratinabox_SpeedCells_fallback,SpeedCells_fallback,DG,excitatory,,unknown,,,,,,,,,,,,unknown,unknown,unknown,phase1
169,DG_granule,DG,granule,95,1880.0,,,0.0,ratinabox_SpeedCells_fallback,SpeedCells_fallback,DG,excitatory,,unknown,,,,,,,,,,,,unknown,unknown,unknown,phase1
170,DG_granule,DG,granule,80,1580.0,,,0.0,ratinabox_SpeedCells_fallback,SpeedCells_fallback,DG,excitatory,,unknown,,,,,,,,,,,,unknown,unknown,unknown,phase1
171,DG_granule,DG,granule,72,1420.0,,,0.0,ratinabox_SpeedCells_fallback,SpeedCells_fallback,DG,excitatory,,unknown,,,,,,,,,,,,unknown,unknown,unknown,phase1
172,DG_granule,DG,granule,94,1860.0,,,0.0,ratinabox_SpeedCells_fallback,SpeedCells_fallback,DG,excitatory,,unknown,,,,,,,,,,,,unknown,unknown,unknown,phase1
173,DG_granule,DG,granule,95,1880.0,,,0.0,ratinabox_SpeedCells_fallback,SpeedCells_fallback,DG,excitatory,,unknown,,,,,,,,,,,,unknown,unknown,unknown,phase1
174,DG_granule,DG,granule,84,1660.0,,,0.0,ratinabox_SpeedCells_fallback,SpeedCells_fallback,DG,excitatory,,unknown,,,,,,,,,,,,unknown,unknown,unknown,phase1
175,DG_granule,DG,granule,75,1480.0,,,0.0,ratinabox_SpeedCells_fallback,SpeedCells_fallback,DG,excitatory,,unknown,,,,,,,,,,,,unknown,unknown,unknown,phase1
176,DG_granule,DG,granule,75,1480.0,,,0.0,ratinabox_SpeedCells_fallback,SpeedCells_fallback,DG,excitatory,,unknown,,,,,,,,,,,,unknown,unknown,unknown,phase1
177,DG_granule,DG,granule,82,1620.0,,,0.0,ratinabox_SpeedCells_fallback,SpeedCells_fallback,DG,excitatory,,unknown,,,,,,,,,,,,unknown,unknown,unknown,phase1
178,DG_granule,DG,granule,93,1840.0,,,0.0,ratinabox_SpeedCells_fallback,SpeedCells_fallback,DG,excitatory,,unknown,,,,,,,,,,,,unknown,unknown,unknown,phase1
179,DG_granule,DG,granule,80,1580.0,,,0.0,ratinabox_SpeedCells_fallback,SpeedCells_fallback,DG,excitatory,,unknown,,,,,,,,,,,,unknown,unknown,unknown,phase1
180,DG_granule,DG,granule,71,1400.0,,,0.0,ratinabox_SpeedCells_fallback,SpeedCells_fallback,DG,excitatory,,unknown,,,,,,,,,,,,unknown,unknown,unknown,phase1
181,DG_granule,DG,granule,91,1800.0,,,0.0,ratinabox_SpeedCells_fallback,SpeedCells_fallback,DG,excitatory,,unknown,,,,,,,,,,,,unknown,unknown,unknown,phase1
182,DG_granule,DG,granule,93,1840.0,,,0.0,ratinabox_SpeedCells_fallback,SpeedCells_fallback,DG,excitatory,,unknown,,,,,,,,,,,,unknown,unknown,unknown,phase1
183,DG_granule,DG,granule,76,1500.0,,,0.0,ratinabox_SpeedCells_fallback,SpeedCells_fallback,DG,excitatory,,unknown,,,,,,,,,,,,unknown,unknown,unknown,phase1
184,DG_granule,DG,granule,87,1720.0,,,0.0,ratinabox_SpeedCells_fallback,SpeedCells_fallback,DG,excitatory,,unknown,,,,,,,,,,,,unknown,unknown,unknown,phase1
185,DG_granule,DG,granule,82,1620.0,,,0.0,ratinabox_SpeedCells_fallback,SpeedCells_fallback,DG,excitatory,,unknown,,,,,,,,,,,,unknown,unknown,unknown,phase1
186,DG_granule,DG,granule,86,1700.0,,,0.0,ratinabox_SpeedCells_fallback,SpeedCells_fallback,DG,excitatory,,unknown,,,,,,,,,,,,unknown,unknown,unknown,phase1
187,DG_granule,DG,granule,71,1400.0,,,0.0,ratinabox_SpeedCells_fallback,SpeedCells_fallback,DG,excitatory,,unknown,,,,,,,,,,,,unknown,unknown,unknown,phase1
188,DG_granule,DG,granule,90,1780.0,,,0.0,ratinabox_SpeedCells_fallback,SpeedCells_fallback,DG,excitatory,,unknown,,,,,,,,,,,,unknown,unknown,unknown,phase1
189,DG_granule,DG,granule,78,1540.0,,,0.0,ratinabox_SpeedCells_fallback,SpeedCells_fallback,DG,excitatory,,unknown,,,,,,,,,,,,unknown,unknown,unknown,phase1
190,DG_granule,DG,granule,87,1720.0,,,0.0,ratinabox_SpeedCells_fallback,SpeedCells_fallback,DG,excitatory,,unknown,,,,,,,,,,,,unknown,unknown,unknown,phase1
191,DG_granule,DG,granule,83,1640.0,,,0.0,ratinabox_SpeedCells_fallback,SpeedCells_fallback,DG,excitatory,,unknown,,,,,,,,,,,,unknown,unknown,unknown,phase1
192,DG_granule,DG,granule,89,1760.0,,,0.0,ratinabox_SpeedCells_fallback,SpeedCells_fallback,DG,excitatory,,unknown,,,,,,,,,,,,unknown,unknown,unknown,phase1
193,DG_granule,DG,granule,74,1460.0,,,0.0,ratinabox_SpeedCells_fallback,SpeedCells_fallback,DG,excitatory,,unknown,,,,,,,,,,,,unknown,unknown,unknown,phase1
194,DG_granule,DG,granule,81,1600.0,,,0.0,ratinabox_SpeedCells_fallback,SpeedCells_fallback,DG,excitatory,,unknown,,,,,,,,,,,,unknown,unknown,unknown,phase1
195,DG_granule,DG,granule,89,1760.0,,,0.0,ratinabox_SpeedCells_fallback,SpeedCells_fallback,DG,excitatory,,unknown,,,,,,,,,,,,unknown,unknown,unknown,phase1
196,DG_granule,DG,granule,94,1860.0,,,0.0,ratinabox_SpeedCells_fallback,SpeedCells_fallback,DG,excitatory,,unknown,,,,,,,,,,,,unknown,unknown,unknown,phase1
197,DG_granule,DG,granule,82,1620.0,,,0.0,ratinabox_SpeedCells_fallback,SpeedCells_fallback,DG,excitatory,,unknown,,,,,,,,,,,,unknown,unknown,unknown,phase1
198,DG_granule,DG,granule,71,1400.0,,,0.0,ratinabox_SpeedCells_fallback,SpeedCells_fallback,DG,excitatory,,unknown,,,,,,,,,,,,unknown,unknown,unknown,phase1
199,DG_granule,DG,granule,92,1820.0,,,0.0,ratinabox_SpeedCells_fallback,SpeedCells_fallback,DG,excitatory,,unknown,,,,,,,,,,,,unknown,unknown,unknown,phase1
