time,event_type,closed_loop_target,decoded_spatial_context,spatial_context_confidence,decoded_movement_state,movement_state_confidence,true_spatial_context,true_movement_state,correct_trigger
420.2000000000001,context_wall,spatial_context,corner,0.8094193102510809,fast,0.7652029177910046,corner,slow,True
420.25,context_wall,spatial_context,corner,0.9604709874903757,fast,0.5853508133485005,corner,slow,True
420.3,context_wall,spatial_context,corner,0.9524794746406209,slow,0.5207805781438068,corner,slow,True
420.35,context_wall,spatial_context,corner,0.8758895962758466,slow,0.6366911590895193,corner,slow,True
420.4,context_wall,spatial_context,corner,0.9307649606155135,slow,0.6246932005503213,corner,slow,True
420.4500000000001,context_wall,spatial_context,corner,0.9110200369416037,slow,0.5305615498690129,corner,slow,True
420.5,context_wall,spatial_context,corner,0.9501738670988256,still,0.4990436450347623,corner,fast,True
420.55,context_wall,spatial_context,corner,0.9437134153917802,slow,0.54955353833462,corner,slow,True
420.6,context_wall,spatial_context,corner,0.9251880708062512,slow,0.5977183673711843,corner,slow,True
420.65,context_wall,spatial_context,corner,0.9293469488140486,slow,0.6006023533606878,corner,slow,True
420.7000000000001,context_wall,spatial_context,corner,0.9257194438376097,slow,0.5924525628180219,corner,slow,True
420.75,context_wall,spatial_context,corner,0.8725912809654288,slow,0.6189624749362129,corner,slow,True
420.8,context_wall,spatial_context,corner,0.897459817305796,slow,0.5175329228884729,corner,slow,True
420.85,context_wall,spatial_context,corner,0.8688528007803995,still,0.5931211678828102,corner,slow,True
420.9,context_wall,spatial_context,corner,0.9340723895021806,slow,0.6164814617439168,corner,slow,True
420.9500000000001,context_wall,spatial_context,corner,0.8316253064327558,slow,0.6648316326538144,corner,slow,True
421.55,context_wall,spatial_context,corner,0.8949145124702033,fast,0.5876655459926178,corner,fast,True
421.6,context_wall,spatial_context,corner,0.9567087388964295,fast,0.6485084316201127,corner,fast,True
421.65,context_wall,spatial_context,corner,0.9344974038855876,fast,0.7466008025830072,corner,fast,True
421.7000000000001,context_wall,spatial_context,corner,0.8837316306072621,fast,0.7309829344129561,corner,fast,True
421.75,context_wall,spatial_context,corner,0.9212569726318394,fast,0.9112884316729994,corner,fast,True
421.8,context_wall,spatial_context,corner,0.8925422137265199,fast,0.9031013020195442,corner,fast,True
421.85,context_wall,spatial_context,corner,0.9554615907148745,fast,0.9447068248696072,corner,fast,True
421.9,context_wall,spatial_context,corner,0.9157632316488745,fast,0.9513301485940049,corner,fast,True
421.9500000000001,context_wall,spatial_context,corner,0.8562028524772727,fast,0.872474872644312,corner,slow,True
422.2000000000001,context_wall,spatial_context,corner,0.9509447540719487,fast,0.5236536639268523,corner,slow,True
422.25,context_wall,spatial_context,corner,0.9430418765360544,slow,0.6008320516706228,corner,slow,True
422.3,context_wall,spatial_context,corner,0.978147931286144,slow,0.5687158740545227,corner,fast,True
422.35,context_wall,spatial_context,corner,0.9576955409160675,slow,0.5211320267964206,corner,fast,True
422.4,context_wall,spatial_context,corner,0.9386174195832808,slow,0.548262434337996,corner,fast,True
422.4500000000001,context_wall,spatial_context,corner,0.8674858803086942,slow,0.5323495360663256,corner,slow,True
422.5,context_wall,spatial_context,corner,0.9152513745400891,slow,0.5408781101582704,corner,slow,True
422.55,context_wall,spatial_context,corner,0.855791128218908,slow,0.5387480363415666,corner,fast,True
423.15,context_wall,spatial_context,corner,0.8403986315096301,slow,0.5193843292977229,corner,slow,True
423.2000000000001,context_wall,spatial_context,corner,0.9402234849821266,slow,0.6143251150082816,corner,slow,True
423.25,context_wall,spatial_context,corner,0.9471623623823568,slow,0.5826832648168924,corner,slow,True
423.3,context_wall,spatial_context,corner,0.8870398038686079,slow,0.6393575914806521,corner,slow,True
423.35,context_wall,spatial_context,corner,0.8351765053450138,slow,0.627846907518434,corner,slow,True
423.4,context_wall,spatial_context,corner,0.964415995067903,still,0.48537070238793373,corner,slow,True
423.4500000000001,context_wall,spatial_context,corner,0.9442235567722839,still,0.5057873527428521,corner,slow,True
423.5,context_wall,spatial_context,corner,0.9634203854016633,still,0.7876587208314827,corner,slow,True
423.55,context_wall,spatial_context,corner,0.9208918435232148,still,0.9038871342831559,corner,slow,True
424.1,context_wall,spatial_context,corner,0.8188895934182406,slow,0.5769802110154884,corner,slow,True
424.15,context_wall,spatial_context,corner,0.9180969183617781,slow,0.6356503121658889,corner,fast,True
424.2000000000001,context_wall,spatial_context,corner,0.8960416343279514,slow,0.6512955203892098,corner,slow,True
424.25,context_wall,spatial_context,corner,0.8670142190999541,slow,0.6416835253380447,corner,slow,True
424.3,context_wall,spatial_context,corner,0.822257202516603,slow,0.5953641610821525,corner,slow,True
424.8,context_wall,spatial_context,corner,0.8156687772976539,slow,0.6572388799065625,corner,fast,True
424.85,context_wall,spatial_context,corner,0.8937401192710536,slow,0.5309984052382557,corner,fast,True
424.9,context_wall,spatial_context,corner,0.9009333780953855,slow,0.5228898091895632,corner,fast,True
424.9500000000001,context_wall,spatial_context,corner,0.9351159727584825,fast,0.6107124140072078,corner,fast,True
425.0,context_wall,spatial_context,corner,0.9522392151789215,fast,0.63958923046877,corner,fast,True
425.05,context_wall,spatial_context,corner,0.9439999918321407,fast,0.5395781847266844,corner,fast,True
425.1,context_wall,spatial_context,corner,0.8627603713499598,fast,0.5059987276146674,corner,slow,True
425.2000000000001,context_wall,spatial_context,corner,0.9435484270425768,slow,0.6352303771319661,corner,fast,True
425.25,context_wall,spatial_context,corner,0.874288800810925,slow,0.6762796016848673,corner,fast,True
425.35,context_wall,spatial_context,corner,0.8468464056826073,slow,0.6578881920220395,corner,fast,True
425.4,context_wall,spatial_context,corner,0.964059435864122,fast,0.5035584441893157,corner,fast,True
425.4500000000001,context_wall,spatial_context,corner,0.8699463708166794,slow,0.5954440174887553,corner,fast,True
425.5,context_wall,spatial_context,corner,0.8192560974016807,slow,0.5587414790658918,corner,fast,True
425.55,context_wall,spatial_context,corner,0.8536961188441647,slow,0.5378567695950518,corner,fast,True
425.6,context_wall,spatial_context,corner,0.878995962285388,slow,0.572076772162338,corner,fast,True
425.75,context_wall,spatial_context,corner,0.8063281714678442,slow,0.6163075305552705,corner,slow,True
425.8,context_wall,spatial_context,corner,0.887973866772265,slow,0.4918561211778548,corner,fast,True
425.9,context_wall,spatial_context,corner,0.8052068624978513,slow,0.6000296416972599,corner,fast,True
425.9500000000001,context_wall,spatial_context,corner,0.8783883074767269,slow,0.5864137779748141,corner,fast,True
426.0,context_wall,spatial_context,corner,0.8582494004753843,slow,0.6256694702422966,corner,fast,True
426.05,context_wall,spatial_context,corner,0.8211063283907213,slow,0.5623469075651828,corner,fast,True
426.1,context_wall,spatial_context,corner,0.8272065432041462,fast,0.5844519978218368,corner,fast,True
426.2000000000001,context_wall,spatial_context,corner,0.8858859049272145,fast,0.8937972335834716,corner,fast,True
426.25,context_wall,spatial_context,corner,0.8194529166057197,fast,0.9389241930957072,corner,fast,True
426.4,context_wall,spatial_context,corner,0.8575327763358582,fast,0.994722190838205,corner,fast,True
426.5,context_wall,spatial_context,corner,0.9103516796407434,fast,0.9911844307369767,corner,fast,True
426.55,context_wall,spatial_context,corner,0.9097136727140331,fast,0.9889394069538208,corner,fast,True
426.6,context_wall,spatial_context,corner,0.8660806374726314,fast,0.9645727661161735,corner,fast,True
426.7000000000001,context_wall,spatial_context,corner,0.9429125655833199,fast,0.8151177578676109,corner,fast,True
426.75,context_wall,spatial_context,corner,0.9178421039349471,fast,0.7553759537373846,corner,fast,True
426.8,context_wall,spatial_context,corner,0.913909435700323,fast,0.6992999675862752,corner,slow,True
426.85,context_wall,spatial_context,corner,0.9304270279935329,fast,0.731814254271537,corner,slow,True
426.9,context_wall,spatial_context,corner,0.9353632514963174,fast,0.705929509609747,corner,slow,True
426.9500000000001,context_wall,spatial_context,corner,0.9155451087195381,fast,0.6105718997511533,corner,fast,True
427.0,context_wall,spatial_context,corner,0.8993191471081431,fast,0.6022835966150644,corner,fast,True
427.05,context_wall,spatial_context,corner,0.8884645574042778,fast,0.6726820198165026,corner,fast,True
427.1,context_wall,spatial_context,corner,0.9168035659674836,fast,0.7762577881947991,corner,fast,True
427.15,context_wall,spatial_context,corner,0.9060238424118944,fast,0.7446442396509123,corner,fast,True
427.25,context_wall,spatial_context,corner,0.837181632051075,fast,0.8945332607176931,corner,fast,True
427.3,context_wall,spatial_context,corner,0.9000089538566743,fast,0.8793692985519835,corner,fast,True
427.65,context_wall,spatial_context,corner,0.8890588422863845,fast,0.9402526760132103,corner,fast,True
427.7000000000001,context_wall,spatial_context,corner,0.8629014022396879,fast,0.8781795940908059,corner,fast,True
427.75,context_wall,spatial_context,corner,0.9066141949989788,fast,0.8497554361487777,corner,fast,True
427.8,context_wall,spatial_context,corner,0.8693921414776142,fast,0.8741023060242616,corner,fast,True
427.85,context_wall,spatial_context,corner,0.9017291848553779,fast,0.8722340964998662,corner,fast,True
427.9,context_wall,spatial_context,corner,0.9105491721904151,fast,0.8099244275394692,corner,fast,True
427.9500000000001,context_wall,spatial_context,corner,0.8355238363535809,fast,0.88634985300136,corner,fast,True
428.0,context_wall,spatial_context,corner,0.9031555941307533,fast,0.9088956807638245,corner,fast,True
428.05,context_wall,spatial_context,corner,0.8081621603967466,fast,0.9452156953405939,corner,fast,True
428.3,context_wall,spatial_context,corner,0.8371115472082254,fast,0.8801805293543261,corner,fast,True
431.4,context_wall,spatial_context,wall,0.8402285373865319,still,0.6916961612917846,wall,slow,True
432.0,context_wall,spatial_context,wall,0.8234723717025518,fast,0.5861630921322756,wall,fast,True
432.35,context_wall,spatial_context,wall,0.8090352077064564,fast,0.7902336216040592,wall,fast,True
432.6,context_wall,spatial_context,wall,0.8069003587392642,fast,0.7668225259371008,wall,fast,True
433.15,context_wall,spatial_context,wall,0.8462882090543493,fast,0.5519495894246197,wall,fast,True
435.7000000000001,context_wall,spatial_context,corner,0.8350960558572396,slow,0.5265056756332039,corner,fast,True
435.75,context_wall,spatial_context,corner,0.842404696268502,fast,0.6759515568098047,corner,fast,True
438.8,context_wall,spatial_context,wall,0.86172666051652,still,0.7741029118636485,corner,slow,True
439.2000000000001,context_wall,spatial_context,wall,0.8198236590710956,slow,0.6272644924507133,corner,slow,True
439.25,context_wall,spatial_context,wall,0.8383104043728438,slow,0.6480780335427627,corner,fast,True
439.35,context_wall,spatial_context,wall,0.8766534503419454,slow,0.49569243028081145,corner,fast,True
440.4500000000001,context_wall,spatial_context,wall,0.8400287333088902,slow,0.6612648043665923,corner,slow,True
441.2000000000001,context_wall,spatial_context,corner,0.8463092800242532,still,0.9130503937702726,corner,still,True
443.25,context_wall,spatial_context,corner,0.871409798869278,still,0.7092664936234335,corner,still,True
444.25,context_wall,spatial_context,corner,0.8035910451126514,still,0.4797616155353826,corner,slow,True
449.1,context_wall,spatial_context,wall,0.9165458969667776,fast,0.7641046678652579,wall,fast,True
449.15,context_wall,spatial_context,wall,0.8787848252876401,fast,0.800199322891897,wall,slow,True
449.3,context_wall,spatial_context,wall,0.9063509092575243,slow,0.48789165064581136,wall,slow,True
449.35,context_wall,spatial_context,wall,0.8189649086464226,slow,0.5369695275287402,wall,fast,True
449.5,context_wall,spatial_context,wall,0.9111196632683678,slow,0.5322037226856413,wall,fast,True
449.55,context_wall,spatial_context,wall,0.9599713911983224,slow,0.5438899140624247,wall,slow,True
449.6,context_wall,spatial_context,wall,0.8412275294998816,slow,0.608635963403192,wall,slow,True
449.65,context_wall,spatial_context,wall,0.8910389521161127,slow,0.6077867513975568,wall,slow,True
450.15,context_wall,spatial_context,wall,0.8731723245156705,slow,0.5546228840701309,corner,slow,True
450.2000000000001,context_wall,spatial_context,wall,0.8460223976409132,slow,0.5229049580995793,corner,slow,True
450.25,context_wall,spatial_context,wall,0.9027581773054032,slow,0.4531286783275228,corner,fast,True
450.3,context_wall,spatial_context,wall,0.8270300303892612,still,0.5985223809941135,corner,slow,True
453.4,context_wall,spatial_context,wall,0.8200578788033345,still,0.9312249050427843,corner,slow,True
453.4500000000001,context_wall,spatial_context,wall,0.8478104611692219,still,0.9018103400423069,corner,slow,True
455.15,context_wall,spatial_context,corner,0.8649955125108107,still,0.8621929835494537,corner,still,True
455.25,context_wall,spatial_context,corner,0.8216283604409095,still,0.8631694110607078,corner,slow,True
455.3,context_wall,spatial_context,corner,0.8688716980558803,still,0.7675315598446395,corner,slow,True
455.7000000000001,context_wall,spatial_context,corner,0.8288984161575306,slow,0.5610484374383502,corner,slow,True
456.1,context_wall,spatial_context,corner,0.8267057548363507,fast,0.8518966452327039,corner,slow,True
456.2000000000001,context_wall,spatial_context,corner,0.8244975327097255,fast,0.7496012645218578,corner,slow,True
456.3,context_wall,spatial_context,corner,0.8721512361292842,slow,0.5992998877844994,corner,slow,True
457.65,context_wall,spatial_context,corner,0.8029299440199673,still,0.7773886875906586,corner,slow,True
458.4500000000001,context_wall,spatial_context,corner,0.8513223683016597,slow,0.5430509556325802,corner,slow,True
460.35,context_wall,spatial_context,corner,0.8015648302824231,still,0.8824106954532096,corner,slow,True
460.5,context_wall,spatial_context,corner,0.8289074672525646,still,0.9594373797092504,corner,still,True
460.55,context_wall,spatial_context,corner,0.9033907514998684,still,0.9572641459486366,corner,slow,True
460.6,context_wall,spatial_context,corner,0.8316880858903605,still,0.9544148988389028,corner,slow,True
461.4500000000001,context_wall,spatial_context,corner,0.8198837146100143,slow,0.5014237513066003,corner,fast,True
466.85,context_wall,spatial_context,wall,0.9038851173461034,fast,0.9338169645541822,wall,fast,True
466.9,context_wall,spatial_context,wall,0.9307454255634532,fast,0.9451163024353219,wall,fast,True
466.9500000000001,context_wall,spatial_context,wall,0.9261884633751494,fast,0.9234403594505171,wall,fast,True
467.0,context_wall,spatial_context,wall,0.9331272190388813,fast,0.8105772454812227,wall,fast,True
467.05,context_wall,spatial_context,wall,0.8664147486742596,fast,0.8018240623562862,wall,fast,True
467.1,context_wall,spatial_context,wall,0.9283383916361687,fast,0.8369001210654663,wall,slow,True
467.15,context_wall,spatial_context,wall,0.8914659867950272,fast,0.6023537673285693,wall,slow,True
467.2000000000001,context_wall,spatial_context,wall,0.9547045149882808,fast,0.5066164790184682,wall,slow,True
467.25,context_wall,spatial_context,wall,0.8615581554482377,slow,0.5691008586362853,wall,slow,True
467.3,context_wall,spatial_context,wall,0.8528354964314864,slow,0.6775456207851225,wall,slow,True
467.35,context_wall,spatial_context,wall,0.9026017133727461,slow,0.6728593503266987,wall,fast,True
467.4,context_wall,spatial_context,wall,0.9141525952069663,slow,0.5867948796376995,wall,slow,True
467.4500000000001,context_wall,spatial_context,wall,0.8680624548308691,slow,0.5566891984949184,wall,fast,True
467.55,context_wall,spatial_context,wall,0.8510264280589069,fast,0.5874365106892844,wall,fast,True
467.85,context_wall,spatial_context,wall,0.8208878937763169,fast,0.6544812635803308,wall,slow,True
467.9,context_wall,spatial_context,wall,0.9322018497037311,fast,0.6893919093463862,wall,slow,True
467.9500000000001,context_wall,spatial_context,wall,0.9520481673992838,fast,0.6408514921201398,wall,slow,True
468.0,context_wall,spatial_context,wall,0.9045548748351527,slow,0.5868074027086704,wall,fast,True
468.1,context_wall,spatial_context,wall,0.8943677655528555,slow,0.501953919855327,wall,fast,True
468.15,context_wall,spatial_context,wall,0.884153494134668,slow,0.5473257648392663,wall,fast,True
468.2000000000001,context_wall,spatial_context,wall,0.9253914036462517,slow,0.5585816001828023,wall,slow,True
468.25,context_wall,spatial_context,wall,0.9067370318039204,fast,0.5889487669742547,wall,slow,True
468.3,context_wall,spatial_context,wall,0.9141357841244329,slow,0.6042517683559634,wall,slow,True
468.5,context_wall,spatial_context,wall,0.9630193264787603,slow,0.6696394419450814,wall,fast,True
468.55,context_wall,spatial_context,wall,0.9387087690587211,slow,0.6165519333185078,wall,fast,True
468.6,context_wall,spatial_context,wall,0.9188976027895819,slow,0.6465793000417471,wall,fast,True
468.65,context_wall,spatial_context,wall,0.9020586259588431,slow,0.5465082728420358,wall,fast,True
468.9,context_wall,spatial_context,wall,0.9170970648039255,slow,0.668078691625824,wall,fast,True
468.9500000000001,context_wall,spatial_context,wall,0.9271204138515446,slow,0.6359549276001039,wall,fast,True
469.3,context_wall,spatial_context,wall,0.8006019696536341,slow,0.5921628662533147,wall,slow,True
469.4,context_wall,spatial_context,wall,0.8473722908895589,slow,0.6385913239070365,wall,slow,True
470.0,context_wall,spatial_context,wall,0.8519457327784212,slow,0.612724647911659,wall,fast,True
470.05,context_wall,spatial_context,wall,0.898580761643791,slow,0.675626683120006,wall,slow,True
470.1,context_wall,spatial_context,wall,0.9213158110215903,slow,0.6320988413196424,wall,slow,True
470.15,context_wall,spatial_context,wall,0.9512674182899352,slow,0.639235563372418,wall,slow,True
470.2000000000001,context_wall,spatial_context,wall,0.854673618849665,slow,0.5761805410621823,wall,slow,True
470.9500000000001,context_wall,spatial_context,wall,0.8180127817484061,slow,0.49551895590745043,wall,slow,True
471.05,context_wall,spatial_context,wall,0.8433032927336979,slow,0.6406914007105314,wall,slow,True
471.1,context_wall,spatial_context,wall,0.8868817941542523,slow,0.5779641083680076,wall,slow,True
471.15,context_wall,spatial_context,wall,0.869347141490166,slow,0.584948602815738,wall,slow,True
471.2000000000001,context_wall,spatial_context,wall,0.8710232469407283,still,0.758927899908179,wall,slow,True
471.25,context_wall,spatial_context,wall,0.8776602697761545,slow,0.482447206722121,wall,slow,True
471.3,context_wall,spatial_context,wall,0.8896134203489859,slow,0.6339353290315949,wall,slow,True
471.35,context_wall,spatial_context,wall,0.9071932368091217,slow,0.6505191584067485,wall,fast,True
471.4500000000001,context_wall,spatial_context,wall,0.9577446692687058,slow,0.5606390150741541,wall,slow,True
471.5,context_wall,spatial_context,wall,0.9211298367804938,slow,0.4957230421887289,wall,slow,True
471.55,context_wall,spatial_context,wall,0.9285437482440732,slow,0.6508371971679952,wall,slow,True
471.6,context_wall,spatial_context,wall,0.8021864506690477,slow,0.6122527442665746,wall,slow,True
471.65,context_wall,spatial_context,wall,0.8569361546352594,slow,0.6248955926577989,wall,slow,True
471.7000000000001,context_wall,spatial_context,wall,0.83370168005854,slow,0.682025523919371,wall,slow,True
471.8,context_wall,spatial_context,wall,0.8597575639649636,slow,0.5369668526101219,wall,slow,True
471.85,context_wall,spatial_context,wall,0.9010512789531582,still,0.5203397682250829,wall,slow,True
472.9500000000001,context_wall,spatial_context,wall,0.8084123043484103,fast,0.7406104039152832,wall,slow,True
473.0,context_wall,spatial_context,wall,0.8152775140663708,fast,0.534151079596197,wall,fast,True
473.05,context_wall,spatial_context,wall,0.8369672218605686,fast,0.5290328556968038,wall,fast,True
473.25,context_wall,spatial_context,wall,0.8892843973238084,slow,0.5214088606216376,wall,fast,True
474.0,context_wall,spatial_context,wall,0.9238345609551046,slow,0.5822828203493211,wall,fast,True
474.05,context_wall,spatial_context,wall,0.9136165500066036,slow,0.6760213616279452,wall,slow,True
474.1,context_wall,spatial_context,wall,0.8814195603313572,slow,0.6849821997430362,wall,slow,True
474.15,context_wall,spatial_context,wall,0.8065577108665974,fast,0.5628749427086707,wall,slow,True
474.2000000000001,context_wall,spatial_context,wall,0.8644591231030141,fast,0.6486411096326614,wall,slow,True
474.3,context_wall,spatial_context,wall,0.8026186715111152,fast,0.7997042316514518,wall,fast,True
474.35,context_wall,spatial_context,wall,0.8887468781514865,fast,0.627296244315828,wall,fast,True
474.4,context_wall,spatial_context,wall,0.9322628685494301,slow,0.5013326438065898,wall,fast,True
474.4500000000001,context_wall,spatial_context,wall,0.8535940256941469,slow,0.5393537785761193,wall,slow,True
474.5,context_wall,spatial_context,wall,0.85141540541578,slow,0.7009029572180789,wall,fast,True
474.55,context_wall,spatial_context,wall,0.8652588011795491,slow,0.6915594727632468,wall,fast,True
474.6,context_wall,spatial_context,wall,0.9578004907774827,slow,0.6725048541551348,wall,fast,True
474.65,context_wall,spatial_context,wall,0.8696888089651081,slow,0.6931183010855959,wall,fast,True
476.35,context_wall,spatial_context,wall,0.8666969289136545,fast,0.5889955468426146,wall,slow,True
476.85,context_wall,spatial_context,wall,0.9403215371417426,slow,0.5062771104967766,wall,fast,True
476.9,context_wall,spatial_context,wall,0.8621677337706548,slow,0.5829754644721256,wall,fast,True
476.9500000000001,context_wall,spatial_context,wall,0.9067121303092966,fast,0.7683216275086773,wall,fast,True
477.0,context_wall,spatial_context,wall,0.8953946181316356,fast,0.827885733330143,wall,fast,True
477.05,context_wall,spatial_context,wall,0.8310894283898667,fast,0.8105160477514111,wall,fast,True
478.0,context_wall,spatial_context,wall,0.8550471503302279,slow,0.549831069792361,wall,slow,True
478.05,context_wall,spatial_context,wall,0.8417425042143775,still,0.6238513635711485,wall,slow,True
479.6,context_wall,spatial_context,corner,0.8062628427385456,slow,0.5366479025671016,corner,fast,True
479.9500000000001,context_wall,spatial_context,corner,0.8039666143308873,fast,0.6739829896091389,corner,fast,True
480.05,context_wall,spatial_context,corner,0.8200382328385122,fast,0.5016902906621601,corner,fast,True
480.1,context_wall,spatial_context,corner,0.8062995778653851,fast,0.4991798060079043,corner,slow,True
480.4,context_wall,spatial_context,corner,0.8142213026117766,slow,0.551716051958534,corner,slow,True
480.5,context_wall,spatial_context,corner,0.842864687491401,slow,0.6003270666281653,corner,slow,True
480.55,context_wall,spatial_context,corner,0.8962325612333722,still,0.5009408569975974,corner,slow,True
480.8,context_wall,spatial_context,corner,0.8912232120090389,slow,0.5666047273978253,corner,fast,True
482.75,context_wall,spatial_context,wall,0.8296323564363846,fast,0.803148893925146,corner,fast,True
483.4500000000001,context_wall,spatial_context,wall,0.8764370333210734,slow,0.6231708978972462,wall,slow,True
483.5,context_wall,spatial_context,wall,0.9188756558084847,slow,0.6219869032748854,wall,slow,True
483.55,context_wall,spatial_context,wall,0.8643016786231447,slow,0.6608721659702075,wall,slow,True
483.85,context_wall,spatial_context,wall,0.9179909680458814,fast,0.897103163262434,wall,fast,True
483.9,context_wall,spatial_context,wall,0.8047664384404425,fast,0.8318973971562585,wall,fast,True
483.9500000000001,context_wall,spatial_context,wall,0.9072846953150437,fast,0.7857400253247961,wall,fast,True
484.0,context_wall,spatial_context,wall,0.8407369447196754,fast,0.8057618874343825,wall,fast,True
484.4500000000001,context_wall,spatial_context,wall,0.8144920727264118,fast,0.6108844542706868,wall,fast,True
484.55,context_wall,spatial_context,wall,0.8207536198678266,slow,0.5799928257663349,wall,fast,True
484.6,context_wall,spatial_context,wall,0.8675426941022915,fast,0.6262693265895845,wall,fast,True
484.65,context_wall,spatial_context,wall,0.9228253234904217,fast,0.6549630753616211,wall,fast,True
485.15,context_wall,spatial_context,wall,0.8961094199601153,slow,0.5506308049743421,wall,fast,True
485.2000000000001,context_wall,spatial_context,wall,0.8034592882155833,slow,0.5643859529609905,wall,fast,True
485.25,context_wall,spatial_context,wall,0.9050400985914752,slow,0.5623117398702918,wall,fast,True
485.3,context_wall,spatial_context,wall,0.8770211216732874,slow,0.6185745620113634,wall,fast,True
485.35,context_wall,spatial_context,wall,0.9287967750374793,slow,0.6345275651907546,wall,fast,True
485.4,context_wall,spatial_context,wall,0.9174266606180879,slow,0.5371624322890012,wall,fast,True
485.4500000000001,context_wall,spatial_context,wall,0.8720118337789386,fast,0.737498092068971,wall,fast,True
485.5,context_wall,spatial_context,wall,0.8835703289869499,fast,0.8011566973040739,wall,fast,True
485.55,context_wall,spatial_context,wall,0.8568283141893167,fast,0.910876182850708,wall,fast,True
485.6,context_wall,spatial_context,wall,0.9002865301265273,fast,0.9250285269651661,wall,fast,True
485.65,context_wall,spatial_context,wall,0.881920344574085,fast,0.8622596623463806,wall,fast,True
485.7000000000001,context_wall,spatial_context,wall,0.9176151840414428,fast,0.7742400774141646,wall,fast,True
485.75,context_wall,spatial_context,wall,0.9175982982040667,fast,0.78616947717548,wall,fast,True
485.8,context_wall,spatial_context,wall,0.8259778750888556,fast,0.9082460718383695,wall,fast,True
486.4500000000001,context_wall,spatial_context,wall,0.8199491952563512,fast,0.9637836563173212,wall,fast,True
486.5,context_wall,spatial_context,wall,0.8809979975358837,fast,0.9572389507113959,wall,fast,True
486.6,context_wall,spatial_context,wall,0.8971740354631662,fast,0.9662976879421117,wall,fast,True
486.8,context_wall,spatial_context,wall,0.9265387860403917,fast,0.543495886956275,wall,slow,True
486.85,context_wall,spatial_context,wall,0.9637459933791002,slow,0.707166955230886,wall,slow,True
486.9,context_wall,spatial_context,wall,0.9410104253433071,slow,0.6952637086669098,wall,slow,True
486.9500000000001,context_wall,spatial_context,wall,0.8875526209723061,slow,0.5362110865301882,wall,slow,True
487.35,context_wall,spatial_context,wall,0.8934024116929119,slow,0.610347147425894,wall,slow,True
487.4,context_wall,spatial_context,wall,0.8601985796226362,slow,0.6649324960176217,wall,slow,True
487.4500000000001,context_wall,spatial_context,wall,0.8447475167331645,slow,0.6420909374037311,wall,slow,True
487.5,context_wall,spatial_context,wall,0.8456531920351512,slow,0.6593482209912331,wall,slow,True
487.55,context_wall,spatial_context,wall,0.8781494606674769,slow,0.652433163062146,wall,slow,True
487.6,context_wall,spatial_context,wall,0.8752785946203406,slow,0.6646765340926066,wall,slow,True
487.65,context_wall,spatial_context,wall,0.8743740081643252,still,0.6399330662615822,wall,slow,True
487.7000000000001,context_wall,spatial_context,wall,0.823083779987235,still,0.7131873683309419,wall,slow,True
487.75,context_wall,spatial_context,wall,0.8641967510547061,still,0.7370704774641964,wall,slow,True
487.8,context_wall,spatial_context,wall,0.8953023815600903,still,0.7393384665740271,wall,slow,True
487.9500000000001,context_wall,spatial_context,wall,0.8865694236389331,still,0.8547290447936765,wall,slow,True
488.0,context_wall,spatial_context,wall,0.9304001434908001,still,0.7436785792869686,wall,slow,True
488.05,context_wall,spatial_context,wall,0.875423051648651,still,0.5657969132365458,wall,slow,True
488.1,context_wall,spatial_context,wall,0.8522860280904867,still,0.5713484567807029,wall,slow,True
488.3,context_wall,spatial_context,wall,0.8860737276698935,slow,0.6352583122137293,wall,fast,True
488.85,context_wall,spatial_context,wall,0.9569048754825473,fast,0.7710070269952717,wall,fast,True
488.9,context_wall,spatial_context,wall,0.8188462752870831,fast,0.828107026633731,wall,fast,True
489.0,context_wall,spatial_context,wall,0.8950615810454097,fast,0.8461071430694441,wall,fast,True
489.05,context_wall,spatial_context,wall,0.8092411381188583,fast,0.7805893309129392,wall,fast,True
489.1,context_wall,spatial_context,wall,0.8953759930423719,fast,0.8512478448519057,wall,fast,True
489.2000000000001,context_wall,spatial_context,wall,0.8968660888962571,fast,0.7284747489940706,wall,fast,True
490.4500000000001,context_wall,spatial_context,wall,0.8452487302451897,fast,0.562740394312622,wall,fast,True
494.05,context_wall,spatial_context,wall,0.8098609086701368,fast,0.8131918329690617,wall,fast,True
494.1,context_wall,spatial_context,wall,0.8898153447212424,fast,0.7974330379312083,wall,fast,True
494.15,context_wall,spatial_context,wall,0.9313771547461465,fast,0.8425393715805564,wall,fast,True
494.2000000000001,context_wall,spatial_context,wall,0.8789696198080654,fast,0.7491250684629922,wall,fast,True
494.25,context_wall,spatial_context,wall,0.9363855943951037,fast,0.6376122710653724,wall,fast,True
494.3,context_wall,spatial_context,wall,0.9465505615481922,slow,0.5413501056551404,wall,fast,True
494.35,context_wall,spatial_context,wall,0.8973637647195666,slow,0.5903799022870395,wall,fast,True
494.4,context_wall,spatial_context,wall,0.9132718682217869,fast,0.4968328029652549,wall,fast,True
494.4500000000001,context_wall,spatial_context,wall,0.8631828151845196,fast,0.7815909879889252,wall,fast,True
494.5,context_wall,spatial_context,wall,0.892150328849313,fast,0.8597165153547538,wall,fast,True
494.6,context_wall,spatial_context,wall,0.8220599147076331,fast,0.9355922022616633,wall,slow,True
494.65,context_wall,spatial_context,wall,0.9520481209280056,fast,0.8001464261346177,wall,slow,True
494.7000000000001,context_wall,spatial_context,wall,0.8862450839174335,fast,0.5031968107428554,wall,slow,True
494.75,context_wall,spatial_context,wall,0.9433146377587971,slow,0.5751175462928692,wall,slow,True
494.8,context_wall,spatial_context,wall,0.9140911814961059,slow,0.6583186922687104,wall,slow,True
494.85,context_wall,spatial_context,wall,0.9276903816030534,slow,0.549835504505728,wall,slow,True
494.9,context_wall,spatial_context,wall,0.8228361483109394,slow,0.6244872531826141,wall,slow,True
495.3,context_wall,spatial_context,wall,0.8052686334302704,fast,0.6272915250235094,wall,slow,True
495.35,context_wall,spatial_context,wall,0.8283146429067736,fast,0.6928085994243649,wall,slow,True
495.4,context_wall,spatial_context,wall,0.837066357539687,slow,0.5840127326995799,wall,slow,True
495.6,context_wall,spatial_context,wall,0.8152145147782565,slow,0.6880826441926351,wall,fast,True
495.75,context_wall,spatial_context,wall,0.8336873298635747,slow,0.641731991547646,wall,fast,True
495.9,context_wall,spatial_context,wall,0.8316657198080094,slow,0.527083034256679,wall,slow,True
495.9500000000001,context_wall,spatial_context,wall,0.858727075017689,fast,0.5819462283297869,wall,fast,True
496.0,context_wall,spatial_context,wall,0.9331798290074483,fast,0.8066418793116976,wall,fast,True
496.05,context_wall,spatial_context,wall,0.9549689429825494,fast,0.7960938055285907,wall,slow,True
496.1,context_wall,spatial_context,wall,0.9772219848009592,fast,0.5437254187396263,wall,fast,True
496.15,context_wall,spatial_context,wall,0.9642147125892359,fast,0.5814467834521381,wall,slow,True
496.2000000000001,context_wall,spatial_context,wall,0.9626108400934212,fast,0.5710243810980822,wall,slow,True
496.55,context_wall,spatial_context,wall,0.9162351225380644,fast,0.5222461487418965,wall,slow,True
496.6,context_wall,spatial_context,wall,0.8225497914184515,fast,0.5937320299219632,wall,fast,True
497.6,context_wall,spatial_context,wall,0.8987058212576226,still,0.8232634033283012,wall,still,True
497.65,context_wall,spatial_context,wall,0.8890542321059186,still,0.7834294149399422,wall,still,True
497.7000000000001,context_wall,spatial_context,wall,0.868615901158468,still,0.8224540061319597,wall,still,True
498.7000000000001,context_wall,spatial_context,wall,0.8642464151375334,still,0.7443336418202117,wall,still,True
499.15,context_wall,spatial_context,wall,0.8310651872180327,still,0.7300472306736157,wall,still,True
499.25,context_wall,spatial_context,wall,0.8228752940472646,still,0.7114204420444049,wall,slow,True
499.3,context_wall,spatial_context,wall,0.8838034370506442,still,0.7286290458843055,wall,still,True
501.3,context_wall,spatial_context,corner,0.801908943234447,slow,0.5762362153980726,corner,slow,True
504.25,context_wall,spatial_context,corner,0.8116104322534851,still,0.8899687091047531,corner,slow,True
505.65,context_wall,spatial_context,wall,0.8104194681680768,fast,0.5509102575140234,wall,fast,True
505.9500000000001,context_wall,spatial_context,wall,0.8123019643833314,fast,0.5533810175187265,wall,slow,True
506.6,context_wall,spatial_context,wall,0.8006345352396457,slow,0.5959643764052691,wall,slow,True
506.9,context_wall,spatial_context,wall,0.8075710356079889,slow,0.5905340692120251,wall,slow,True
508.15,context_wall,spatial_context,wall,0.8228308612954001,slow,0.48479349496262225,corner,fast,True
508.9,context_wall,spatial_context,corner,0.8238931696661657,fast,0.9616944316510224,corner,fast,True
508.9500000000001,context_wall,spatial_context,corner,0.8376190860078606,fast,0.8873234454745254,corner,fast,True
509.0,context_wall,spatial_context,corner,0.8144741139012952,fast,0.8286000674611809,corner,fast,True
509.15,context_wall,spatial_context,corner,0.8675211607601382,slow,0.6382640133608413,corner,fast,True
509.2000000000001,context_wall,spatial_context,corner,0.8530448246517068,slow,0.577985860013029,corner,fast,True
509.25,context_wall,spatial_context,corner,0.8153019740877838,slow,0.6186483078986798,corner,fast,True
509.3,context_wall,spatial_context,corner,0.9059536010019599,slow,0.5808074668444996,corner,fast,True
509.35,context_wall,spatial_context,corner,0.8199335376300568,fast,0.5507745547184209,corner,fast,True
512.6,context_wall,spatial_context,wall,0.8142760686575479,fast,0.9705316029608668,wall,fast,True
513.65,context_wall,spatial_context,wall,0.8169841372226627,fast,0.7146795419143935,wall,fast,True
513.7,context_wall,spatial_context,wall,0.8242645378722964,fast,0.5112846494307426,wall,fast,True
513.75,context_wall,spatial_context,wall,0.875620411677846,fast,0.5682046924663668,wall,fast,True
514.35,context_wall,spatial_context,wall,0.8474176084255133,fast,0.983642102564662,wall,fast,True
514.45,context_wall,spatial_context,wall,0.8549803565776729,fast,0.9319621684463572,wall,fast,True
514.8000000000001,context_wall,spatial_context,wall,0.9150062798656777,fast,0.8787057746474639,wall,fast,True
514.85,context_wall,spatial_context,wall,0.9632946708431136,fast,0.8148711359931504,wall,fast,True
514.9,context_wall,spatial_context,wall,0.8725083710919939,fast,0.7893764042449678,wall,fast,True
514.95,context_wall,spatial_context,wall,0.9007077275354682,fast,0.8349651439258755,wall,fast,True
515.65,context_wall,spatial_context,wall,0.8078626540162139,fast,0.7187850819860061,wall,fast,True
515.7,context_wall,spatial_context,wall,0.8009105822126368,fast,0.5485077413966731,wall,fast,True
517.15,context_wall,spatial_context,corner,0.8330904117619575,fast,0.7896995580983153,corner,fast,True
517.35,context_wall,spatial_context,corner,0.8969928687936054,fast,0.9475750708643513,corner,fast,True
517.4,context_wall,spatial_context,corner,0.9166258809190727,fast,0.9392739420433432,corner,fast,True
517.45,context_wall,spatial_context,corner,0.9130147114201916,fast,0.8958060152793919,corner,fast,True
517.5,context_wall,spatial_context,corner,0.8416374456160166,fast,0.9571133111571095,corner,fast,True
517.5500000000001,context_wall,spatial_context,corner,0.8542270167695889,fast,0.966453618266721,corner,fast,True
517.6,context_wall,spatial_context,corner,0.8037077833047287,fast,0.9831445210048283,corner,fast,True
518.1,context_wall,spatial_context,corner,0.8900447447638394,fast,0.9089347879762912,corner,slow,True
518.15,context_wall,spatial_context,corner,0.9167900180701348,fast,0.900226898648582,corner,slow,True
518.2,context_wall,spatial_context,corner,0.9512264352882194,fast,0.5915787370408259,corner,slow,True
518.25,context_wall,spatial_context,corner,0.9567922310963258,slow,0.6858239263369706,corner,slow,True
518.3000000000001,context_wall,spatial_context,corner,0.9222022411186503,still,0.7539098112728436,corner,slow,True
518.35,context_wall,spatial_context,corner,0.8730053630160813,still,0.566991150261965,corner,slow,True
518.4,context_wall,spatial_context,corner,0.9008134803504653,still,0.5843597651629066,corner,slow,True
518.45,context_wall,spatial_context,corner,0.9685269620803778,still,0.7030541327101058,corner,slow,True
518.5,context_wall,spatial_context,corner,0.9323765301136455,still,0.8221309103454089,corner,slow,True
518.5500000000001,context_wall,spatial_context,corner,0.9375076931301899,still,0.7976673895121974,corner,slow,True
518.6,context_wall,spatial_context,corner,0.881178195540247,still,0.8463174095964268,corner,slow,True
518.65,context_wall,spatial_context,corner,0.8089140077015488,still,0.7599577228077882,corner,slow,True
518.7,context_wall,spatial_context,corner,0.8350201940633971,still,0.7642588245007568,corner,slow,True
518.85,context_wall,spatial_context,corner,0.898298771244245,still,0.5432987219640839,corner,slow,True
518.9,context_wall,spatial_context,corner,0.9024566078784432,still,0.6163525666126409,corner,slow,True
518.95,context_wall,spatial_context,corner,0.9252803673869835,still,0.5496356786112648,corner,slow,True
519.0500000000001,context_wall,spatial_context,corner,0.9093537640796115,still,0.7712389882353173,corner,slow,True
519.1,context_wall,spatial_context,corner,0.9153128778928248,still,0.8489621838847763,corner,slow,True
519.15,context_wall,spatial_context,corner,0.8641155229580054,still,0.9236478107491374,corner,slow,True
519.2,context_wall,spatial_context,corner,0.8297508947844459,still,0.9213277629275687,corner,slow,True
519.25,context_wall,spatial_context,corner,0.8031695628675627,still,0.7767586165157052,corner,slow,True
519.3000000000001,context_wall,spatial_context,corner,0.8379027523544537,slow,0.641677814280601,corner,slow,True
521.3000000000001,context_wall,spatial_context,wall,0.8769737680706278,fast,0.9272702741050177,wall,fast,True
521.35,context_wall,spatial_context,wall,0.8722568827418324,fast,0.9181695522196665,wall,fast,True
521.5500000000001,context_wall,spatial_context,wall,0.8456296983585405,fast,0.8029794635131144,wall,fast,True
521.6,context_wall,spatial_context,wall,0.8772111381237534,fast,0.6814213316411701,wall,fast,True
521.65,context_wall,spatial_context,wall,0.90878538428299,fast,0.5907153542774959,wall,fast,True
521.7,context_wall,spatial_context,wall,0.8835974978891429,fast,0.5944817402933792,wall,fast,True
521.75,context_wall,spatial_context,wall,0.8944115467460747,fast,0.7619791339670603,wall,fast,True
521.8000000000001,context_wall,spatial_context,wall,0.8897864989475273,fast,0.6107480988764589,wall,fast,True
535.3000000000001,context_wall,spatial_context,wall,0.8189552330809982,slow,0.5531010242248261,wall,slow,True
538.7,context_wall,spatial_context,corner,0.8857989320844178,fast,0.785335609087665,wall,slow,True
538.75,context_wall,spatial_context,corner,0.914080050463758,fast,0.7012298894453716,wall,slow,True
538.8000000000001,context_wall,spatial_context,corner,0.8072520682535224,fast,0.5893656585991218,wall,fast,True
539.8000000000001,context_wall,spatial_context,wall,0.8039950703824311,fast,0.5838164410843842,wall,fast,True
540.9,context_wall,spatial_context,wall,0.839182618271475,slow,0.5959212086318525,wall,fast,True
551.45,context_wall,spatial_context,wall,0.8422826024666058,fast,0.9807550939957179,wall,fast,True
551.65,context_wall,spatial_context,wall,0.8836886158784374,fast,0.9818460591693199,wall,fast,True
552.0500000000001,context_wall,spatial_context,wall,0.9106523876311805,fast,0.6638908551179209,wall,fast,True
552.1,context_wall,spatial_context,wall,0.8329243943133529,fast,0.6989241785160674,wall,fast,True
552.15,context_wall,spatial_context,wall,0.9056800324581231,fast,0.5797887926101875,wall,fast,True
552.25,context_wall,spatial_context,wall,0.8608842457915172,fast,0.7407417233143222,wall,fast,True
552.8000000000001,context_wall,spatial_context,wall,0.8373331457236131,slow,0.615181862351302,wall,fast,True
553.35,context_wall,spatial_context,wall,0.831736525925466,fast,0.8908004289555074,wall,fast,True
554.8000000000001,context_wall,spatial_context,corner,0.8156803921708671,fast,0.6518839061451135,corner,slow,True
555.4,context_wall,spatial_context,corner,0.8663177671345075,fast,0.670855347311857,corner,fast,True
555.5500000000001,context_wall,spatial_context,corner,0.9194039684417653,fast,0.9472529338091911,corner,fast,True
555.6,context_wall,spatial_context,corner,0.8897517089346354,fast,0.9385408836529611,corner,fast,True
555.65,context_wall,spatial_context,corner,0.8515081641779887,fast,0.9825809783086975,corner,fast,True
555.75,context_wall,spatial_context,corner,0.8644444534240375,fast,0.9845376659147173,corner,fast,True
555.8000000000001,context_wall,spatial_context,corner,0.8914478953817744,fast,0.9522576118803275,corner,fast,True
555.85,context_wall,spatial_context,corner,0.9386558355510699,fast,0.9656822425355485,corner,fast,True
555.9,context_wall,spatial_context,corner,0.9166158943574024,fast,0.9525175187615477,corner,fast,True
555.95,context_wall,spatial_context,corner,0.9386032612599077,fast,0.9602650842509773,corner,fast,True
556.0,context_wall,spatial_context,corner,0.8932969513591255,fast,0.9604789062971076,corner,fast,True
556.0500000000001,context_wall,spatial_context,corner,0.825262032749567,fast,0.9849178198058017,corner,fast,True
556.3000000000001,context_wall,spatial_context,corner,0.8417154079451485,fast,0.9969299596215991,corner,fast,True
556.6,context_wall,spatial_context,corner,0.8749975899317846,fast,0.7150427862461284,corner,slow,True
556.7,context_wall,spatial_context,corner,0.9006776517567937,slow,0.6393892701284197,corner,slow,True
556.75,context_wall,spatial_context,corner,0.9254004813815746,slow,0.6417945141480367,corner,fast,True
556.8000000000001,context_wall,spatial_context,corner,0.9413962783827308,slow,0.6229498660384382,corner,fast,True
556.85,context_wall,spatial_context,corner,0.9428184589906694,slow,0.6173164223804696,corner,slow,True
556.9,context_wall,spatial_context,corner,0.9427542119963762,slow,0.6482662310312808,corner,slow,True
556.95,context_wall,spatial_context,corner,0.9366056561222369,slow,0.6611272125384986,corner,slow,True
557.0,context_wall,spatial_context,corner,0.9258574010245291,slow,0.6347725014042537,corner,slow,True
557.0500000000001,context_wall,spatial_context,corner,0.9143261343226997,slow,0.5709214456314967,corner,fast,True
557.1,context_wall,spatial_context,corner,0.9062563830988087,slow,0.5057215754326077,corner,fast,True
557.15,context_wall,spatial_context,corner,0.9598661864372662,slow,0.6181161437461717,corner,fast,True
557.2,context_wall,spatial_context,corner,0.8524370653121174,slow,0.5723145608704509,corner,fast,True
557.25,context_wall,spatial_context,corner,0.834835791380302,slow,0.5851876971476118,corner,fast,True
557.3000000000001,context_wall,spatial_context,corner,0.8462866490268692,fast,0.6019237551005947,corner,fast,True
557.35,context_wall,spatial_context,corner,0.8483768288369887,fast,0.550176577422072,corner,fast,True
557.4,context_wall,spatial_context,corner,0.8818847508666277,fast,0.5597695537978273,corner,fast,True
557.45,context_wall,spatial_context,corner,0.9023297869563437,slow,0.5160911414492972,corner,fast,True
557.5,context_wall,spatial_context,corner,0.8815462720119477,fast,0.5345944106645505,corner,fast,True
557.5500000000001,context_wall,spatial_context,corner,0.8736513488538847,slow,0.5356194318351315,corner,fast,True
557.6,context_wall,spatial_context,corner,0.8677907916032939,fast,0.5819874474237272,corner,fast,True
558.0,context_wall,spatial_context,corner,0.8173020556943191,fast,0.4937207037124302,corner,fast,True
558.45,context_wall,spatial_context,corner,0.8075048843597357,slow,0.6755422103471046,corner,slow,True
558.5500000000001,context_wall,spatial_context,corner,0.8198732470022694,slow,0.7351450709636191,corner,slow,True
558.65,context_wall,spatial_context,corner,0.8462509614780361,slow,0.7486880389927626,corner,slow,True
558.7,context_wall,spatial_context,corner,0.8002619566317962,slow,0.7427770552166151,corner,slow,True
558.8000000000001,context_wall,spatial_context,corner,0.8864903676263823,slow,0.6643053685444548,corner,slow,True
558.85,context_wall,spatial_context,corner,0.8056237830657441,slow,0.6090459886706742,corner,fast,True
558.9,context_wall,spatial_context,corner,0.8454006484974915,fast,0.5068250589774832,corner,fast,True
558.95,context_wall,spatial_context,corner,0.9437311862713407,slow,0.49389613470468907,corner,fast,True
559.0,context_wall,spatial_context,corner,0.8715276581549812,fast,0.5826495284850669,corner,fast,True
559.0500000000001,context_wall,spatial_context,corner,0.8534465164605889,fast,0.733558176628028,corner,fast,True
559.1,context_wall,spatial_context,corner,0.831624029001958,fast,0.5844934241682453,corner,fast,True
559.15,context_wall,spatial_context,corner,0.9529552788109057,fast,0.6278101610227931,corner,fast,True
559.2,context_wall,spatial_context,corner,0.9620099580121351,fast,0.6331986641756358,corner,fast,True
559.25,context_wall,spatial_context,corner,0.959624242006953,fast,0.9209272939931236,corner,fast,True
559.3000000000001,context_wall,spatial_context,corner,0.9319747571510093,fast,0.8089499330219833,corner,slow,True
559.35,context_wall,spatial_context,corner,0.9644429889112313,fast,0.7436222883260323,corner,slow,True
559.4,context_wall,spatial_context,corner,0.9176336787553677,fast,0.6349204254021491,corner,fast,True
559.45,context_wall,spatial_context,corner,0.9407545260117419,fast,0.7984654580026896,corner,fast,True
559.5,context_wall,spatial_context,corner,0.9304998370845577,slow,0.5747333939794927,corner,fast,True
559.5500000000001,context_wall,spatial_context,corner,0.903438755947198,fast,0.5251935818239348,corner,fast,True
559.6,context_wall,spatial_context,corner,0.8165956755821998,fast,0.8095978527953018,corner,fast,True
559.9,context_wall,spatial_context,corner,0.8235425735153625,fast,0.8684031321335538,corner,fast,True
559.95,context_wall,spatial_context,corner,0.8408096397598235,fast,0.6429277643676164,corner,fast,True
560.0,context_wall,spatial_context,corner,0.861480662046177,slow,0.5684071793036133,corner,fast,True
560.2,context_wall,spatial_context,corner,0.8310698779741026,fast,0.5936401820492193,corner,slow,True
560.25,context_wall,spatial_context,corner,0.8504689245759807,fast,0.5607013882575934,corner,slow,True
560.3000000000001,context_wall,spatial_context,corner,0.8598254997597147,fast,0.5788900501881732,corner,slow,True
560.35,context_wall,spatial_context,corner,0.8996176236924819,slow,0.5324113100116863,corner,still,True
560.4,context_wall,spatial_context,corner,0.8303689844805142,slow,0.7323403326162249,corner,still,True
560.45,context_wall,spatial_context,corner,0.8270656242589121,still,0.5361474457819314,corner,slow,True
560.5,context_wall,spatial_context,corner,0.8143842870224001,still,0.6181251152324027,corner,slow,True
560.6,context_wall,spatial_context,corner,0.8486214189390835,still,0.6798141985463454,corner,slow,True
560.85,context_wall,spatial_context,corner,0.8012288176137382,slow,0.6900910834940132,corner,slow,True
560.95,context_wall,spatial_context,corner,0.8010596754712838,slow,0.6613203144524497,corner,fast,True
561.45,context_wall,spatial_context,corner,0.8129820158335095,slow,0.5958779562562556,corner,slow,True
561.85,context_wall,spatial_context,corner,0.8064254311545079,still,0.5575818846208447,corner,slow,True
561.9,context_wall,spatial_context,corner,0.8477335385135629,slow,0.6734827536399179,corner,slow,True
561.95,context_wall,spatial_context,corner,0.9208185886396083,slow,0.6294706080870598,corner,slow,True
562.0,context_wall,spatial_context,corner,0.9373120882047731,slow,0.7156130435939835,corner,slow,True
562.0500000000001,context_wall,spatial_context,corner,0.937700964646972,slow,0.6857670637406711,corner,slow,True
562.1,context_wall,spatial_context,corner,0.9038596863062213,slow,0.6653742720893182,corner,slow,True
562.15,context_wall,spatial_context,corner,0.8380146325239916,slow,0.7001689111999362,corner,slow,True
562.35,context_wall,spatial_context,corner,0.810479322066021,slow,0.6391931398435525,corner,slow,True
562.4,context_wall,spatial_context,corner,0.8368834741773008,slow,0.6099130701398536,corner,slow,True
562.45,context_wall,spatial_context,corner,0.8916151044346324,slow,0.5292453968043013,corner,still,True
562.5,context_wall,spatial_context,corner,0.8211308371379257,slow,0.6449394513129596,corner,still,True
563.5500000000001,context_wall,spatial_context,wall,0.8096526918467197,fast,0.8873713791402883,wall,fast,True
563.6,context_wall,spatial_context,wall,0.9338418154716537,fast,0.90596169695206,wall,fast,True
563.7,context_wall,spatial_context,wall,0.8582850939110755,fast,0.8331185512945299,wall,fast,True
563.75,context_wall,spatial_context,wall,0.8427778510484731,fast,0.8350248455218633,wall,slow,True
563.8000000000001,context_wall,spatial_context,wall,0.8379078960206641,fast,0.7123175689222068,wall,slow,True
563.95,context_wall,spatial_context,wall,0.8250742391642072,slow,0.5543148125518804,wall,fast,True
564.1,context_wall,spatial_context,wall,0.8150910847583055,fast,0.9137168024425841,wall,fast,True
564.5,context_wall,spatial_context,wall,0.8749417826489356,fast,0.8301454990283481,wall,fast,True
564.5500000000001,context_wall,spatial_context,wall,0.8321603050797179,fast,0.8728763636052175,wall,fast,True
564.6,context_wall,spatial_context,wall,0.8394503871707246,fast,0.9082359825614102,wall,fast,True
564.65,context_wall,spatial_context,wall,0.8340349840693004,fast,0.7799046154370411,wall,fast,True
566.15,context_wall,spatial_context,wall,0.8456338358816066,fast,0.8887589597888481,wall,fast,True
566.3000000000001,context_wall,spatial_context,wall,0.8069589782256017,fast,0.5680943671084379,wall,slow,True
566.4,context_wall,spatial_context,wall,0.8419267087982151,slow,0.6105502741597547,wall,slow,True
566.7,context_wall,spatial_context,wall,0.851995652613816,slow,0.6428392345800955,wall,fast,True
566.75,context_wall,spatial_context,wall,0.8895080408550404,slow,0.6761096401959399,wall,fast,True
567.15,context_wall,spatial_context,wall,0.8048080240621377,slow,0.5642907220041288,wall,slow,True
567.6,context_wall,spatial_context,wall,0.8156833374455397,slow,0.6397632122721642,wall,fast,True
567.65,context_wall,spatial_context,wall,0.8364180398932668,slow,0.6516801756631406,wall,fast,True
567.7,context_wall,spatial_context,wall,0.8862584358600905,slow,0.627069191637286,wall,fast,True
568.1,context_wall,spatial_context,wall,0.8721386592564245,slow,0.6377353068215207,wall,slow,True
568.15,context_wall,spatial_context,wall,0.8834411339079107,slow,0.6519046509233064,wall,slow,True
568.2,context_wall,spatial_context,wall,0.8621668389583812,slow,0.6094701143394421,wall,slow,True
568.65,context_wall,spatial_context,wall,0.9310694835239822,fast,0.9563266543976102,wall,slow,True
568.75,context_wall,spatial_context,wall,0.8806986771483802,fast,0.7601011080603003,wall,fast,True
568.8000000000001,context_wall,spatial_context,wall,0.8166412821659919,fast,0.8913570073741678,wall,fast,True
569.7,context_wall,spatial_context,corner,0.9166713066929411,slow,0.5246476526351997,corner,slow,True
569.75,context_wall,spatial_context,corner,0.8619328732754711,slow,0.6386991800623846,corner,slow,True
569.8000000000001,context_wall,spatial_context,corner,0.8438622208752719,slow,0.5197051726502854,corner,slow,True
569.85,context_wall,spatial_context,corner,0.9494159818128474,fast,0.5427415391635743,corner,slow,True
569.9,context_wall,spatial_context,corner,0.9448262274937085,fast,0.5071951150193372,corner,fast,True
569.95,context_wall,spatial_context,corner,0.9031132657602784,fast,0.5549749432116378,corner,fast,True
570.0,context_wall,spatial_context,corner,0.9298737964925239,fast,0.6354887820180989,corner,fast,True
570.45,context_wall,spatial_context,corner,0.8839359122028574,fast,0.8632109084694515,corner,slow,True
570.5,context_wall,spatial_context,corner,0.8005812118684773,fast,0.7582925209713753,corner,slow,True
570.5500000000001,context_wall,spatial_context,corner,0.8380339227393729,fast,0.632984475193025,corner,slow,True
570.6,context_wall,spatial_context,corner,0.9180983077278454,slow,0.5561927007566948,corner,slow,True
570.65,context_wall,spatial_context,corner,0.9456912628231895,slow,0.5721658358365108,corner,slow,True
570.7,context_wall,spatial_context,corner,0.9686404801044368,still,0.7731579554159286,corner,slow,True
570.75,context_wall,spatial_context,corner,0.8859639549924995,still,0.7569072294349003,corner,slow,True
570.8000000000001,context_wall,spatial_context,corner,0.8961017733077794,still,0.8144838558391098,corner,slow,True
570.85,context_wall,spatial_context,corner,0.8835847166686129,still,0.640187813899326,corner,slow,True
570.9,context_wall,spatial_context,corner,0.8770084744587042,still,0.5107299652428456,corner,slow,True
570.95,context_wall,spatial_context,corner,0.8211880298975047,slow,0.5638671049443125,corner,slow,True
571.0,context_wall,spatial_context,corner,0.9069873937130326,slow,0.5715060395682728,corner,slow,True
571.1,context_wall,spatial_context,corner,0.8963762883481246,slow,0.6368751498974186,corner,still,True
571.4,context_wall,spatial_context,corner,0.8131039771026697,still,0.8323368723943217,corner,slow,True
571.5,context_wall,spatial_context,corner,0.9073131610114947,still,0.6746477225372228,corner,slow,True
571.5500000000001,context_wall,spatial_context,corner,0.9405905249312257,still,0.6979954608059428,corner,slow,True
571.6,context_wall,spatial_context,corner,0.9467355084430713,still,0.46909897951546153,corner,slow,True
571.65,context_wall,spatial_context,corner,0.9584540658799544,slow,0.47951315915165177,corner,slow,True
571.7,context_wall,spatial_context,corner,0.9703210066685689,still,0.6175429761113501,corner,slow,True
571.75,context_wall,spatial_context,corner,0.853460333751795,still,0.6810949288946421,corner,slow,True
571.8000000000001,context_wall,spatial_context,corner,0.932323174980839,still,0.5476598385934832,corner,slow,True
571.85,context_wall,spatial_context,corner,0.9606590751419536,still,0.7376122760367132,corner,slow,True
571.95,context_wall,spatial_context,corner,0.9764168795732155,still,0.46228279404341516,corner,slow,True
572.0,context_wall,spatial_context,corner,0.9582764669921261,slow,0.5542182669769778,corner,slow,True
572.0500000000001,context_wall,spatial_context,corner,0.9764616151650027,slow,0.5439525511497385,corner,slow,True
572.1,context_wall,spatial_context,corner,0.961995735677678,slow,0.5848900001583757,corner,slow,True
572.15,context_wall,spatial_context,corner,0.9836215397874823,slow,0.5396546844404252,corner,slow,True
572.2,context_wall,spatial_context,corner,0.928625126370214,slow,0.5518415178488185,corner,slow,True
572.25,context_wall,spatial_context,corner,0.9190197499712233,slow,0.5343377160179703,corner,fast,True
572.3000000000001,context_wall,spatial_context,corner,0.9194660998261922,fast,0.5547814778486875,corner,slow,True
572.35,context_wall,spatial_context,corner,0.934366966325907,slow,0.5316584801260549,corner,slow,True
572.4,context_wall,spatial_context,corner,0.933830095904146,slow,0.4816627469290896,corner,slow,True
572.45,context_wall,spatial_context,corner,0.9380845324510794,slow,0.619205768991358,corner,slow,True
572.5,context_wall,spatial_context,corner,0.8274894523078639,slow,0.6354287170628616,corner,slow,True
572.9,context_wall,spatial_context,corner,0.8043089096897422,still,0.6589133570997099,corner,slow,True
573.25,context_wall,spatial_context,corner,0.8909886892927493,fast,0.8676291847533651,corner,slow,True
573.3000000000001,context_wall,spatial_context,corner,0.9334138294149075,fast,0.86995875713687,corner,fast,True
573.35,context_wall,spatial_context,corner,0.9439939052557605,fast,0.7393053769392872,corner,slow,True
573.4,context_wall,spatial_context,corner,0.9722399106529284,slow,0.5377087888580632,corner,slow,True
573.45,context_wall,spatial_context,corner,0.9535822172045211,slow,0.541834836450385,corner,slow,True
573.5,context_wall,spatial_context,corner,0.8880328935718436,still,0.4918742990342552,corner,slow,True
573.5500000000001,context_wall,spatial_context,corner,0.9100979623838676,still,0.6141624596205015,corner,slow,True
574.4,context_wall,spatial_context,corner,0.8299803826841022,fast,0.6034561437844091,wall,fast,True
574.85,context_wall,spatial_context,wall,0.8281626968328015,fast,0.4979400257214867,wall,slow,True
575.0,context_wall,spatial_context,wall,0.8044990651004542,slow,0.647258799677174,wall,slow,True
584.0,context_wall,spatial_context,corner,0.9135332968668451,fast,0.8741840510260646,corner,slow,True
584.0500000000001,context_wall,spatial_context,corner,0.8941357229048947,fast,0.7808758176263547,corner,fast,True
584.1,context_wall,spatial_context,corner,0.9416297444339253,fast,0.7289677208181411,corner,fast,True
584.3000000000001,context_wall,spatial_context,corner,0.8496420034650781,fast,0.5006295147992788,corner,fast,True
584.45,context_wall,spatial_context,corner,0.815558152156504,slow,0.577384112840622,corner,fast,True
584.7,context_wall,spatial_context,corner,0.843929102023877,fast,0.9677016248087863,corner,fast,True
584.75,context_wall,spatial_context,corner,0.8582608806790019,fast,0.9896965542686491,corner,fast,True
584.8000000000001,context_wall,spatial_context,corner,0.8660660185353887,fast,0.99592201833839,corner,fast,True
584.85,context_wall,spatial_context,corner,0.8325210523025965,fast,0.9987613377084681,corner,fast,True
584.9,context_wall,spatial_context,corner,0.8484657275175808,fast,0.9921518082545248,corner,fast,True
585.7,context_wall,spatial_context,corner,0.8992780877430724,fast,0.7180728869300007,corner,slow,True
585.75,context_wall,spatial_context,corner,0.9357320191821651,fast,0.7467700290196659,corner,slow,True
585.8000000000001,context_wall,spatial_context,corner,0.9177036168765733,fast,0.6437841070584168,corner,slow,True
585.85,context_wall,spatial_context,corner,0.8003952098075373,slow,0.5366883587801368,corner,slow,True
585.9,context_wall,spatial_context,corner,0.9005823227345576,still,0.5678387926129591,corner,slow,True
585.95,context_wall,spatial_context,corner,0.8837571928051627,still,0.5426621800441912,corner,slow,True
586.0,context_wall,spatial_context,corner,0.811517884338736,still,0.8031843398519077,corner,slow,True
586.6,context_wall,spatial_context,corner,0.8887878021035758,still,0.9129892392145823,corner,slow,True
586.65,context_wall,spatial_context,corner,0.8917009132953331,still,0.8218004964954514,corner,slow,True
586.7,context_wall,spatial_context,corner,0.8771267189165275,still,0.8167627409094277,corner,slow,True
586.75,context_wall,spatial_context,corner,0.8998542811900223,still,0.5920777065706873,corner,slow,True
586.9,context_wall,spatial_context,corner,0.8973817987786796,slow,0.5548452225235042,corner,slow,True
586.95,context_wall,spatial_context,corner,0.9148245518901961,slow,0.5705523279823119,corner,slow,True
587.0,context_wall,spatial_context,corner,0.8590437089359484,slow,0.6189622088718432,corner,slow,True
587.0500000000001,context_wall,spatial_context,corner,0.8667311950571427,slow,0.623546381843402,corner,slow,True
587.15,context_wall,spatial_context,corner,0.8414097852102645,still,0.7322010856796533,corner,slow,True
587.2,context_wall,spatial_context,corner,0.8024051499096898,still,0.7705026100251645,corner,slow,True
587.5,context_wall,spatial_context,corner,0.8849505370505477,still,0.8227432776513376,corner,slow,True
588.0,context_wall,spatial_context,corner,0.8247409651100415,still,0.7640643387508514,corner,slow,True
588.35,context_wall,spatial_context,corner,0.8074764421780116,still,0.7436753445936752,corner,slow,True
588.65,context_wall,spatial_context,wall,0.8029728015993467,slow,0.5677385276207508,corner,slow,True
588.95,context_wall,spatial_context,corner,0.8483257660656653,still,0.48512884760224956,corner,slow,True
589.15,context_wall,spatial_context,corner,0.8572486444753507,fast,0.6689979915456927,corner,slow,True
589.3000000000001,context_wall,spatial_context,corner,0.8732276498954783,fast,0.5157652155878868,corner,fast,True
589.35,context_wall,spatial_context,corner,0.8871735989809308,slow,0.4844433305041347,corner,slow,True
589.4,context_wall,spatial_context,corner,0.9010305273332156,fast,0.7154756477408707,corner,slow,True
589.45,context_wall,spatial_context,corner,0.9244520969902491,fast,0.7977005633433661,corner,slow,True
589.5,context_wall,spatial_context,corner,0.9081845027365846,fast,0.7599157123764849,corner,fast,True
589.6,context_wall,spatial_context,corner,0.8601350808886792,fast,0.8873707331884102,corner,fast,True
589.65,context_wall,spatial_context,corner,0.9102531646642751,fast,0.843584027546022,corner,slow,True
589.7,context_wall,spatial_context,corner,0.8985317064410535,fast,0.8769513079318954,corner,fast,True
589.75,context_wall,spatial_context,corner,0.9052120679357202,fast,0.8076820888221595,corner,slow,True
589.8000000000001,context_wall,spatial_context,corner,0.8635779008132839,fast,0.7232983581155098,corner,fast,True
589.95,context_wall,spatial_context,corner,0.9168462289959274,slow,0.49404575312130444,corner,fast,True
590.0,context_wall,spatial_context,corner,0.8862937514715554,slow,0.5176739639684987,corner,fast,True
590.45,context_wall,spatial_context,corner,0.8528567538856907,fast,0.9843270999277206,corner,fast,True
590.5,context_wall,spatial_context,corner,0.9422980535248189,fast,0.976548458227057,corner,fast,True
590.65,context_wall,spatial_context,corner,0.8497761171301845,fast,0.6655648773854344,corner,fast,True
590.8000000000001,context_wall,spatial_context,corner,0.8351606543159978,fast,0.7781653369460093,corner,fast,True
590.85,context_wall,spatial_context,corner,0.8795226931778772,fast,0.8540667051423939,corner,fast,True
590.9,context_wall,spatial_context,corner,0.8572997843442649,fast,0.9860712873694671,corner,fast,True
592.3000000000001,context_wall,spatial_context,corner,0.8047106389229691,slow,0.5996990407326623,wall,slow,True
592.35,context_wall,spatial_context,corner,0.8381530698709514,slow,0.512811075193258,wall,slow,True
594.25,context_wall,spatial_context,wall,0.8361727091464985,slow,0.5638016843225748,wall,slow,True
594.3000000000001,context_wall,spatial_context,wall,0.8263489802201192,slow,0.6409382981429632,wall,slow,True
594.65,context_wall,spatial_context,wall,0.8607159989015593,fast,0.5609394046643194,wall,fast,True
595.0500000000001,context_wall,spatial_context,wall,0.8322109673140361,fast,0.8833083784622281,wall,fast,True
595.15,context_wall,spatial_context,wall,0.8169270769354372,fast,0.7499802496970467,wall,fast,True
595.95,context_wall,spatial_context,wall,0.857058721049517,fast,0.808821373517243,wall,fast,True
596.0,context_wall,spatial_context,wall,0.8228954270422945,fast,0.863411326851286,wall,fast,True
597.25,context_wall,spatial_context,wall,0.8513406522999355,fast,0.9594672776636208,wall,fast,True
597.3000000000001,context_wall,spatial_context,wall,0.8215643934350194,fast,0.9386168052006287,wall,fast,True
597.35,context_wall,spatial_context,wall,0.8130979994941663,fast,0.9677287457023704,wall,fast,True
597.6,context_wall,spatial_context,wall,0.820483167022836,fast,0.6069934375611792,wall,fast,True
597.65,context_wall,spatial_context,wall,0.8914398993043023,slow,0.5782106018216615,wall,fast,True
597.7,context_wall,spatial_context,wall,0.8040233812911253,fast,0.5635731785569553,wall,fast,True
598.25,context_wall,spatial_context,corner,0.8160737948230385,fast,0.7480689302800927,wall,fast,True
599.15,context_wall,spatial_context,corner,0.8356291181726381,slow,0.5391135720624638,corner,slow,True
599.6,context_wall,spatial_context,corner,0.8202446421062561,still,0.8814918201994922,corner,slow,True
599.75,context_wall,spatial_context,corner,0.8625598378826568,still,0.6777523053246592,corner,slow,True
599.85,context_wall,spatial_context,corner,0.8976616789525717,slow,0.49633744691603027,corner,slow,True
599.9,context_wall,spatial_context,corner,0.8836383548622078,still,0.47686309592369963,corner,slow,True
599.95,context_wall,spatial_context,corner,0.8246112324700557,still,0.4555408170804923,corner,slow,True
