unit_id,cell_type,region,layer,channel,depth_um,place_x_cm,place_y_cm,hd_pref_rad
0,CA1_pyr,CA1,oriens,1,0.0,39.663841938606495,84.14119910788814,0.9039312087064584
1,CA1_pyr,CA1,oriens,8,140.0,45.47313590618649,28.17909774278215,0.3429663317734204
2,CA1_pyr,CA1,oriens,7,120.0,76.21049375940656,60.53315192976519,1.6216130964676045
3,CA1_pyr,CA1,oriens,5,80.0,87.65584195159227,81.44968970577581,1.749135098575132
4,CA1_pyr,CA1,oriens,5,80.0,47.33768029816274,13.504301262978302,-2.172163183978775
5,CA1_pyr,CA1,oriens,9,160.0,69.58097247262538,87.4007785947368,-1.09437155062963
6,CA1_pyr,CA1,oriens,1,0.0,47.564464902064636,25.157708726742854,-2.3252717601793034
7,CA1_pyr,CA1,oriens,7,120.0,28.15274792407073,63.585119574600824,-0.3948861399258021
8,CA1_pyr,CA1,oriens,3,40.0,66.02120816017992,34.98933131056329,2.0876499022927346
9,CA1_pyr,CA1,oriens,1,0.0,40.99827032241396,33.066248314419525,1.1466530692019
10,CA1_pyr,CA1,oriens,6,100.0,25.992656198008667,10.588981580080441,1.802799032993085
11,CA1_pyr,CA1,oriens,10,180.0,66.41323029010681,72.45832248175743,-0.2581397954943707
12,CA1_pyr,CA1,oriens,8,140.0,21.183759850212596,19.162405882877877,1.0581070152074163
13,CA1_pyr,CA1,oriens,8,140.0,55.218888518495106,71.19990859328205,0.8464601688356299
14,CA1_pyr,CA1,oriens,8,140.0,54.736572859633085,34.316007845008976,-2.947958488233425
15,CA1_pyr,CA1,oriens,8,140.0,27.166773825562338,42.682291497970894,2.2204969974706525
16,CA1_pyr,CA1,oriens,6,100.0,14.664219335125281,32.510711361759725,-1.296888668510524
17,CA1_pyr,CA1,oriens,2,20.0,54.562572187302266,72.71185672851308,1.0324124223557014
18,CA1_pyr,CA1,oriens,9,160.0,75.12163077328277,23.357833592616313,-2.998888489379533
19,CA1_pyr,CA1,oriens,5,80.0,67.78874804771603,46.95017842011099,-2.1282921811031534
20,CA1_pyr,CA1,pyramidal,20,380.0,23.647437482950888,84.00960947014377,0.5093221619487536
21,CA1_pyr,CA1,pyramidal,12,220.0,57.27323931851334,11.8243096823758,2.88121251111048
22,CA1_pyr,CA1,pyramidal,15,280.0,72.6188181800229,16.618399993795087,-0.08382817965092171
23,CA1_pyr,CA1,pyramidal,17,320.0,85.02611639799863,55.73824419008603,-0.16657100576347839
24,CA1_pyr,CA1,pyramidal,15,280.0,36.52551978740418,51.65379219772302,-0.38383061504838745
25,CA1_pyr,CA1,pyramidal,15,280.0,76.10335393554863,81.69286174718134,-2.2603816382483997
26,CA1_pyr,CA1,pyramidal,12,220.0,18.686059290835484,63.77920744318494,-1.3745486750900162
27,CA1_pyr,CA1,pyramidal,14,260.0,68.1595691429506,71.49179935341256,-2.464636324978074
28,CA1_pyr,CA1,pyramidal,13,240.0,28.417119271590465,12.993004494094382,0.3446482297430862
29,CA1_pyr,CA1,pyramidal,14,260.0,76.38317945059305,74.66011776514415,-1.1489502218709065
30,CA1_pyr,CA1,pyramidal,17,320.0,33.27342705120949,51.20457033853717,-1.5333165573845395
31,CA1_pyr,CA1,pyramidal,17,320.0,23.168625406561453,13.592849551386319,-0.4077971989816702
32,CA1_pyr,CA1,pyramidal,17,320.0,81.33418130039311,69.88864155655594,2.4554216368440596
33,CA1_pyr,CA1,pyramidal,14,260.0,51.50866883091592,35.27432414646344,1.709104516809945
34,CA1_pyr,CA1,pyramidal,20,380.0,39.892618309896804,17.55733344492122,1.5506248599927606
35,CA1_pyr,CA1,pyramidal,11,200.0,84.94505204270234,29.27764600045478,-2.3702818163221995
36,CA1_pyr,CA1,pyramidal,14,260.0,22.26274532995952,24.341464652619127,0.6244404954702558
37,CA1_pyr,CA1,pyramidal,12,220.0,25.71477325716586,34.82589383200758,1.7429860037774967
38,CA1_pyr,CA1,pyramidal,14,260.0,50.05929489618738,21.511800204100062,-3.0540283754249935
39,CA1_pyr,CA1,pyramidal,20,380.0,20.54577742292168,64.2126938890286,-2.3760964505709175
40,CA1_pyr,CA1,pyramidal,14,260.0,65.54099485143092,56.48932873767219,-1.886365214347092
41,CA1_pyr,CA1,pyramidal,20,380.0,67.23257036926412,69.11872031324334,-2.31813251461289
42,CA1_pyr,CA1,pyramidal,15,280.0,84.20500408052061,41.80625550599525,-1.2506762551768746
43,CA1_pyr,CA1,pyramidal,17,320.0,63.0291370210866,86.4498605637576,-1.341797929547435
44,CA1_pyr,CA1,pyramidal,15,280.0,11.988759310900505,54.41584338614597,0.8417904532423379
45,CA1_pyr,CA1,pyramidal,13,240.0,21.22716776511301,43.5291455453043,2.929421500116283
46,CA1_pyr,CA1,pyramidal,18,340.0,84.6418577280169,74.34887324903767,-0.2049474418515218
47,CA1_pyr,CA1,pyramidal,20,380.0,11.426942718159019,18.731519741258793,2.069861032795731
48,CA1_pyr,CA1,pyramidal,13,240.0,28.611259357314694,52.46156724792428,0.6661170469508941
49,CA1_pyr,CA1,pyramidal,18,340.0,58.24857258709805,43.00572554189443,-0.7905249698727341
50,CA1_pyr,CA1,pyramidal,13,240.0,62.15448204639793,79.39925054018599,-0.2896744331533614
51,CA1_pyr,CA1,pyramidal,18,340.0,28.932989039806493,69.68114241947572,1.9890602030571243
52,CA1_pyr,CA1,pyramidal,18,340.0,15.324708556414253,57.55469310051615,-2.2231590733754576
53,CA1_pyr,CA1,pyramidal,15,280.0,34.826773913925955,21.50975463769141,2.6450354874895954
54,CA1_pyr,CA1,pyramidal,18,340.0,32.777606587034846,22.28907161536469,-2.4159471824424
55,CA1_pyr,CA1,pyramidal,13,240.0,14.431632733140809,23.971317674868217,-2.806184078837874
56,CA1_pyr,CA1,pyramidal,11,200.0,64.45716214396052,41.49043654656226,-1.143595665406757
57,CA1_pyr,CA1,pyramidal,11,200.0,80.00039537876869,78.09053014577648,-2.8684307827222972
58,CA1_pyr,CA1,pyramidal,15,280.0,28.93958968835168,29.951006066576944,0.4475679508216297
59,CA1_pyr,CA1,pyramidal,20,380.0,13.940329594207519,39.88913107676573,0.1492441783848486
60,CA1_pyr,CA1,pyramidal,12,220.0,76.67668430308478,14.15694931720834,2.6693601892890024
61,CA1_pyr,CA1,pyramidal,15,280.0,77.48599612782021,82.21225151420937,3.013231454015794
62,CA1_pyr,CA1,pyramidal,18,340.0,72.35820326170631,61.39866207964381,1.7529857958419663
63,CA1_pyr,CA1,pyramidal,13,240.0,52.88544287581098,51.13782961523316,2.246692042207555
64,CA1_pyr,CA1,pyramidal,18,340.0,40.80715968802828,61.165061698968806,-1.467354252166148
65,CA1_pyr,CA1,pyramidal,14,260.0,48.230181921899664,43.3511494875908,-1.6803126203671437
66,CA1_pyr,CA1,pyramidal,19,360.0,39.3113959860998,36.19964515300364,-0.7573495232471301
67,CA1_pyr,CA1,pyramidal,16,300.0,33.75011796570283,85.90863413722724,2.615991759035599
68,CA1_pyr,CA1,pyramidal,16,300.0,36.268896400375105,52.83478318640025,2.190070141725773
69,CA1_pyr,CA1,pyramidal,12,220.0,74.35134623576619,52.617782085259215,0.835146095279458
70,CA1_pyr,CA1,pyramidal,15,280.0,68.79145298482327,26.192367450057468,1.223952740858464
71,CA1_pyr,CA1,pyramidal,19,360.0,20.568226984123513,59.15037924335358,-2.544088445536219
72,CA1_pyr,CA1,pyramidal,11,200.0,16.75945750588162,84.87518581605008,-2.278233166486314
73,CA1_pyr,CA1,pyramidal,18,340.0,74.07073408680773,57.49456035730833,1.7757796216631547
74,CA1_pyr,CA1,pyramidal,15,280.0,85.68216502538642,30.270668307134976,0.565963542246374
75,CA1_pyr,CA1,pyramidal,18,340.0,59.293256001929706,23.703304327423105,0.4080967276959764
76,CA1_pyr,CA1,pyramidal,17,320.0,47.27881223849819,51.81054204104982,1.658279566310421
77,CA1_pyr,CA1,pyramidal,15,280.0,49.37225724603433,57.96747532180898,2.7095371800114814
78,CA1_pyr,CA1,pyramidal,14,260.0,19.36828527200884,17.016720952861473,0.991884273109747
79,CA1_pyr,CA1,pyramidal,17,320.0,71.94571329134746,63.698513064687404,-1.0452847925414734
80,CA1_pyr,CA1,pyramidal,12,220.0,71.00257176565219,31.642795272814055,-0.8533067185323366
81,CA1_pyr,CA1,pyramidal,16,300.0,22.608931889999972,21.822669803375334,2.740269669939978
82,CA1_pyr,CA1,pyramidal,11,200.0,40.66558582219279,68.37485669419024,0.3329652489794297
83,CA1_pyr,CA1,pyramidal,17,320.0,72.42411951275137,48.349565129963224,-0.7768563395972206
84,CA1_pyr,CA1,pyramidal,17,320.0,67.42081888029148,86.0955728003073,-2.397169798004137
85,CA1_pyr,CA1,pyramidal,11,200.0,60.9659107192966,19.753734266809005,0.5545413686476639
86,CA1_pyr,CA1,pyramidal,18,340.0,10.984214871088227,46.34543694733972,2.044545427712144
87,CA1_pyr,CA1,pyramidal,15,280.0,46.68384654388409,45.385130165431455,-1.2445269038432705
88,CA1_pyr,CA1,pyramidal,18,340.0,72.50352283452128,18.847072879688838,3.1229608592840723
89,CA1_pyr,CA1,pyramidal,11,200.0,32.71267502912312,76.95172637287506,-2.4729390145385906
90,CA1_pyr,CA1,pyramidal,12,220.0,63.25477888852295,62.01000124470376,-2.57333680663245
91,CA1_pyr,CA1,pyramidal,15,280.0,12.319960256357554,29.266244643291763,-2.2429597089375193
92,CA1_pyr,CA1,pyramidal,12,220.0,25.85633817703183,82.85105817047082,0.9818673318695552
93,CA1_pyr,CA1,pyramidal,14,260.0,10.434386730296037,14.132633361151914,0.6655475198565903
94,CA1_pyr,CA1,pyramidal,17,320.0,29.08422565019108,77.95270743384583,-2.781993768117446
95,CA1_pyr,CA1,pyramidal,12,220.0,84.22363441378243,71.76867192835044,1.2448295989414744
96,CA1_pyr,CA1,pyramidal,17,320.0,13.212103963765314,26.14256885752443,-2.356674027257762
97,CA1_pyr,CA1,pyramidal,12,220.0,69.61505026630756,60.400947566111896,2.2062217669179995
98,CA1_pyr,CA1,pyramidal,12,220.0,68.76968735481293,25.44331926951233,-1.440365245519499
99,CA1_pyr,CA1,pyramidal,16,300.0,88.41638279189455,58.92348847816557,-2.799157075199825
100,CA1_pyr,CA1,radiatum,21,400.0,34.3763683008665,44.232257094508,0.697355324820446
101,CA1_pyr,CA1,radiatum,21,400.0,42.94487172684562,42.702648754295765,-1.7741922922243012
102,CA1_pyr,CA1,radiatum,23,440.0,35.363272905379034,12.884786742189096,-0.5127076436201179
103,CA1_pyr,CA1,radiatum,29,560.0,28.04742945633688,55.79663464976925,0.41325703841912453
104,CA1_pyr,CA1,radiatum,25,480.0,61.8358785760968,62.19464452168253,-1.1547605409267105
105,CA1_pyr,CA1,radiatum,28,540.0,53.93155068797435,44.513455614391205,0.7917597687700977
106,CA1_pyr,CA1,radiatum,25,480.0,51.01913956854066,68.93645507857762,2.4278409405141783
107,CA1_pyr,CA1,radiatum,22,420.0,50.290634014647935,51.622009179245524,1.8841413589692442
108,CA1_pyr,CA1,radiatum,24,460.0,76.99058898760549,49.531331721393876,-2.413643385508479
109,CA1_pyr,CA1,radiatum,21,400.0,77.35945688315705,14.445433352550232,-1.3784590010482434
110,CA1_pyr,CA1,radiatum,28,540.0,23.839555615327505,35.11146958415914,1.5248823694087594
111,CA1_pyr,CA1,radiatum,22,420.0,76.17387396165492,78.52384188596466,-0.8026042064850993
112,CA1_pyr,CA1,radiatum,24,460.0,58.06723263560647,19.573804469191547,-0.8487366857575549
113,CA1_pyr,CA1,radiatum,30,580.0,89.63715780669096,71.76839130836684,-1.1877638633572558
114,CA1_pyr,CA1,radiatum,26,500.0,66.43250923872102,41.02733561309198,0.8852293987803508
115,CA1_pyr,CA1,radiatum,25,480.0,26.724612688179317,52.007064237380895,-2.1127128646425746
116,CA1_pyr,CA1,radiatum,26,500.0,76.90434324401903,89.13064021468844,0.3516662878395924
117,CA1_pyr,CA1,radiatum,28,540.0,89.2257331461018,21.327671085501976,-0.3251824023823513
118,CA1_pyr,CA1,radiatum,23,440.0,16.4039426916948,70.42641382357957,-0.41607864255382454
119,CA1_pyr,CA1,radiatum,27,520.0,22.053837905059215,24.47413217846945,2.55790749723152
120,CA1_pyr,CA1,radiatum,29,560.0,28.6281827954965,33.36474642516227,-0.0615906575566032
121,CA1_pyr,CA1,radiatum,26,500.0,49.46319806805333,16.72922676455056,-1.6105848864290768
122,CA1_pyr,CA1,radiatum,25,480.0,61.00709603827673,61.93192401074195,1.069418593257769
123,CA1_pyr,CA1,radiatum,22,420.0,14.648678537715787,39.32867079460899,0.24835820046667179
124,CA1_pyr,CA1,radiatum,23,440.0,77.55830986297492,48.605800686983514,1.687836923194241
125,CA1_pyr,CA1,radiatum,30,580.0,50.383318632279845,82.76417950970799,0.5474158630855444
126,CA1_pyr,CA1,radiatum,26,500.0,37.247263647321944,49.905356682518814,0.1973613913231782
127,CA1_pyr,CA1,radiatum,24,460.0,41.88420053612325,83.38701380413409,0.8220432103651372
128,CA1_pyr,CA1,radiatum,25,480.0,37.1084508487684,25.328240773015985,-2.9856243165948197
129,CA1_pyr,CA1,radiatum,26,500.0,45.85658626054972,34.602805793662895,0.6187504430878801
130,CA1_pyr,CA1,radiatum,26,500.0,32.24176852806511,66.2426772559114,0.8405002726935407
131,CA1_pyr,CA1,radiatum,27,520.0,59.628616772643525,48.20046989021862,1.6426292398160554
132,CA1_pyr,CA1,radiatum,23,440.0,67.65567573746813,87.05689788395037,1.7718907453307855
133,CA1_pyr,CA1,radiatum,27,520.0,19.128325694690975,68.59308023950302,-0.3764338028636587
134,CA1_pyr,CA1,radiatum,25,480.0,62.32819275858854,87.58520933644556,3.0446938814324565
135,CA1_pyr,CA1,radiatum,30,580.0,68.7002797950333,69.99868303482148,-0.9645137983450307
136,CA1_pyr,CA1,radiatum,22,420.0,13.27575682285758,72.18745020233428,-0.06471843087617302
137,CA1_pyr,CA1,radiatum,22,420.0,47.197876495492245,88.23335832590722,-0.5555843638163629
138,CA1_pyr,CA1,radiatum,25,480.0,16.785541784946567,54.43693681102111,1.897897615478498
139,CA1_pyr,CA1,radiatum,26,500.0,75.80664724939453,12.957658176093938,-0.7998347787398896
140,CA1_pyr,CA1,radiatum,27,520.0,18.742583289164642,64.02445029339873,1.3399407657012814
141,CA1_pyr,CA1,radiatum,25,480.0,79.23652384445303,69.1545174781208,1.8904319668721197
142,CA1_pyr,CA1,radiatum,30,580.0,28.762812035303888,59.75182187001966,2.250167652147902
143,CA1_pyr,CA1,radiatum,25,480.0,51.17034736930798,64.18299194915178,-2.9555645695514725
144,CA1_pyr,CA1,radiatum,22,420.0,81.65079051069574,63.7290247084687,-1.6483411167941409
145,CA1_pyr,CA1,radiatum,22,420.0,37.842513872761145,78.26757369152476,-1.2632742972048656
146,CA1_pyr,CA1,radiatum,30,580.0,41.75520541982672,31.986004060405364,2.428812795017448
147,CA1_pyr,CA1,radiatum,22,420.0,16.78492729886105,37.35415508365283,1.3674670947285863
148,CA1_pyr,CA1,radiatum,30,580.0,89.89946960534118,33.70896456089319,-0.578417780059548
149,CA1_pyr,CA1,radiatum,23,440.0,55.989754369842686,89.80640298103337,1.2621726112815157
150,CA2_pyr,CA2,pyramidal,31,600.0,54.91915155315077,73.35795401130993,1.7833194738528153
151,CA2_pyr,CA2,pyramidal,34,660.0,48.10058468693805,89.57613991480198,1.0970283020252296
152,CA2_pyr,CA2,pyramidal,35,680.0,82.20431753753856,73.00718689834713,-1.978076514184397
153,CA2_pyr,CA2,pyramidal,40,780.0,18.15153258516359,62.233770125119875,2.8610448368222805
154,CA2_pyr,CA2,pyramidal,33,640.0,44.63779942942138,12.867420113453054,2.8888485233144694
155,CA2_pyr,CA2,pyramidal,35,680.0,13.286327464387755,29.68532892039508,-2.72985279402071
156,CA2_pyr,CA2,pyramidal,34,660.0,51.28702410056899,35.005595922286716,-2.8213984982284877
157,CA2_pyr,CA2,pyramidal,32,620.0,40.760350239194246,14.84227606612289,1.2452627719861615
158,CA2_pyr,CA2,pyramidal,32,620.0,34.16572550269108,41.5300621742478,-0.5239571282602444
159,CA2_pyr,CA2,pyramidal,34,660.0,18.965629679895805,79.02116509927025,-3.133845093332138
160,CA2_pyr,CA2,pyramidal,31,600.0,49.160160520576646,36.647532880851024,-0.4314850580160674
161,CA2_pyr,CA2,pyramidal,31,600.0,77.29629649719652,30.827883473220005,-1.1153254531954873
162,CA2_pyr,CA2,pyramidal,34,660.0,48.38907204408521,64.66066861270504,-1.7074375401565371
163,CA2_pyr,CA2,pyramidal,33,640.0,84.43076940713203,13.885543187756646,-0.24649183995361268
164,CA2_pyr,CA2,pyramidal,36,700.0,22.036320924597923,13.789921600438548,-2.2732226931372823
165,CA2_pyr,CA2,pyramidal,31,600.0,10.740782545689873,25.065757984908146,-2.945032544969217
166,CA2_pyr,CA2,pyramidal,34,660.0,59.6119429302637,29.331112699126862,0.43487213834580096
167,CA2_pyr,CA2,pyramidal,35,680.0,77.95482664718233,10.379311432949914,2.220285794945953
168,CA2_pyr,CA2,pyramidal,40,780.0,23.019478888396605,71.83499105082272,2.2336192322052257
169,CA2_pyr,CA2,pyramidal,37,720.0,83.50349447221447,46.35659442389262,0.6498350118701914
170,CA2_pyr,CA2,pyramidal,39,760.0,38.922886291135946,75.05274766560903,-1.1410319946310739
171,CA2_pyr,CA2,pyramidal,34,660.0,58.0587135090114,27.308455618032113,-0.5401899843043059
172,CA2_pyr,CA2,pyramidal,35,680.0,16.24867144642911,12.386781607975799,-0.9646030566840551
173,CA2_pyr,CA2,pyramidal,35,680.0,23.239020606542002,68.01466566806951,1.3074757945999638
174,CA2_pyr,CA2,pyramidal,39,760.0,35.3722536903983,81.20155656941564,0.5895547207369503
175,CA2_pyr,CA2,pyramidal,40,780.0,21.49749291644273,65.44763415437612,-2.0549538531711278
176,CA2_pyr,CA2,pyramidal,40,780.0,89.34195807429685,10.32060837866716,-3.037418685911115
177,CA2_pyr,CA2,pyramidal,38,740.0,56.77110673073324,20.15279804148105,2.4963233440050505
178,CA2_pyr,CA2,pyramidal,36,700.0,52.89603304891002,59.743362388860525,-1.425106905841831
179,CA2_pyr,CA2,pyramidal,36,700.0,57.56540871126915,33.58041545622104,1.0280613563216692
180,CA2_pyr,CA2,pyramidal,40,780.0,11.452843513149125,57.65710197485819,-1.688414164792798
181,CA2_pyr,CA2,pyramidal,33,640.0,30.29316052494628,58.86161065883346,0.33640701978509835
182,CA2_pyr,CA2,pyramidal,34,660.0,64.20966108798353,68.0615707772347,0.4205825720457659
183,CA2_pyr,CA2,pyramidal,39,760.0,88.67336607943501,43.54179103206441,0.09162801734100512
184,CA2_pyr,CA2,pyramidal,34,660.0,73.68228450483028,51.61840536367951,-0.5782953884523216
185,CA2_pyr,CA2,pyramidal,33,640.0,81.17251373403178,41.600579203244514,1.1471940152295401
186,CA2_pyr,CA2,pyramidal,36,700.0,86.9239703632826,24.27534094574647,-1.8878333356383818
187,CA2_pyr,CA2,pyramidal,34,660.0,83.00661953135449,26.971792601864113,-0.18974661570979467
188,CA2_pyr,CA2,pyramidal,39,760.0,80.26925870486413,40.32421560298442,0.10693658970807007
189,CA2_pyr,CA2,pyramidal,40,780.0,68.49087813222363,72.6368104020868,0.43940714176340023
190,CA2_pyr,CA2,pyramidal,34,660.0,82.31786327024321,79.24580314568226,1.8730014288416594
191,CA2_pyr,CA2,pyramidal,36,700.0,26.351789366514335,69.48802920861215,-2.9961991513057615
192,CA2_pyr,CA2,pyramidal,40,780.0,40.171574428454456,67.54500269526588,2.435180968675673
193,CA2_pyr,CA2,pyramidal,38,740.0,35.530599087973286,58.69929031185974,0.5088712431714284
194,CA2_pyr,CA2,pyramidal,33,640.0,58.14198046941668,84.83050956531957,-0.20332226410787113
195,CA2_pyr,CA2,pyramidal,36,700.0,40.17647863064031,41.52855860744949,-2.3178124399239297
196,CA2_pyr,CA2,pyramidal,37,720.0,64.76496587149418,37.15822033671222,2.8582108919680325
197,CA2_pyr,CA2,pyramidal,37,720.0,17.913960408385783,70.28036504002063,2.394120122916079
198,CA2_pyr,CA2,pyramidal,31,600.0,26.16704813163824,24.861290789686976,0.13830736852327963
199,CA2_pyr,CA2,pyramidal,33,640.0,30.75518718836274,13.613849359154111,-0.11629333851750046
200,CA2_pyr,CA2,pyramidal,39,760.0,62.20153606021306,49.640524530289476,-2.4460938404256742
201,CA2_pyr,CA2,pyramidal,33,640.0,33.58191596596342,71.18428420857875,2.366943746428964
202,CA2_pyr,CA2,pyramidal,33,640.0,88.76548866006033,88.5893346483626,2.8462774951728758
203,CA2_pyr,CA2,pyramidal,34,660.0,21.023482874224413,34.357322118082635,0.33236953271327696
204,CA2_pyr,CA2,pyramidal,32,620.0,77.6637566241714,59.340494326184725,0.26618339009265934
205,CA2_pyr,CA2,pyramidal,32,620.0,30.26043795201579,22.824961998580644,2.211261246165593
206,CA2_pyr,CA2,pyramidal,34,660.0,68.81035420157068,33.682629032802055,-0.808943538985055
207,CA2_pyr,CA2,pyramidal,39,760.0,70.80119773952279,71.78823901396544,-1.842144936187648
208,CA2_pyr,CA2,pyramidal,31,600.0,19.652426995494913,81.68976659389043,-2.510788207938103
209,CA2_pyr,CA2,pyramidal,33,640.0,77.71828288543657,24.359365787686997,-0.5430687040623345
210,CA3_pyr,CA3,pyramidal,46,900.0,63.427932707838906,20.349024276661957,-1.412758347495753
211,CA3_pyr,CA3,pyramidal,48,940.0,32.681661327938336,63.978923787942236,2.578160013216376
212,CA3_pyr,CA3,pyramidal,67,1320.0,53.36632279605753,66.11128809947459,2.8457957992800154
213,CA3_pyr,CA3,pyramidal,62,1220.0,30.408554482190453,60.0382525531149,-1.1278872954535646
214,CA3_pyr,CA3,pyramidal,45,880.0,41.97409081309095,64.83421766088114,-2.9956494494673365
215,CA3_pyr,CA3,pyramidal,66,1300.0,80.00860906580093,58.81819555465967,-0.35221723255969817
216,CA3_pyr,CA3,pyramidal,58,1140.0,78.31875009177833,35.77725390583506,0.27990586516447413
217,CA3_pyr,CA3,pyramidal,67,1320.0,60.57620000918899,36.72890135670045,-1.6072073808377845
218,CA3_pyr,CA3,pyramidal,63,1240.0,83.90995995988051,77.46583086095832,3.0046470532080694
219,CA3_pyr,CA3,pyramidal,51,1000.0,71.17337828495997,71.00720735701125,-0.1218458483347038
220,CA3_pyr,CA3,pyramidal,57,1120.0,29.21810209192025,61.58553554874324,-1.3237406253604067
221,CA3_pyr,CA3,pyramidal,56,1100.0,56.87690992768438,42.79859105800345,-1.7664760248322096
222,CA3_pyr,CA3,pyramidal,62,1220.0,78.84559354355008,23.41596157422248,-3.0944245754003186
223,CA3_pyr,CA3,pyramidal,48,940.0,73.8008668544602,77.13390929874595,-2.272445472680818
224,CA3_pyr,CA3,pyramidal,50,980.0,19.256333384754356,41.20500721252234,3.1328559787428087
225,CA3_pyr,CA3,pyramidal,48,940.0,22.317086606210115,43.82402660374348,0.7518995241056721
226,CA3_pyr,CA3,pyramidal,49,960.0,88.46569164264274,15.57125092731157,-2.2745286801621742
227,CA3_pyr,CA3,pyramidal,45,880.0,31.650572181668835,80.78792476050884,1.0270071042324433
228,CA3_pyr,CA3,pyramidal,42,820.0,76.60234279392057,24.108510400646068,-0.4806926120803725
229,CA3_pyr,CA3,pyramidal,69,1360.0,50.061291926422264,64.89303324921204,0.959359049131729
230,CA3_pyr,CA3,pyramidal,43,840.0,89.95375273793502,51.31675221085128,-2.5434391491403807
231,CA3_pyr,CA3,pyramidal,67,1320.0,88.13312625732713,35.466111010321626,-0.24373175855448226
232,CA3_pyr,CA3,pyramidal,41,800.0,14.113532364554349,63.78115449787558,-0.9215064394628953
233,CA3_pyr,CA3,pyramidal,64,1260.0,76.56960602255889,75.69846292782763,-0.5236029767043
234,CA3_pyr,CA3,pyramidal,50,980.0,69.90566237336438,74.11115470741784,-0.05493108438099803
235,CA3_pyr,CA3,pyramidal,56,1100.0,21.512695686284662,80.32550237271681,-2.5378084976908695
236,CA3_pyr,CA3,pyramidal,49,960.0,52.70720106191683,15.401478414993202,-2.8097958499578772
237,CA3_pyr,CA3,pyramidal,55,1080.0,44.905332775541055,71.96991050337839,-2.922696842984651
238,CA3_pyr,CA3,pyramidal,54,1060.0,75.85018539329492,23.44006788622969,-2.2188205928024267
239,CA3_pyr,CA3,pyramidal,56,1100.0,75.84996879600757,53.11534130113495,2.005591991633435
240,CA3_pyr,CA3,pyramidal,52,1020.0,41.55852143510035,69.02380448850982,-1.52397428546087
241,CA3_pyr,CA3,pyramidal,57,1120.0,50.33428835126511,70.02127903585864,-0.2219243804590887
242,CA3_pyr,CA3,pyramidal,65,1280.0,27.535137318290587,26.6703473148012,1.5801633658728802
243,CA3_pyr,CA3,pyramidal,54,1060.0,16.87858800887561,24.103309201770415,-2.039858029157314
244,CA3_pyr,CA3,pyramidal,51,1000.0,41.88052987793699,89.23107658883859,-2.279468894660187
245,CA3_pyr,CA3,pyramidal,44,860.0,45.898360576100046,41.43345413576591,2.356723528451833
246,CA3_pyr,CA3,pyramidal,51,1000.0,79.8287167019343,25.38405432281064,-1.7542783991940227
247,CA3_pyr,CA3,pyramidal,44,860.0,33.126686531055334,68.77801046244639,0.4173332572604651
248,CA3_pyr,CA3,pyramidal,46,900.0,76.28375398710287,66.84262173941423,-2.974599631061138
249,CA3_pyr,CA3,pyramidal,69,1360.0,58.12467619648125,48.89536604978204,-1.5068042499851249
250,CA3_pyr,CA3,pyramidal,43,840.0,70.63282549862885,76.12891877263439,0.3846758806271837
251,CA3_pyr,CA3,pyramidal,55,1080.0,31.65574091960856,51.75347766154027,-1.1639624747856954
252,CA3_pyr,CA3,pyramidal,66,1300.0,64.13219060077101,15.286336873551587,-3.1348855730429395
253,CA3_pyr,CA3,pyramidal,69,1360.0,81.56091981750248,61.70326105828473,-2.0611338968816604
254,CA3_pyr,CA3,pyramidal,45,880.0,47.5964752229872,48.08734053429285,2.7365907422126066
255,CA3_pyr,CA3,pyramidal,45,880.0,27.214261970297482,56.861706012377795,-1.9133146888323236
256,CA3_pyr,CA3,pyramidal,52,1020.0,27.127383146937618,17.93255764790515,-1.8410665397302477
257,CA3_pyr,CA3,pyramidal,57,1120.0,24.091063933846392,20.775361993867783,2.2637178539337963
258,CA3_pyr,CA3,pyramidal,69,1360.0,38.860694921460286,14.42163276009821,-0.8961730859693859
259,CA3_pyr,CA3,pyramidal,47,920.0,58.838805387343086,26.431223813792535,2.440172108500583
260,CA3_pyr,CA3,pyramidal,45,880.0,17.986484574143216,18.592236503086177,-2.4169752721214777
261,CA3_pyr,CA3,pyramidal,48,940.0,19.75751713676983,78.19058543442131,1.5976350466920604
262,CA3_pyr,CA3,pyramidal,67,1320.0,52.08484215088167,89.73417692153228,-2.864032295827893
263,CA3_pyr,CA3,pyramidal,41,800.0,35.914933515010894,85.89163989701129,0.48293164512781583
264,CA3_pyr,CA3,pyramidal,52,1020.0,23.627295492681508,88.29073151203511,-0.008547979077842882
265,CA3_pyr,CA3,pyramidal,44,860.0,87.67077828365902,40.458588897371605,-0.6438692600696574
266,CA3_pyr,CA3,pyramidal,45,880.0,20.244208843822953,35.68685011294839,-1.927628960777733
267,CA3_pyr,CA3,pyramidal,68,1340.0,79.29156850648161,57.14649329019808,-0.8879850397765345
268,CA3_pyr,CA3,pyramidal,41,800.0,44.52152029498837,60.65193457157675,2.6814711701576153
269,CA3_pyr,CA3,pyramidal,50,980.0,41.31935836245307,36.340996767821565,-0.3075839107710241
270,CA3_pyr,CA3,pyramidal,68,1340.0,46.945432915979865,62.700272785336075,0.34179914442465
271,CA3_pyr,CA3,pyramidal,59,1160.0,37.65846446101061,40.287423004778475,-2.546953452250353
272,CA3_pyr,CA3,pyramidal,43,840.0,67.8491041716309,41.1277369217664,-1.7936045333824941
273,CA3_pyr,CA3,pyramidal,54,1060.0,70.44316339787417,30.593788987629715,2.0532813846382227
274,CA3_pyr,CA3,pyramidal,70,1380.0,57.79156232590726,63.51581271932637,-2.8112479636815553
275,CA3_pyr,CA3,pyramidal,53,1040.0,41.3987787411955,83.91203204363438,0.49623042310813625
276,CA3_pyr,CA3,pyramidal,56,1100.0,13.083359945874857,64.43350445359376,0.39375474373892905
277,CA3_pyr,CA3,pyramidal,56,1100.0,69.47679689779082,78.17162696553454,-0.022509621700050886
278,CA3_pyr,CA3,pyramidal,60,1180.0,10.437848706770199,72.93197699948794,-1.06364232216244
279,CA3_pyr,CA3,pyramidal,46,900.0,39.844847004644244,55.206232850456445,-1.4429851020591227
280,CA3_pyr,CA3,pyramidal,66,1300.0,71.99263227050623,49.72723830770253,0.22926038640963098
281,CA3_pyr,CA3,pyramidal,70,1380.0,87.08639297777229,78.45136973619228,-1.9628087017981808
282,CA3_pyr,CA3,pyramidal,45,880.0,80.251793972443,39.957114915915014,-2.5063238773180645
283,CA3_pyr,CA3,pyramidal,65,1280.0,48.541084108973735,55.151414428734284,3.029401958564721
284,CA3_pyr,CA3,pyramidal,65,1280.0,43.99835085328811,39.59874942777582,-0.5176132499911619
285,CA3_pyr,CA3,pyramidal,63,1240.0,73.58004467340575,77.01734865496329,-1.354672756234175
286,CA3_pyr,CA3,pyramidal,52,1020.0,79.94674050678506,11.917628442236436,0.1285379101006976
287,CA3_pyr,CA3,pyramidal,55,1080.0,65.21014156627677,23.071336011956358,1.0576532373107659
288,CA3_pyr,CA3,pyramidal,66,1300.0,59.49718225357137,13.207600789822074,-0.24047511231487206
289,CA3_pyr,CA3,pyramidal,45,880.0,27.146112228398927,21.169892334329656,-1.9573736821219878
290,CA3_pyr,CA3,pyramidal,65,1280.0,17.744811944397718,85.78558365836835,-0.5969399169042879
291,CA3_pyr,CA3,pyramidal,68,1340.0,87.95336984870774,16.458822400219127,0.9529673724769001
292,CA3_pyr,CA3,pyramidal,61,1200.0,60.73875471733827,44.32208970859301,-0.43306001700660657
293,CA3_pyr,CA3,pyramidal,51,1000.0,52.76806010314203,89.4834397429478,2.8821443874795545
294,CA3_pyr,CA3,pyramidal,57,1120.0,66.46376029035906,34.14118933575446,2.5320555276341787
295,CA3_pyr,CA3,pyramidal,42,820.0,84.86992816088645,76.99805950302215,-2.403290845491034
296,CA3_pyr,CA3,pyramidal,68,1340.0,76.77661314615487,22.46061367796635,0.2192715620256953
297,CA3_pyr,CA3,pyramidal,51,1000.0,55.39584908394587,41.778664117825926,-0.3454743162721643
298,CA3_pyr,CA3,pyramidal,42,820.0,87.5001857089279,34.852334806486624,-1.951786744994694
299,CA3_pyr,CA3,pyramidal,64,1260.0,87.14985559131831,17.54288427904056,2.307833067359411
300,CA3_pyr,CA3,pyramidal,60,1180.0,76.40153433272225,88.07180322943171,2.149821104326702
301,CA3_pyr,CA3,pyramidal,59,1160.0,20.15482054327358,73.6630852133576,0.28698884994526885
302,CA3_pyr,CA3,pyramidal,42,820.0,81.91372610564109,87.7443054917369,1.2870371416922204
303,CA3_pyr,CA3,pyramidal,63,1240.0,46.51230863214763,40.907316577854544,-0.8695989438884424
304,CA3_pyr,CA3,pyramidal,60,1180.0,17.180258820095624,16.19488682083506,1.7584740909411538
305,CA3_pyr,CA3,pyramidal,64,1260.0,84.45475908356964,58.9776806875162,-2.920575439163036
306,CA3_pyr,CA3,pyramidal,65,1280.0,26.465583441040607,88.05888195117285,-1.7674334732157595
307,CA3_pyr,CA3,pyramidal,47,920.0,84.89415453121569,88.17541839314859,-1.6564962387893358
308,CA3_pyr,CA3,pyramidal,47,920.0,22.288146603020678,15.066278296204647,-1.9155908888838578
309,CA3_pyr,CA3,pyramidal,68,1340.0,82.99590370365135,52.9775106955472,0.7916157315097334
310,CA3_pyr,CA3,pyramidal,56,1100.0,74.046689653908,59.42311268044666,2.2879391749866915
311,CA3_pyr,CA3,pyramidal,54,1060.0,37.832062060527385,17.246324682835148,-1.7220391447406704
312,CA3_pyr,CA3,pyramidal,49,960.0,85.65549214595787,40.26478578987322,1.701318277680051
313,CA3_pyr,CA3,pyramidal,60,1180.0,24.62470163447812,35.658729516276125,0.9625330011545188
314,CA3_pyr,CA3,pyramidal,63,1240.0,44.780779744723695,28.29164821296917,1.3942814165975879
315,CA3_pyr,CA3,pyramidal,41,800.0,84.93357534921013,25.032286322918136,-2.467329192161776
316,CA3_pyr,CA3,pyramidal,57,1120.0,51.56396784877552,50.655433182259586,-0.39792990045299836
317,CA3_pyr,CA3,pyramidal,70,1380.0,48.902449013646546,48.23572645918648,-0.4915583252746778
318,CA3_pyr,CA3,pyramidal,49,960.0,57.436530491969286,28.237421777854593,0.8646227227111325
319,CA3_pyr,CA3,pyramidal,49,960.0,88.51096810024013,47.52040632101377,2.4928875213232535
320,CA3_pyr,CA3,pyramidal,67,1320.0,14.826465485937739,75.77708368750456,0.9310658330076098
321,CA3_pyr,CA3,pyramidal,42,820.0,44.253589080709865,61.034939539731596,2.238252842646065
322,CA3_pyr,CA3,pyramidal,52,1020.0,37.813890786872264,63.00236754929599,1.079791712877177
323,CA3_pyr,CA3,pyramidal,54,1060.0,39.67298572333354,44.00654140113049,1.961126403763915
324,CA3_pyr,CA3,pyramidal,64,1260.0,68.92584744925864,46.77675715628737,-1.7875967447836523
325,CA3_pyr,CA3,pyramidal,44,860.0,20.492413534776794,25.886693082504646,0.7968648684130435
326,CA3_pyr,CA3,pyramidal,54,1060.0,81.5750309494252,31.806919793271334,-2.4458916188024373
327,CA3_pyr,CA3,pyramidal,45,880.0,22.353847041771395,25.813358580371162,-1.3111157114425835
328,CA3_pyr,CA3,pyramidal,64,1260.0,80.62604528272624,70.84368181838936,1.3078924838824886
329,CA3_pyr,CA3,pyramidal,59,1160.0,38.61461052207794,48.272394086934234,-2.215288068752219
330,CA3_pyr,CA3,pyramidal,55,1080.0,34.66665631622754,20.182095866323138,0.31566529403519317
331,CA3_pyr,CA3,pyramidal,52,1020.0,15.594530518148897,48.48984814105198,1.7731852356281985
332,CA3_pyr,CA3,pyramidal,45,880.0,75.20584769750033,45.85925065364856,2.014119551755125
333,CA3_pyr,CA3,pyramidal,68,1340.0,38.86484491340123,24.108446113424105,-0.20430066411857473
334,CA3_pyr,CA3,pyramidal,60,1180.0,29.274169313144974,70.14245673846253,-1.1696352263521554
335,CA3_pyr,CA3,pyramidal,50,980.0,20.471226468039603,45.1057361441559,-1.2380097490841404
336,CA3_pyr,CA3,pyramidal,53,1040.0,28.879781009644212,71.05243918559204,2.7017907141372
337,CA3_pyr,CA3,pyramidal,62,1220.0,61.439873867266606,79.37378212853648,3.1342390480805653
338,CA3_pyr,CA3,pyramidal,62,1220.0,81.18235732318949,82.68865972445136,1.8312437059484825
339,CA3_pyr,CA3,pyramidal,54,1060.0,16.492320033911945,11.264444435210708,-0.14325264596972742
340,CA3_pyr,CA3,pyramidal,50,980.0,42.588991029037786,55.453388103309166,0.3277479309851441
341,CA3_pyr,CA3,pyramidal,60,1180.0,18.69256826098099,28.014213288443635,1.8410045787296134
342,CA3_pyr,CA3,pyramidal,60,1180.0,89.58593708966943,79.83296131096674,2.44980771252078
343,CA3_pyr,CA3,pyramidal,58,1140.0,42.13293072075011,31.446808385644083,0.667898816886503
344,CA3_pyr,CA3,pyramidal,43,840.0,37.57127092092942,54.56014255051602,-1.2798871690017146
345,CA3_pyr,CA3,pyramidal,55,1080.0,25.61484238549245,14.635627563050395,2.8229944623827192
346,CA3_pyr,CA3,pyramidal,59,1160.0,76.72967136016865,64.50635781517529,-1.9357164320748195
347,CA3_pyr,CA3,pyramidal,69,1360.0,74.95905612084358,31.17693684956299,2.5967473939112704
348,CA3_pyr,CA3,pyramidal,56,1100.0,64.21668915635756,75.15791008247471,-1.6634331704764787
349,CA3_pyr,CA3,pyramidal,51,1000.0,87.16151089113613,31.167808427692663,-0.44009283493953255
350,CA3_pyr,CA3,pyramidal,57,1120.0,30.242779994374686,72.06328691496724,1.7080797991438486
351,CA3_pyr,CA3,pyramidal,46,900.0,76.8100632864587,27.04599475192019,-3.1145386671786235
352,CA3_pyr,CA3,pyramidal,43,840.0,89.52622179619028,13.091544786150768,-1.834702212943137
353,CA3_pyr,CA3,pyramidal,61,1200.0,74.79525891558966,17.12336040600426,-0.6582600842036972
354,CA3_pyr,CA3,pyramidal,70,1380.0,39.723456672508924,25.106913638051118,-1.9132561432766393
355,CA3_pyr,CA3,pyramidal,66,1300.0,48.35336598447129,78.94515342528112,0.8937983062571773
356,CA3_pyr,CA3,pyramidal,58,1140.0,88.63897372287256,42.9474752240779,-0.60724219350868
357,CA3_pyr,CA3,pyramidal,42,820.0,29.67004696040469,68.38521970422933,1.5995302016547814
358,CA3_pyr,CA3,pyramidal,70,1380.0,47.45851245548672,26.04499770572432,-1.9768454632028076
359,CA3_pyr,CA3,pyramidal,54,1060.0,33.15437660064519,73.68483581006967,2.5610570647192104
360,CA3_pyr,CA3,pyramidal,49,960.0,31.28246980973322,31.93075149508867,-1.5410872268096245
361,CA3_pyr,CA3,pyramidal,67,1320.0,85.5038694482969,42.16382385256555,-1.7298270484452576
362,CA3_pyr,CA3,pyramidal,63,1240.0,41.93562421262324,12.809344888773326,-2.1240837587757198
363,CA3_pyr,CA3,pyramidal,63,1240.0,72.63242193373792,26.874751079097035,2.62257383375859
364,CA3_pyr,CA3,pyramidal,49,960.0,77.87046032488648,28.212891743937128,-2.824065672219956
365,CA3_pyr,CA3,pyramidal,70,1380.0,34.46401829908539,59.513310493882074,1.6334201040216918
366,CA3_pyr,CA3,pyramidal,54,1060.0,72.46706836152384,85.08091671688527,1.4349222293054789
367,CA3_pyr,CA3,pyramidal,56,1100.0,80.13425110013623,52.19661040580472,1.5379410972829444
368,CA3_pyr,CA3,pyramidal,63,1240.0,69.94822893592047,33.028390083852315,-2.401157586877548
369,CA3_pyr,CA3,pyramidal,60,1180.0,50.22999495842826,50.42215378344767,0.5192697613345199
370,CA3_pyr,CA3,pyramidal,46,900.0,72.95131051600222,83.05230002777662,-1.5913734226544816
371,CA3_pyr,CA3,pyramidal,50,980.0,64.23774820360357,51.8472399423452,-1.9570222581525385
372,CA3_pyr,CA3,pyramidal,51,1000.0,86.85010285030661,67.74690657868908,2.6254917912569233
373,CA3_pyr,CA3,pyramidal,69,1360.0,38.16405393913905,61.05788423410695,-0.16378543987082406
374,CA3_pyr,CA3,pyramidal,62,1220.0,17.504625920617993,42.989993143777966,2.359581406845791
375,CA3_pyr,CA3,pyramidal,51,1000.0,73.02342805110982,40.62265302242046,3.0157941095993532
376,CA3_pyr,CA3,pyramidal,63,1240.0,34.10562861300923,71.61544908302841,-1.025060566749303
377,CA3_pyr,CA3,pyramidal,63,1240.0,62.67846147146336,76.3676327268564,-2.9879634894117313
378,CA3_pyr,CA3,pyramidal,52,1020.0,66.9534248470863,55.081858957562986,-0.027614108072781196
379,CA3_pyr,CA3,pyramidal,53,1040.0,37.862070676916495,79.20801855285187,-2.9474872338279026
380,CA3_pyr,CA3,pyramidal,67,1320.0,85.6118630136618,14.07045876360117,1.5689475060819058
381,CA3_pyr,CA3,pyramidal,57,1120.0,79.3287065722938,69.68543831674921,2.423457062440457
382,CA3_pyr,CA3,pyramidal,45,880.0,52.5034203854884,72.34159548598406,-1.597815638425928
383,CA3_pyr,CA3,pyramidal,62,1220.0,12.174570679806802,86.68122351803619,1.3195749750189067
384,CA3_pyr,CA3,pyramidal,58,1140.0,69.51957781559926,52.52903349563515,-0.14995562466325296
385,CA3_pyr,CA3,pyramidal,56,1100.0,61.2351369682913,26.122798031390655,2.4382446908407136
386,CA3_pyr,CA3,pyramidal,62,1220.0,37.965088916162706,56.28874374500195,-2.255491994632653
387,CA3_pyr,CA3,pyramidal,68,1340.0,82.23141501042268,83.75180051993604,-1.054550672671474
388,CA3_pyr,CA3,pyramidal,50,980.0,26.941773077304827,17.20011128360719,-2.386915307300693
389,CA3_pyr,CA3,pyramidal,53,1040.0,89.18584553638988,15.924614669525887,-2.3088061979728636
390,CA3_pyr,CA3,pyramidal,46,900.0,56.41921733943545,71.95337636554659,0.8225444037705256
391,CA3_pyr,CA3,pyramidal,60,1180.0,61.07740222117925,51.77000743225207,1.336745749947955
392,CA3_pyr,CA3,pyramidal,53,1040.0,37.685105832378774,47.412196196017,-2.075247482013385
393,CA3_pyr,CA3,pyramidal,51,1000.0,30.856302506875572,22.282523706963797,-1.5937158676266696
394,CA3_pyr,CA3,pyramidal,61,1200.0,36.41610364781851,64.88398956047202,2.2393877546734444
395,CA3_pyr,CA3,pyramidal,53,1040.0,71.20195241424344,34.613237310322404,-1.7805141977421106
396,CA3_pyr,CA3,pyramidal,54,1060.0,82.7837298186587,33.60153669699163,0.4324955546280127
397,CA3_pyr,CA3,pyramidal,54,1060.0,54.342846858114235,59.74896245234724,0.693257693708405
398,CA3_pyr,CA3,pyramidal,48,940.0,20.80638337740193,65.48323756693756,1.0979888716326158
399,CA3_pyr,CA3,pyramidal,44,860.0,15.925644219096506,45.74710739313221,-0.5715491217998023
400,CA3_pyr,CA3,pyramidal,65,1280.0,27.789434231744856,45.27701054384294,1.5262253571215147
401,CA3_pyr,CA3,pyramidal,43,840.0,76.37999280999293,53.66386285915708,1.6362777060229368
402,CA3_pyr,CA3,pyramidal,50,980.0,49.93553803377787,59.57755115037122,2.689018637132219
403,CA3_pyr,CA3,pyramidal,61,1200.0,52.29260304866328,58.15975708220236,1.4923516209018128
404,CA3_pyr,CA3,pyramidal,44,860.0,51.25499508175777,48.52732713648348,2.6495248972197576
405,CA3_pyr,CA3,pyramidal,60,1180.0,47.46564277554648,86.97599908277616,-0.31053723773179653
406,CA3_pyr,CA3,pyramidal,62,1220.0,27.353289824463065,17.615003066957932,-3.1380229921774143
407,CA3_pyr,CA3,pyramidal,60,1180.0,71.53940650385772,68.67731542398687,-2.9395939774676982
408,CA3_pyr,CA3,pyramidal,50,980.0,22.34265003307808,85.28610278117579,-2.090007346889369
409,CA3_pyr,CA3,pyramidal,41,800.0,36.099068973124545,61.32490607714818,-0.5512954975282383
410,CA3_pyr,CA3,pyramidal,67,1320.0,28.454330026228625,82.4633482331408,0.0013172654853144117
411,CA3_pyr,CA3,pyramidal,50,980.0,77.97841531209816,89.9062888763844,-1.7345005379232818
412,CA3_pyr,CA3,pyramidal,65,1280.0,30.03464693855106,31.02970657278261,0.5180155886944346
413,CA3_pyr,CA3,pyramidal,46,900.0,89.22224696742036,52.14185850898461,0.8735337248331652
414,CA3_pyr,CA3,pyramidal,45,880.0,84.6346766762804,26.308850186363514,0.17933297193272235
415,CA3_pyr,CA3,pyramidal,64,1260.0,34.25616613076733,45.184723398437335,3.0512473698766147
416,CA3_pyr,CA3,pyramidal,69,1360.0,82.48854486121454,73.87586758624461,-1.450595845734375
417,CA3_pyr,CA3,pyramidal,66,1300.0,53.782627296389975,54.862189964960976,0.03457523373238658
418,CA3_pyr,CA3,pyramidal,63,1240.0,42.66584181063911,69.93393258524264,-1.0458366563301595
419,CA3_pyr,CA3,pyramidal,48,940.0,20.17807695134624,25.09697680231354,2.202387636298349
420,DG_granule,DG,granule,72,1420.0,17.072183256053954,63.935615395585295,-1.006968738372354
421,DG_granule,DG,granule,75,1480.0,48.024449430688335,70.30165437151646,-1.3501157765533043
422,DG_granule,DG,granule,73,1440.0,77.65595205175777,51.60575298091905,2.1534484707055572
423,DG_granule,DG,granule,86,1700.0,86.23801292480827,62.06356717741894,-2.4133786058970994
424,DG_granule,DG,granule,90,1780.0,49.141215266463824,21.331117437832397,-2.1822122480860937
425,DG_granule,DG,granule,82,1620.0,13.789800538359183,32.92750119310506,-2.2632813190234806
426,DG_granule,DG,granule,74,1460.0,43.1483017595489,51.75011477510847,-1.3845857792191398
427,DG_granule,DG,granule,71,1400.0,59.15088852281486,39.89744023058811,0.950865840545501
428,DG_granule,DG,granule,90,1780.0,11.102188423524026,29.86353983082342,-0.2730212217213914
429,DG_granule,DG,granule,77,1520.0,74.82420442187731,40.227011535425916,0.19126757241528036
430,DG_granule,DG,granule,73,1440.0,11.746511331664928,51.21067014769512,-0.9749539510787826
431,DG_granule,DG,granule,74,1460.0,18.022991879620022,72.62564525189163,2.7797078885139017
432,DG_granule,DG,granule,76,1500.0,58.10982102490783,71.10752538306865,-1.3520937972115603
433,DG_granule,DG,granule,84,1660.0,60.588404061304104,84.3330105816856,3.0222423633807143
434,DG_granule,DG,granule,88,1740.0,45.5950208821605,53.75902300625746,-2.2195777267714436
435,DG_granule,DG,granule,76,1500.0,89.01179582051694,11.298436507397716,-0.29840146685355684
436,DG_granule,DG,granule,84,1660.0,35.91210101754307,48.383880220412266,3.0036500060947438
437,DG_granule,DG,granule,72,1420.0,20.473704971719926,14.137719333311285,2.798634863528976
438,DG_granule,DG,granule,71,1400.0,50.32511252516407,17.256141287197487,-0.4796890248348351
439,DG_granule,DG,granule,72,1420.0,50.19303949047507,87.69081214418622,-1.5152803807252981
440,DG_granule,DG,granule,89,1760.0,78.76246334474602,45.8601883642995,-1.3855216944313655
441,DG_granule,DG,granule,82,1620.0,41.19115750980872,52.45786328481873,2.994107862173034
442,DG_granule,DG,granule,87,1720.0,34.11205093761485,12.485568005587195,-0.6796037118840528
443,DG_granule,DG,granule,71,1400.0,64.40279483263132,24.50571670126819,1.0983809174241834
444,DG_granule,DG,granule,71,1400.0,38.41742672969598,37.9088521637118,1.3618914119334509
445,DG_granule,DG,granule,87,1720.0,38.903911908214646,78.20981752315599,0.4520791138711835
446,DG_granule,DG,granule,73,1440.0,82.00730225149461,37.41202368269125,-2.8966780013642954
447,DG_granule,DG,granule,74,1460.0,19.915044355270226,29.077315497259406,1.5526434045138666
448,DG_granule,DG,granule,81,1600.0,74.55553794832285,84.95258305047629,0.6693609280261783
449,DG_granule,DG,granule,83,1640.0,67.0869287925934,89.4246365816356,-0.9956444626849072
450,DG_granule,DG,granule,75,1480.0,51.533378793145715,52.659984786536654,-2.0237355211636983
451,DG_granule,DG,granule,79,1560.0,11.129978678145918,84.21347219633772,-1.479223438525592
452,DG_granule,DG,granule,84,1660.0,18.65995531798856,29.219915862371337,-1.4205894394584353
453,DG_granule,DG,granule,79,1560.0,32.348384975498334,25.435338919478568,-0.7626472053425175
454,DG_granule,DG,granule,78,1540.0,37.12061924823033,36.23391068245632,-2.577794407691513
455,DG_granule,DG,granule,72,1420.0,26.16914401251733,70.53195419332923,3.083848707531068
456,DG_granule,DG,granule,80,1580.0,50.33754844302149,52.545908462234735,-1.1650183611142866
457,DG_granule,DG,granule,87,1720.0,71.18053503461189,77.54178860659556,2.4850285483657384
458,DG_granule,DG,granule,83,1640.0,71.3500454485758,74.51189830367029,-1.2034836856537676
459,DG_granule,DG,granule,88,1740.0,17.547320211172437,89.54153433306263,1.6970300319413907
460,DG_granule,DG,granule,73,1440.0,62.49837184840005,12.734352874260813,1.6976346709393635
461,DG_granule,DG,granule,71,1400.0,58.192820247315815,78.54883135332564,-2.5265738655252443
462,DG_granule,DG,granule,81,1600.0,43.13420172741364,13.396636226247862,-0.32536791772112306
463,DG_granule,DG,granule,74,1460.0,41.41880096814024,44.008210559384516,2.38391422922136
464,DG_granule,DG,granule,82,1620.0,81.49945029730176,44.07767718502794,-1.0819159993453105
465,DG_granule,DG,granule,89,1760.0,43.419462909027175,30.589785044411684,0.016834694191809607
466,DG_granule,DG,granule,77,1520.0,38.15439544183729,55.26321754992725,-0.5440720465725262
467,DG_granule,DG,granule,81,1600.0,30.5377409228133,87.5817263064808,1.7889612180436902
468,DG_granule,DG,granule,84,1660.0,77.05092438642433,21.36831406813141,0.1662536527045586
469,DG_granule,DG,granule,74,1460.0,75.45818821018058,56.732971934663674,-1.4862917924359467
470,DG_granule,DG,granule,88,1740.0,19.214884265140853,55.10899227770512,1.3888387653727952
471,DG_granule,DG,granule,75,1480.0,57.82848265649629,75.27209723704753,-2.717306023804984
472,DG_granule,DG,granule,87,1720.0,30.6845742518992,63.03395612295367,-2.3959207644652363
473,DG_granule,DG,granule,84,1660.0,81.57828653717854,24.877953590056734,-1.1104531986345525
474,DG_granule,DG,granule,73,1440.0,67.44498693074004,45.41248121282066,-2.1595853158049203
475,DG_granule,DG,granule,85,1680.0,89.98122695314751,46.42816971547898,2.3406860127077547
476,DG_granule,DG,granule,74,1460.0,83.78861108368027,17.020750621724048,-2.4251889458600444
477,DG_granule,DG,granule,82,1620.0,85.7994436035828,35.17739579722907,-0.9100258540037993
478,DG_granule,DG,granule,90,1780.0,43.292934405383264,25.203617276767734,2.503066359109905
479,DG_granule,DG,granule,90,1780.0,66.42179275821212,15.37245421879783,-2.89811085669672
480,DG_granule,DG,granule,88,1740.0,37.12126860586083,62.43675141760011,-2.5508400175592367
481,DG_granule,DG,granule,80,1580.0,69.88115735144763,80.10137864206393,-2.2841228735546646
482,DG_granule,DG,granule,82,1620.0,39.46753313650753,52.97381186614548,-1.2763129472849517
483,DG_granule,DG,granule,77,1520.0,39.51027045899765,30.36394517018257,-0.7167776653403508
484,DG_granule,DG,granule,89,1760.0,30.951709965178836,60.1561872345815,-0.702750183243479
485,DG_granule,DG,granule,80,1580.0,52.712450617789834,71.74884326751406,-0.7610950769031515
486,DG_granule,DG,granule,86,1700.0,87.2962100294541,51.758409129444054,2.5748341116928373
487,DG_granule,DG,granule,78,1540.0,14.697494532011977,44.32790971754055,1.2460713064631612
488,DG_granule,DG,granule,85,1680.0,46.670103292921006,17.422836330139155,0.3896151354662232
489,DG_granule,DG,granule,75,1480.0,70.12156482235147,50.61415979694223,1.4038606909511966
490,DG_granule,DG,granule,85,1680.0,60.315841373022174,58.99514634025452,1.5995123399506577
491,DG_granule,DG,granule,71,1400.0,79.52430290216022,12.914415654630664,0.35305404724593004
492,DG_granule,DG,granule,73,1440.0,78.82767126254267,61.871814816268895,-0.501256947586596
493,DG_granule,DG,granule,78,1540.0,37.121890073586115,66.30221556321797,-1.8575637617341219
494,DG_granule,DG,granule,80,1580.0,81.04230065820408,71.13682796640934,-1.8862440808296501
495,DG_granule,DG,granule,85,1680.0,87.76561417047085,66.6547589407294,0.6944302329963441
496,DG_granule,DG,granule,78,1540.0,33.93001153332178,13.161889495218437,1.4355939090751768
497,DG_granule,DG,granule,71,1400.0,10.388587022182323,68.35960702887833,2.8203569956978827
498,DG_granule,DG,granule,77,1520.0,47.731215249950296,48.883619964869844,-0.4012666908750684
499,DG_granule,DG,granule,79,1560.0,51.73713713486721,44.4920765712892,0.6168069815091637
500,DG_granule,DG,granule,81,1600.0,89.60075338590482,16.299463190633368,-0.7245551102492329
501,DG_granule,DG,granule,83,1640.0,38.169637914042696,32.99784148387384,-2.044943512595087
502,DG_granule,DG,granule,75,1480.0,49.703099426338866,83.53964657737806,-2.936808293055067
503,DG_granule,DG,granule,83,1640.0,42.261886634427526,16.42218563232297,-1.4908139136348888
504,DG_granule,DG,granule,83,1640.0,26.716768598769125,25.849419312967257,0.4626979681880776
505,DG_granule,DG,granule,86,1700.0,56.43506377622758,40.13882225668374,2.053108458631259
506,DG_granule,DG,granule,81,1600.0,44.27141166731725,65.18094787552697,2.3136977911536283
507,DG_granule,DG,granule,87,1720.0,55.41964792750022,15.53119560058092,-2.0714462616333242
508,DG_granule,DG,granule,75,1480.0,68.23047135988176,33.044797497771256,1.4058331198839875
509,DG_granule,DG,granule,85,1680.0,79.00382403266603,76.84241584888733,-2.5828368818703087
510,DG_granule,DG,granule,71,1400.0,14.503105038559294,78.29041385173872,-1.666907139635137
511,DG_granule,DG,granule,73,1440.0,44.09953625440454,73.64204209828816,-0.06975402908421957
512,DG_granule,DG,granule,88,1740.0,89.12735515999219,22.010364539940568,2.0778741289548543
513,DG_granule,DG,granule,80,1580.0,48.211901565837664,80.90678591464189,1.0380699612246884
514,DG_granule,DG,granule,83,1640.0,31.065382580518843,43.48598330891634,-0.8382959015222919
515,DG_granule,DG,granule,83,1640.0,46.97823441149345,36.151868150159146,-1.2222013583110347
516,DG_granule,DG,granule,84,1660.0,39.203779750780676,21.995318234724852,2.3380002830871707
517,DG_granule,DG,granule,75,1480.0,20.702914047508436,65.50874673672011,2.1844528435238866
518,DG_granule,DG,granule,74,1460.0,22.048047546981113,10.689380570700164,-2.8447100187274694
519,DG_granule,DG,granule,71,1400.0,88.97490656333551,13.590425798102128,1.55867580522873
520,DG_granule,DG,granule,88,1740.0,57.37062599229334,70.48602259425903,-0.8846448624028445
521,DG_granule,DG,granule,75,1480.0,57.615148170034075,89.29957025120223,-1.5229346475374859
522,DG_granule,DG,granule,82,1620.0,19.914071420281196,54.42044959200449,0.6059824312499447
523,DG_granule,DG,granule,80,1580.0,70.24586188964078,81.40331958360697,1.9212265255610035
524,DG_granule,DG,granule,74,1460.0,54.47019239006089,33.7929567274864,-1.0694900022691498
525,DG_granule,DG,granule,79,1560.0,64.55167240536588,87.96723306008846,-0.522053928499608
526,DG_granule,DG,granule,72,1420.0,48.96923359331374,18.582964601898155,-1.6543501594001362
527,DG_granule,DG,granule,74,1460.0,15.3899444106405,84.51695434471114,-2.363459850816184
528,DG_granule,DG,granule,73,1440.0,71.22569791509093,17.754763343145097,2.5150214742893073
529,DG_granule,DG,granule,87,1720.0,15.489668568708712,65.34776490285223,0.8270465221762926
530,DG_granule,DG,granule,82,1620.0,76.25582819914686,67.4680450538524,0.5414616322737404
531,DG_granule,DG,granule,89,1760.0,65.78189294639432,86.55772677046235,0.5499155654772192
532,DG_granule,DG,granule,79,1560.0,44.970243375984055,70.48966477944595,3.1269364474044954
533,DG_granule,DG,granule,75,1480.0,26.192422360300984,53.15502069315116,-0.1170218302776056
534,DG_granule,DG,granule,83,1640.0,13.925923817941843,42.342116506435914,0.5213677970256287
535,DG_granule,DG,granule,89,1760.0,62.58671694146989,67.6172823202131,0.8893673083036315
536,DG_granule,DG,granule,81,1600.0,59.98085077476733,53.00061300297636,0.6672518416628352
537,DG_granule,DG,granule,71,1400.0,31.8525232580416,52.19198245265049,2.3435477915778336
538,DG_granule,DG,granule,77,1520.0,17.232646277751805,57.38199603555235,-1.7483717876248042
539,DG_granule,DG,granule,89,1760.0,76.19526820069977,57.47650180719787,0.5740482072175248
540,DG_granule,DG,granule,81,1600.0,45.70000169290475,79.12866830522763,1.4031630223273206
541,DG_granule,DG,granule,90,1780.0,39.45859089986968,14.030379063084348,-2.2430506507579158
542,DG_granule,DG,granule,81,1600.0,39.87068346069398,85.53149176610196,0.032379734858584364
543,DG_granule,DG,granule,71,1400.0,18.460010996921127,37.06444196823712,1.983794090320873
544,DG_granule,DG,granule,88,1740.0,71.80046448179309,74.2163980901503,-2.4452852216885628
545,DG_granule,DG,granule,86,1700.0,86.72768506968886,42.17104599228431,-2.8215015020783545
546,DG_granule,DG,granule,85,1680.0,80.69330252579863,51.771315776720144,0.3283160379997683
547,DG_granule,DG,granule,90,1780.0,75.55606044357098,49.888003071370115,-2.928732188910442
548,DG_granule,DG,granule,74,1460.0,86.03970158421649,76.33203922766002,-1.3999053718414227
549,DG_granule,DG,granule,89,1760.0,85.22811300305445,84.96501799037611,0.20367146054742946
550,DG_granule,DG,granule,75,1480.0,47.00800485686466,43.58122936790069,-2.3910759959970007
551,DG_granule,DG,granule,90,1780.0,28.618571734095,76.93125971252354,-2.225301284295174
552,DG_granule,DG,granule,74,1460.0,53.8891247457766,27.210497446261954,-2.116134810137502
553,DG_granule,DG,granule,82,1620.0,39.44746167972924,60.09274286723753,2.5899625383967546
554,DG_granule,DG,granule,86,1700.0,83.07469278504512,82.19919739383349,2.067718268391382
555,DG_granule,DG,granule,72,1420.0,59.611732597243794,61.137012794920125,1.1969188484948399
556,DG_granule,DG,granule,72,1420.0,86.64740633285197,56.848300917246384,1.7685020266062645
557,DG_granule,DG,granule,87,1720.0,10.991777113263677,50.77877279011552,0.045176852042712934
558,DG_granule,DG,granule,72,1420.0,37.17736433296614,29.986087024777763,0.1730695507288047
559,DG_granule,DG,granule,83,1640.0,87.59455064398469,23.834184621354517,-1.1330746558640579
560,DG_granule,DG,granule,89,1760.0,53.46473409887656,49.94242055793183,0.9031479804009477
561,DG_granule,DG,granule,83,1640.0,32.81768683950939,65.42172554039972,-2.9842604179788292
562,DG_granule,DG,granule,80,1580.0,47.097578239727426,12.479583078490757,0.7393390256543722
563,DG_granule,DG,granule,79,1560.0,69.73853718704373,51.32596038744098,0.6531035917534114
564,DG_granule,DG,granule,83,1640.0,13.300242600525003,17.99614846196104,0.9738681136153602
565,DG_granule,DG,granule,82,1620.0,11.264259133063694,54.60667974611062,1.5771345080851589
566,DG_granule,DG,granule,81,1600.0,53.61639209781121,59.59327841472841,1.2360592857047825
567,DG_granule,DG,granule,74,1460.0,19.78316297622549,84.09457570198907,-2.9781204858636063
568,DG_granule,DG,granule,84,1660.0,16.139234124775783,25.570256928393782,-3.117125010263854
569,DG_granule,DG,granule,85,1680.0,36.748738137391385,23.279432918962186,-0.30730958301341227
570,DG_granule,DG,granule,85,1680.0,71.41288261589932,81.4504244856026,0.9586083146596973
571,DG_granule,DG,granule,72,1420.0,33.63126357678805,83.06546374658238,-2.5840573908825943
572,DG_granule,DG,granule,85,1680.0,85.4003695386785,86.05318731755885,-0.5579268932906261
573,DG_granule,DG,granule,85,1680.0,46.53964786831992,70.27684315490734,-2.9431613005983652
574,DG_granule,DG,granule,74,1460.0,59.13590428348794,28.604180995445088,1.0433373669913015
575,DG_granule,DG,granule,87,1720.0,80.9316446502257,75.54075084479892,-0.04500142937491036
576,DG_granule,DG,granule,81,1600.0,31.69103089880723,49.540782144949006,-1.9007763268907667
577,DG_granule,DG,granule,80,1580.0,75.84540932547318,82.1719734727201,2.3717578222267717
578,DG_granule,DG,granule,85,1680.0,28.266898530554077,84.54594326362523,0.44744567758024
579,DG_granule,DG,granule,81,1600.0,54.82991167742984,37.40818853202222,-1.32856063991025
580,DG_granule,DG,granule,81,1600.0,16.594239156570147,49.725191771774995,2.436378463532833
581,DG_granule,DG,granule,77,1520.0,51.67805062046188,44.287433460073316,-0.2236711784833081
582,DG_granule,DG,granule,89,1760.0,75.83487017544778,25.870637062522242,1.3610809222697906
583,DG_granule,DG,granule,90,1780.0,55.98952336221874,79.03410999638628,-1.3128693554224287
584,DG_granule,DG,granule,73,1440.0,68.35283676794432,73.89998622094086,1.034084812761905
585,DG_granule,DG,granule,85,1680.0,89.44790901741088,43.61302836197109,1.9723904115772068
586,DG_granule,DG,granule,71,1400.0,46.22961325696144,84.15591997860096,-0.663341448128616
587,DG_granule,DG,granule,78,1540.0,18.475388559276922,28.062015525301298,2.1406571729100756
588,DG_granule,DG,granule,90,1780.0,41.526727153220655,29.678481455249617,-0.0527138242743832
589,DG_granule,DG,granule,74,1460.0,81.61312942189917,15.60915456353471,0.47011251920032615
590,DG_granule,DG,granule,78,1540.0,59.14254803772627,45.78205495266153,-0.636833372420377
591,DG_granule,DG,granule,75,1480.0,56.55993030051313,50.07865688254214,-0.17502157607049718
592,DG_granule,DG,granule,85,1680.0,69.65183929902862,37.31027953449542,1.8885817284466535
593,DG_granule,DG,granule,80,1580.0,22.27937642993524,56.6145969384607,-1.348924527445097
594,DG_granule,DG,granule,82,1620.0,29.10282634869466,63.71228193384255,-1.5385971631492223
595,DG_granule,DG,granule,89,1760.0,85.89171743329537,40.50460307651476,2.36083453434593
596,DG_granule,DG,granule,81,1600.0,79.98806790441306,23.269282377867427,2.0084718283025227
597,DG_granule,DG,granule,85,1680.0,41.464150695944625,79.6586698654291,1.1859651299107634
598,DG_granule,DG,granule,72,1420.0,41.02912200660964,74.98375571762288,1.3166942846834662
599,DG_granule,DG,granule,75,1480.0,81.39874697677278,28.39584142549059,-2.070991226776165
600,DG_granule,DG,granule,89,1760.0,87.75954741614163,29.780525864541623,-1.5728673970348148
601,DG_granule,DG,granule,88,1740.0,78.84508442189058,28.111803232906727,0.01997127241629304
602,DG_granule,DG,granule,84,1660.0,10.971272073763485,54.51888724086353,0.07721433256301768
603,DG_granule,DG,granule,78,1540.0,38.422523164222156,42.82730871192332,-2.0864072013736026
604,DG_granule,DG,granule,74,1460.0,72.77671273505186,20.93306566230642,-0.6694289473004984
605,DG_granule,DG,granule,88,1740.0,10.216581894062973,33.90072564981058,0.34584087671575814
606,DG_granule,DG,granule,86,1700.0,31.763615134213552,46.80299879225701,-2.001049327801394
607,DG_granule,DG,granule,75,1480.0,66.53567370505807,56.023596210280175,-2.556569473978149
608,DG_granule,DG,granule,82,1620.0,23.998226998999055,71.18496004889029,-0.8760952472813899
609,DG_granule,DG,granule,83,1640.0,26.501832272427663,24.93296829563438,-0.01868715934760834
610,DG_granule,DG,granule,80,1580.0,28.02378710258667,67.92098017474785,2.119842913773792
611,DG_granule,DG,granule,89,1760.0,80.56621675504834,73.80137632425432,2.3227949350810384
612,DG_granule,DG,granule,73,1440.0,63.93224538351718,52.007458667589106,0.9599904440485796
613,DG_granule,DG,granule,76,1500.0,18.04176011333667,35.2611582276873,-2.686344628060126
614,DG_granule,DG,granule,72,1420.0,45.62123727995104,64.02755765409508,2.143320577277705
615,DG_granule,DG,granule,84,1660.0,22.94259662338126,73.96100845745829,2.4342498612376753
616,DG_granule,DG,granule,83,1640.0,70.32724481484587,38.37802569572403,0.9336611768610474
617,DG_granule,DG,granule,90,1780.0,30.779380166930956,20.817708960318882,-2.406791516928373
618,DG_granule,DG,granule,81,1600.0,61.02320321076622,38.112868111963046,-1.7804446176108586
619,DG_granule,DG,granule,74,1460.0,64.94796526131735,53.13346338855982,2.7329205641744236
620,DG_granule,DG,hilus,96,1900.0,29.581203484488803,36.30239290445898,1.4516035044856572
621,DG_granule,DG,hilus,99,1960.0,23.2602357473882,13.597139399906197,2.345135684151348
622,DG_granule,DG,hilus,98,1940.0,13.19571724941012,12.263384451049166,0.3686614775211714
623,DG_granule,DG,hilus,91,1800.0,57.7381080345543,44.76833405447722,2.6597512718523344
624,DG_granule,DG,hilus,95,1880.0,64.33162947511148,14.324344929487935,2.864256210538893
625,DG_granule,DG,hilus,98,1940.0,69.12597032131299,47.216997725085854,-1.759333107932841
626,DG_granule,DG,hilus,93,1840.0,68.90832777176178,27.756323164875923,-0.30652334696614636
627,DG_granule,DG,hilus,100,1980.0,76.11284399781673,64.70757474672612,0.8995482060358677
628,DG_granule,DG,hilus,99,1960.0,31.63760635059831,39.736900786362725,-2.8546880526416407
629,DG_granule,DG,hilus,99,1960.0,44.63985721358511,45.05906856700588,-1.5999737747343679
630,DG_granule,DG,hilus,91,1800.0,57.02575436552234,28.604241216294064,-2.738156540842792
631,DG_granule,DG,hilus,96,1900.0,40.11755475250928,40.418846711944354,-0.4315399644518245
632,DG_granule,DG,hilus,96,1900.0,35.66695167518537,70.64289690062688,2.761741685432617
633,DG_granule,DG,hilus,97,1920.0,44.53448649416197,69.82317785173318,-0.2645386277717092
634,DG_granule,DG,hilus,99,1960.0,52.02265308581466,35.417786784743505,-2.4865692263889954
635,DG_granule,DG,hilus,94,1860.0,19.908550490344155,42.83531788443574,0.3577251206114096
636,DG_granule,DG,hilus,96,1900.0,12.897786483624287,59.716672520155534,-0.26555765425092215
637,DG_granule,DG,hilus,97,1920.0,29.96385407509763,19.478820188384127,-1.7794348624474297
638,DG_granule,DG,hilus,98,1940.0,42.1045068305757,52.323151479111225,-3.135372338297327
639,DG_granule,DG,hilus,98,1940.0,17.485310848704056,53.973871941019496,-1.0739542629225083
640,DG_granule,DG,hilus,94,1860.0,27.745864173974226,11.93834832700679,2.7731900291365976
641,DG_granule,DG,hilus,100,1980.0,20.148699836937347,21.723746120811242,3.0239495842449946
642,DG_granule,DG,hilus,91,1800.0,58.82319613630805,88.93585612148237,-2.585915477898237
643,DG_granule,DG,hilus,95,1880.0,26.321051724323272,59.84572028496284,-0.5021297682916761
644,DG_granule,DG,hilus,97,1920.0,84.499466278357,21.938218275220514,3.1231767070485406
645,DG_granule,DG,hilus,91,1800.0,61.901992311084356,87.4325385186688,-2.7796745801705076
646,DG_granule,DG,hilus,95,1880.0,55.424910828347464,66.35175031819618,-2.2042407813315115
647,DG_granule,DG,hilus,96,1900.0,63.881097178019495,46.499784591014546,-2.1677920596832063
648,DG_granule,DG,hilus,97,1920.0,78.35142327947989,12.757679426621023,1.3123191424863023
649,DG_granule,DG,hilus,92,1820.0,10.59863968854133,22.88365462559519,1.0941809127008035
