spike_source,source,feature_type,decode_window_s,update_dt_s,n_units,manifold_type,manifold_grouping,manifold_n_components,actual_n_features,explained_variance_ratio,manifold_transform_path,target_name,target_family,decoder_name,n_train_samples,n_test_samples,primary_metric,mean_position_error_cm,median_position_error_cm,p90_position_error_cm,r2_x,r2_y,r2,correlation,mae,rmse,mean_circular_error_deg,median_circular_error_deg,p90_circular_error_deg,mae_cm,rmse_cm,accuracy,balanced_accuracy,macro_f1,confusion_matrix,class_labels
sorted,sorted,counts,0.1,0.05,200,none,,,200,,outputs/ratinabox_003/decoder_comparison_manifold/models/manifold_transforms/counts_w0100ms,position,continuous,ridge,8398,3600,mean_position_error_cm,19.858220353986617,18.395461140777343,34.4613945496716,0.7499867690198541,0.7713677141884108,,,,,,,,,,,,,,
sorted,sorted,counts,0.1,0.05,200,none,,,200,,outputs/ratinabox_003/decoder_comparison_manifold/models/manifold_transforms/counts_w0100ms,position,continuous,pca_ridge,8398,3600,mean_position_error_cm,19.877212901376556,18.363820831318364,34.7093955838164,0.749721208080042,0.7704766601418578,,,,,,,,,,,,,,
sorted,sorted,counts,0.1,0.05,200,none,,,200,,outputs/ratinabox_003/decoder_comparison_manifold/models/manifold_transforms/counts_w0100ms,position,continuous,random_forest_regressor,8398,3600,mean_position_error_cm,21.908264766270005,19.288422263734994,40.65895115158503,0.6717336667163243,0.7003256815855132,,,,,,,,,,,,,,
sorted,sorted,counts,0.1,0.05,200,none,,,200,,outputs/ratinabox_003/decoder_comparison_manifold/models/manifold_transforms/counts_w0100ms,position,continuous,bayesian_place_decoder,8398,3600,mean_position_error_cm,17.85890814899885,13.1290373392385,39.12924215724974,0.6299292031392795,0.827365123370022,,,,,,,,,,,,,,
sorted,sorted,counts,0.1,0.05,200,none,,,200,,outputs/ratinabox_003/decoder_comparison_manifold/models/manifold_transforms/counts_w0100ms,speed,continuous,ridge,8398,3600,r2,,,,,,0.5187722879820901,0.7248195674306914,2.905019649697027,3.7461086734391422,,,,,,,,,,
sorted,sorted,counts,0.1,0.05,200,none,,,200,,outputs/ratinabox_003/decoder_comparison_manifold/models/manifold_transforms/counts_w0100ms,speed,continuous,pca_ridge,8398,3600,r2,,,,,,0.5212606015854064,0.7266502876467048,2.9000713550836705,3.7364110043348777,,,,,,,,,,
sorted,sorted,counts,0.1,0.05,200,none,,,200,,outputs/ratinabox_003/decoder_comparison_manifold/models/manifold_transforms/counts_w0100ms,speed,continuous,random_forest_regressor,8398,3600,r2,,,,,,0.43667057762674455,0.6953103213976994,3.160329380762056,4.053090256895732,,,,,,,,,,
sorted,sorted,counts,0.1,0.05,200,none,,,200,,outputs/ratinabox_003/decoder_comparison_manifold/models/manifold_transforms/counts_w0100ms,acceleration,continuous,ridge,8398,3600,r2,,,,,,0.0006985616798912408,0.10267660220600484,31.98248706026287,42.07966033224598,,,,,,,,,,
sorted,sorted,counts,0.1,0.05,200,none,,,200,,outputs/ratinabox_003/decoder_comparison_manifold/models/manifold_transforms/counts_w0100ms,acceleration,continuous,pca_ridge,8398,3600,r2,,,,,,0.0021446107310894025,0.10454247437314053,31.94516924659617,42.049203415226664,,,,,,,,,,
sorted,sorted,counts,0.1,0.05,200,none,,,200,,outputs/ratinabox_003/decoder_comparison_manifold/models/manifold_transforms/counts_w0100ms,acceleration,continuous,random_forest_regressor,8398,3600,r2,,,,,,0.016784316748451378,0.13076599183320195,31.695298365279207,41.73960818331444,,,,,,,,,,
sorted,sorted,counts,0.1,0.05,200,none,,,200,,outputs/ratinabox_003/decoder_comparison_manifold/models/manifold_transforms/counts_w0100ms,head_direction,continuous,ridge,8398,3600,mean_circular_error_deg,,,,,,,,,,20.60477364797776,16.527925318624412,42.3533635398223,,,,,,,
sorted,sorted,counts,0.1,0.05,200,none,,,200,,outputs/ratinabox_003/decoder_comparison_manifold/models/manifold_transforms/counts_w0100ms,head_direction,continuous,pca_ridge,8398,3600,mean_circular_error_deg,,,,,,,,,,20.59472122117553,16.173983738010634,42.45362824075434,,,,,,,
sorted,sorted,counts,0.1,0.05,200,none,,,200,,outputs/ratinabox_003/decoder_comparison_manifold/models/manifold_transforms/counts_w0100ms,head_direction,continuous,random_forest_regressor,8398,3600,mean_circular_error_deg,,,,,,,,,,24.541906380705743,19.160890187574424,51.028142025051864,,,,,,,
sorted,sorted,counts,0.1,0.05,200,none,,,200,,outputs/ratinabox_003/decoder_comparison_manifold/models/manifold_transforms/counts_w0100ms,distance_to_wall,continuous,ridge,8398,3600,r2,,,,,,0.44387415201904334,0.6944546918980833,,,,,,4.964262180899495,6.295190600567962,,,,,
sorted,sorted,counts,0.1,0.05,200,none,,,200,,outputs/ratinabox_003/decoder_comparison_manifold/models/manifold_transforms/counts_w0100ms,distance_to_wall,continuous,pca_ridge,8398,3600,r2,,,,,,0.4403235888282466,0.6927524782175899,,,,,,4.98340469003778,6.315254323571607,,,,,
sorted,sorted,counts,0.1,0.05,200,none,,,200,,outputs/ratinabox_003/decoder_comparison_manifold/models/manifold_transforms/counts_w0100ms,distance_to_wall,continuous,random_forest_regressor,8398,3600,r2,,,,,,0.39591276928241304,0.6454470195190269,,,,,,4.820184318312217,6.56103223041655,,,,,
sorted,sorted,counts,0.1,0.05,200,none,,,200,,outputs/ratinabox_003/decoder_comparison_manifold/models/manifold_transforms/counts_w0100ms,distance_to_wall,continuous,bayesian_place_decoder,8398,3600,r2,,,,,,0.22898207086267852,0.5795810140895868,,,,,,4.643307176234856,7.412327199456955,,,,,
sorted,sorted,counts,0.1,0.05,200,none,,,200,,outputs/ratinabox_003/decoder_comparison_manifold/models/manifold_transforms/counts_w0100ms,spatial_context,categorical,logistic_regression,8398,3600,balanced_accuracy,,,,,,,,,,,,,,,0.6516666666666666,0.6886643797746282,0.6602724568064571,"[[454, 13, 85], [97, 919, 552], [202, 305, 973]]","['center', 'corner', 'wall']"
sorted,sorted,counts,0.1,0.05,200,none,,,200,,outputs/ratinabox_003/decoder_comparison_manifold/models/manifold_transforms/counts_w0100ms,spatial_context,categorical,random_forest_classifier,8398,3600,balanced_accuracy,,,,,,,,,,,,,,,0.6022222222222222,0.6518694159998508,0.6120226837158914,"[[461, 16, 75], [130, 868, 570], [260, 381, 839]]","['center', 'corner', 'wall']"
sorted,sorted,counts,0.1,0.05,200,none,,,200,,outputs/ratinabox_003/decoder_comparison_manifold/models/manifold_transforms/counts_w0100ms,spatial_context,categorical,bayesian_place_decoder_derived_context,8398,3600,balanced_accuracy,,,,,,,,,,,,,,,0.6036111111111111,0.5860367188395139,0.5868492312589848,"[[289, 163, 100], [142, 871, 467], [112, 443, 1013]]","['center', 'wall', 'corner']"
sorted,sorted,counts,0.1,0.05,200,none,,,200,,outputs/ratinabox_003/decoder_comparison_manifold/models/manifold_transforms/counts_w0100ms,movement_state,categorical,logistic_regression,8398,3600,balanced_accuracy,,,,,,,,,,,,,,,0.6297222222222222,0.6087988653550632,0.5188243158901155,"[[1330, 419, 76], [384, 859, 396], [2, 56, 78]]","['fast', 'slow', 'still']"
sorted,sorted,counts,0.1,0.05,200,none,,,200,,outputs/ratinabox_003/decoder_comparison_manifold/models/manifold_transforms/counts_w0100ms,movement_state,categorical,random_forest_classifier,8398,3600,balanced_accuracy,,,,,,,,,,,,,,,0.6786111111111112,0.580913931947197,0.5537352899201129,"[[1366, 450, 9], [430, 1027, 182], [1, 85, 50]]","['fast', 'slow', 'still']"
sorted,sorted,counts,0.1,0.05,200,none,,,200,,outputs/ratinabox_003/decoder_comparison_manifold/models/manifold_transforms/counts_w0100ms,wall_distance_bin,categorical,logistic_regression,8398,3600,balanced_accuracy,,,,,,,,,,,,,,,0.7113888888888888,0.6911603704415543,0.604871506136517,"[[113, 48, 4], [111, 481, 134], [63, 679, 1967]]","['center', 'middle', 'near_wall']"
sorted,sorted,counts,0.1,0.05,200,none,,,200,,outputs/ratinabox_003/decoder_comparison_manifold/models/manifold_transforms/counts_w0100ms,wall_distance_bin,categorical,random_forest_classifier,8398,3600,balanced_accuracy,,,,,,,,,,,,,,,0.7613888888888889,0.6799073997805499,0.6486340516847794,"[[100, 59, 6], [73, 455, 198], [14, 509, 2186]]","['center', 'middle', 'near_wall']"
sorted,sorted,counts,0.1,0.05,200,none,,,200,,outputs/ratinabox_003/decoder_comparison_manifold/models/manifold_transforms/counts_w0100ms,wall_distance_bin,categorical,bayesian_place_decoder_derived_context,8398,3600,balanced_accuracy,,,,,,,,,,,,,,,0.7563888888888889,0.5357510471675376,0.5444107500827619,"[[2307, 384, 18], [305, 377, 44], [40, 86, 39]]","['near_wall', 'middle', 'center']"
sorted,sorted,global_pca,0.1,0.05,200,pca,,2.0,2,"[0.05258741172780105, 0.03684214616663042]",outputs/ratinabox_003/decoder_comparison_manifold/models/manifold_transforms/global_pca_k2_w0100ms,position,continuous,ridge,8398,3600,mean_position_error_cm,30.56041231426442,29.741999435966683,48.9420065886296,0.3867546821964414,0.5520554313593975,,,,,,,,,,,,,,
sorted,sorted,global_pca,0.1,0.05,200,pca,,2.0,2,"[0.05258741172780105, 0.03684214616663042]",outputs/ratinabox_003/decoder_comparison_manifold/models/manifold_transforms/global_pca_k2_w0100ms,position,continuous,pca_ridge,8398,3600,mean_position_error_cm,30.560412314264443,29.74199943596667,48.94200658862964,0.38675468219644116,0.5520554313593965,,,,,,,,,,,,,,
sorted,sorted,global_pca,0.1,0.05,200,pca,,2.0,2,"[0.05258741172780105, 0.03684214616663042]",outputs/ratinabox_003/decoder_comparison_manifold/models/manifold_transforms/global_pca_k2_w0100ms,position,continuous,random_forest_regressor,8398,3600,mean_position_error_cm,28.73109755172067,26.775559086474317,51.44994789939321,0.37827276465443826,0.5761459600448917,,,,,,,,,,,,,,
sorted,sorted,global_pca,0.1,0.05,200,pca,,2.0,2,"[0.05258741172780105, 0.03684214616663042]",outputs/ratinabox_003/decoder_comparison_manifold/models/manifold_transforms/global_pca_k2_w0100ms,position,continuous,bayesian_place_decoder,8398,3600,mean_position_error_cm,31.175267698825813,31.776840377093674,49.18273642240671,0.34836739688695895,0.5154111798558694,,,,,,,,,,,,,,
sorted,sorted,global_pca,0.1,0.05,200,pca,,2.0,2,"[0.05258741172780105, 0.03684214616663042]",outputs/ratinabox_003/decoder_comparison_manifold/models/manifold_transforms/global_pca_k2_w0100ms,speed,continuous,ridge,8398,3600,r2,,,,,,-0.006142318213453679,0.028147319496360634,4.322525114589854,5.416699779541913,,,,,,,,,,
sorted,sorted,global_pca,0.1,0.05,200,pca,,2.0,2,"[0.05258741172780105, 0.03684214616663042]",outputs/ratinabox_003/decoder_comparison_manifold/models/manifold_transforms/global_pca_k2_w0100ms,speed,continuous,pca_ridge,8398,3600,r2,,,,,,-0.006142318213453457,0.02814731949636056,4.322525114589854,5.416699779541913,,,,,,,,,,
sorted,sorted,global_pca,0.1,0.05,200,pca,,2.0,2,"[0.05258741172780105, 0.03684214616663042]",outputs/ratinabox_003/decoder_comparison_manifold/models/manifold_transforms/global_pca_k2_w0100ms,speed,continuous,random_forest_regressor,8398,3600,r2,,,,,,-0.03182615021391677,0.020867929384165148,4.363708515224166,5.485400259772354,,,,,,,,,,
sorted,sorted,global_pca,0.1,0.05,200,pca,,2.0,2,"[0.05258741172780105, 0.03684214616663042]",outputs/ratinabox_003/decoder_comparison_manifold/models/manifold_transforms/global_pca_k2_w0100ms,acceleration,continuous,ridge,8398,3600,r2,,,,,,-9.041382399588294e-05,0.0029945290400071856,31.92454626580823,42.096268569504375,,,,,,,,,,
sorted,sorted,global_pca,0.1,0.05,200,pca,,2.0,2,"[0.05258741172780105, 0.03684214616663042]",outputs/ratinabox_003/decoder_comparison_manifold/models/manifold_transforms/global_pca_k2_w0100ms,acceleration,continuous,pca_ridge,8398,3600,r2,,,,,,-9.041382399588294e-05,0.0029945290400071856,31.92454626580823,42.096268569504375,,,,,,,,,,
sorted,sorted,global_pca,0.1,0.05,200,pca,,2.0,2,"[0.05258741172780105, 0.03684214616663042]",outputs/ratinabox_003/decoder_comparison_manifold/models/manifold_transforms/global_pca_k2_w0100ms,acceleration,continuous,random_forest_regressor,8398,3600,r2,,,,,,-0.012464949699196204,-0.008024070982724422,32.181895256569995,42.35590523615431,,,,,,,,,,
sorted,sorted,global_pca,0.1,0.05,200,pca,,2.0,2,"[0.05258741172780105, 0.03684214616663042]",outputs/ratinabox_003/decoder_comparison_manifold/models/manifold_transforms/global_pca_k2_w0100ms,head_direction,continuous,ridge,8398,3600,mean_circular_error_deg,,,,,,,,,,46.018682149713264,36.6399809987407,99.83531167814388,,,,,,,
sorted,sorted,global_pca,0.1,0.05,200,pca,,2.0,2,"[0.05258741172780105, 0.03684214616663042]",outputs/ratinabox_003/decoder_comparison_manifold/models/manifold_transforms/global_pca_k2_w0100ms,head_direction,continuous,pca_ridge,8398,3600,mean_circular_error_deg,,,,,,,,,,46.01868214971324,36.639980998740654,99.83531167814377,,,,,,,
sorted,sorted,global_pca,0.1,0.05,200,pca,,2.0,2,"[0.05258741172780105, 0.03684214616663042]",outputs/ratinabox_003/decoder_comparison_manifold/models/manifold_transforms/global_pca_k2_w0100ms,head_direction,continuous,random_forest_regressor,8398,3600,mean_circular_error_deg,,,,,,,,,,47.832478752376524,39.11222477528176,102.13785790594977,,,,,,,
sorted,sorted,global_pca,0.1,0.05,200,pca,,2.0,2,"[0.05258741172780105, 0.03684214616663042]",outputs/ratinabox_003/decoder_comparison_manifold/models/manifold_transforms/global_pca_k2_w0100ms,distance_to_wall,continuous,ridge,8398,3600,r2,,,,,,-0.1967741057554495,0.18415707352818486,,,,,,7.7566193699652,9.234820010566445,,,,,
sorted,sorted,global_pca,0.1,0.05,200,pca,,2.0,2,"[0.05258741172780105, 0.03684214616663042]",outputs/ratinabox_003/decoder_comparison_manifold/models/manifold_transforms/global_pca_k2_w0100ms,distance_to_wall,continuous,pca_ridge,8398,3600,r2,,,,,,-0.19677410575544863,0.18415707352818528,,,,,,7.756619369965196,9.234820010566443,,,,,
sorted,sorted,global_pca,0.1,0.05,200,pca,,2.0,2,"[0.05258741172780105, 0.03684214616663042]",outputs/ratinabox_003/decoder_comparison_manifold/models/manifold_transforms/global_pca_k2_w0100ms,distance_to_wall,continuous,random_forest_regressor,8398,3600,r2,,,,,,-0.31510614148643956,0.2301072447476291,,,,,,7.6432708278225965,9.680610493590969,,,,,
sorted,sorted,global_pca,0.1,0.05,200,pca,,2.0,2,"[0.05258741172780105, 0.03684214616663042]",outputs/ratinabox_003/decoder_comparison_manifold/models/manifold_transforms/global_pca_k2_w0100ms,distance_to_wall,continuous,bayesian_place_decoder,8398,3600,r2,,,,,,-2.412230222614132,0.3020486225171257,,,,,,12.369874344687798,15.593424648732999,,,,,
sorted,sorted,global_pca,0.1,0.05,200,pca,,2.0,2,"[0.05258741172780105, 0.03684214616663042]",outputs/ratinabox_003/decoder_comparison_manifold/models/manifold_transforms/global_pca_k2_w0100ms,spatial_context,categorical,logistic_regression,8398,3600,balanced_accuracy,,,,,,,,,,,,,,,0.32083333333333336,0.37863854315717665,0.31409332008017116,"[[332, 110, 110], [633, 570, 365], [810, 417, 253]]","['center', 'corner', 'wall']"
sorted,sorted,global_pca,0.1,0.05,200,pca,,2.0,2,"[0.05258741172780105, 0.03684214616663042]",outputs/ratinabox_003/decoder_comparison_manifold/models/manifold_transforms/global_pca_k2_w0100ms,spatial_context,categorical,random_forest_classifier,8398,3600,balanced_accuracy,,,,,,,,,,,,,,,0.3788888888888889,0.43580691383486414,0.37398310274519503,"[[360, 105, 87], [654, 610, 304], [671, 415, 394]]","['center', 'corner', 'wall']"
sorted,sorted,global_pca,0.1,0.05,200,pca,,2.0,2,"[0.05258741172780105, 0.03684214616663042]",outputs/ratinabox_003/decoder_comparison_manifold/models/manifold_transforms/global_pca_k2_w0100ms,spatial_context,categorical,bayesian_place_decoder_derived_context,8398,3600,balanced_accuracy,,,,,,,,,,,,,,,0.3463888888888889,0.42648849492793595,0.3369077248360662,"[[393, 101, 58], [675, 603, 202], [651, 666, 251]]","['center', 'wall', 'corner']"
sorted,sorted,global_pca,0.1,0.05,200,pca,,2.0,2,"[0.05258741172780105, 0.03684214616663042]",outputs/ratinabox_003/decoder_comparison_manifold/models/manifold_transforms/global_pca_k2_w0100ms,movement_state,categorical,logistic_regression,8398,3600,balanced_accuracy,,,,,,,,,,,,,,,0.3844444444444444,0.3206595562075825,0.2965536482676135,"[[495, 1005, 325], [467, 867, 305], [35, 79, 22]]","['fast', 'slow', 'still']"
sorted,sorted,global_pca,0.1,0.05,200,pca,,2.0,2,"[0.05258741172780105, 0.03684214616663042]",outputs/ratinabox_003/decoder_comparison_manifold/models/manifold_transforms/global_pca_k2_w0100ms,movement_state,categorical,random_forest_classifier,8398,3600,balanced_accuracy,,,,,,,,,,,,,,,0.4361111111111111,0.3330356955272184,0.3267098786413662,"[[747, 925, 153], [675, 810, 154], [51, 72, 13]]","['fast', 'slow', 'still']"
sorted,sorted,global_pca,0.1,0.05,200,pca,,2.0,2,"[0.05258741172780105, 0.03684214616663042]",outputs/ratinabox_003/decoder_comparison_manifold/models/manifold_transforms/global_pca_k2_w0100ms,wall_distance_bin,categorical,logistic_regression,8398,3600,balanced_accuracy,,,,,,,,,,,,,,,0.3647222222222222,0.30598677807980135,0.26687263916277465,"[[43, 77, 45], [349, 187, 190], [681, 945, 1083]]","['center', 'middle', 'near_wall']"
sorted,sorted,global_pca,0.1,0.05,200,pca,,2.0,2,"[0.05258741172780105, 0.03684214616663042]",outputs/ratinabox_003/decoder_comparison_manifold/models/manifold_transforms/global_pca_k2_w0100ms,wall_distance_bin,categorical,random_forest_classifier,8398,3600,balanced_accuracy,,,,,,,,,,,,,,,0.4486111111111111,0.3906108299342972,0.3338194554581218,"[[48, 88, 29], [267, 300, 159], [560, 882, 1267]]","['center', 'middle', 'near_wall']"
sorted,sorted,global_pca,0.1,0.05,200,pca,,2.0,2,"[0.05258741172780105, 0.03684214616663042]",outputs/ratinabox_003/decoder_comparison_manifold/models/manifold_transforms/global_pca_k2_w0100ms,wall_distance_bin,categorical,bayesian_place_decoder_derived_context,8398,3600,balanced_accuracy,,,,,,,,,,,,,,,0.3275,0.41739045544542375,0.2782528185538476,"[[810, 1164, 735], [65, 274, 387], [2, 68, 95]]","['near_wall', 'middle', 'center']"
sorted,sorted,global_pca,0.1,0.05,200,pca,,3.0,3,"[0.05258741172780105, 0.03684214616663042, 0.028476940814613404]",outputs/ratinabox_003/decoder_comparison_manifold/models/manifold_transforms/global_pca_k3_w0100ms,position,continuous,ridge,8398,3600,mean_position_error_cm,28.34407355464549,27.276452643754286,46.46662530603973,0.4585427258515232,0.6110767138033947,,,,,,,,,,,,,,
sorted,sorted,global_pca,0.1,0.05,200,pca,,3.0,3,"[0.05258741172780105, 0.03684214616663042, 0.028476940814613404]",outputs/ratinabox_003/decoder_comparison_manifold/models/manifold_transforms/global_pca_k3_w0100ms,position,continuous,pca_ridge,8398,3600,mean_position_error_cm,28.344073554645487,27.276452643754304,46.46662530603983,0.45854272585152356,0.6110767138033942,,,,,,,,,,,,,,
sorted,sorted,global_pca,0.1,0.05,200,pca,,3.0,3,"[0.05258741172780105, 0.03684214616663042, 0.028476940814613404]",outputs/ratinabox_003/decoder_comparison_manifold/models/manifold_transforms/global_pca_k3_w0100ms,position,continuous,random_forest_regressor,8398,3600,mean_position_error_cm,25.666846782403162,23.14909601977122,48.637465428400176,0.4413133250363013,0.6752348648056135,,,,,,,,,,,,,,
sorted,sorted,global_pca,0.1,0.05,200,pca,,3.0,3,"[0.05258741172780105, 0.03684214616663042, 0.028476940814613404]",outputs/ratinabox_003/decoder_comparison_manifold/models/manifold_transforms/global_pca_k3_w0100ms,position,continuous,bayesian_place_decoder,8398,3600,mean_position_error_cm,28.485079394507693,28.03575578142903,46.99248244662663,0.44999695466903344,0.5887568724880026,,,,,,,,,,,,,,
sorted,sorted,global_pca,0.1,0.05,200,pca,,3.0,3,"[0.05258741172780105, 0.03684214616663042, 0.028476940814613404]",outputs/ratinabox_003/decoder_comparison_manifold/models/manifold_transforms/global_pca_k3_w0100ms,speed,continuous,ridge,8398,3600,r2,,,,,,-0.011967128989787579,0.0663172086520224,4.317009985553117,5.432356470375859,,,,,,,,,,
sorted,sorted,global_pca,0.1,0.05,200,pca,,3.0,3,"[0.05258741172780105, 0.03684214616663042, 0.028476940814613404]",outputs/ratinabox_003/decoder_comparison_manifold/models/manifold_transforms/global_pca_k3_w0100ms,speed,continuous,pca_ridge,8398,3600,r2,,,,,,-0.011967128989787579,0.06631720865202237,4.317009985553117,5.432356470375859,,,,,,,,,,
sorted,sorted,global_pca,0.1,0.05,200,pca,,3.0,3,"[0.05258741172780105, 0.03684214616663042, 0.028476940814613404]",outputs/ratinabox_003/decoder_comparison_manifold/models/manifold_transforms/global_pca_k3_w0100ms,speed,continuous,random_forest_regressor,8398,3600,r2,,,,,,-0.04827758490893164,0.05906506082160991,4.382606787599802,5.528956936481194,,,,,,,,,,
sorted,sorted,global_pca,0.1,0.05,200,pca,,3.0,3,"[0.05258741172780105, 0.03684214616663042, 0.028476940814613404]",outputs/ratinabox_003/decoder_comparison_manifold/models/manifold_transforms/global_pca_k3_w0100ms,acceleration,continuous,ridge,8398,3600,r2,,,,,,0.0007925105691921619,0.02869133473267618,31.917901422403165,42.077682235286964,,,,,,,,,,
sorted,sorted,global_pca,0.1,0.05,200,pca,,3.0,3,"[0.05258741172780105, 0.03684214616663042, 0.028476940814613404]",outputs/ratinabox_003/decoder_comparison_manifold/models/manifold_transforms/global_pca_k3_w0100ms,acceleration,continuous,pca_ridge,8398,3600,r2,,,,,,0.0007925105691921619,0.028691334732676193,31.917901422403165,42.077682235286964,,,,,,,,,,
sorted,sorted,global_pca,0.1,0.05,200,pca,,3.0,3,"[0.05258741172780105, 0.03684214616663042, 0.028476940814613404]",outputs/ratinabox_003/decoder_comparison_manifold/models/manifold_transforms/global_pca_k3_w0100ms,acceleration,continuous,random_forest_regressor,8398,3600,r2,,,,,,-0.010406970546733119,-0.0028321988504581303,32.17296229858599,42.31283613525115,,,,,,,,,,
sorted,sorted,global_pca,0.1,0.05,200,pca,,3.0,3,"[0.05258741172780105, 0.03684214616663042, 0.028476940814613404]",outputs/ratinabox_003/decoder_comparison_manifold/models/manifold_transforms/global_pca_k3_w0100ms,head_direction,continuous,ridge,8398,3600,mean_circular_error_deg,,,,,,,,,,32.94964044788385,25.54944882012891,70.36762119251416,,,,,,,
sorted,sorted,global_pca,0.1,0.05,200,pca,,3.0,3,"[0.05258741172780105, 0.03684214616663042, 0.028476940814613404]",outputs/ratinabox_003/decoder_comparison_manifold/models/manifold_transforms/global_pca_k3_w0100ms,head_direction,continuous,pca_ridge,8398,3600,mean_circular_error_deg,,,,,,,,,,32.94964044788385,25.549448820128976,70.36762119251405,,,,,,,
sorted,sorted,global_pca,0.1,0.05,200,pca,,3.0,3,"[0.05258741172780105, 0.03684214616663042, 0.028476940814613404]",outputs/ratinabox_003/decoder_comparison_manifold/models/manifold_transforms/global_pca_k3_w0100ms,head_direction,continuous,random_forest_regressor,8398,3600,mean_circular_error_deg,,,,,,,,,,35.152294219594665,26.662339557462587,74.50883203083315,,,,,,,
sorted,sorted,global_pca,0.1,0.05,200,pca,,3.0,3,"[0.05258741172780105, 0.03684214616663042, 0.028476940814613404]",outputs/ratinabox_003/decoder_comparison_manifold/models/manifold_transforms/global_pca_k3_w0100ms,distance_to_wall,continuous,ridge,8398,3600,r2,,,,,,-0.17973632437372067,0.20793487930817658,,,,,,7.746740927721959,9.168848972957148,,,,,
sorted,sorted,global_pca,0.1,0.05,200,pca,,3.0,3,"[0.05258741172780105, 0.03684214616663042, 0.028476940814613404]",outputs/ratinabox_003/decoder_comparison_manifold/models/manifold_transforms/global_pca_k3_w0100ms,distance_to_wall,continuous,pca_ridge,8398,3600,r2,,,,,,-0.17973632437371978,0.20793487930817697,,,,,,7.746740927721957,9.168848972957145,,,,,
sorted,sorted,global_pca,0.1,0.05,200,pca,,3.0,3,"[0.05258741172780105, 0.03684214616663042, 0.028476940814613404]",outputs/ratinabox_003/decoder_comparison_manifold/models/manifold_transforms/global_pca_k3_w0100ms,distance_to_wall,continuous,random_forest_regressor,8398,3600,r2,,,,,,-0.2500376924790688,0.30186817037247404,,,,,,7.291357549083798,9.438085289429567,,,,,
sorted,sorted,global_pca,0.1,0.05,200,pca,,3.0,3,"[0.05258741172780105, 0.03684214616663042, 0.028476940814613404]",outputs/ratinabox_003/decoder_comparison_manifold/models/manifold_transforms/global_pca_k3_w0100ms,distance_to_wall,continuous,bayesian_place_decoder,8398,3600,r2,,,,,,-2.062121989032857,0.33198834567118507,,,,,,11.975994912757836,14.771805730471375,,,,,
sorted,sorted,global_pca,0.1,0.05,200,pca,,3.0,3,"[0.05258741172780105, 0.03684214616663042, 0.028476940814613404]",outputs/ratinabox_003/decoder_comparison_manifold/models/manifold_transforms/global_pca_k3_w0100ms,spatial_context,categorical,logistic_regression,8398,3600,balanced_accuracy,,,,,,,,,,,,,,,0.3408333333333333,0.41171657460477334,0.334024162975908,"[[377, 95, 80], [657, 584, 327], [801, 413, 266]]","['center', 'corner', 'wall']"
sorted,sorted,global_pca,0.1,0.05,200,pca,,3.0,3,"[0.05258741172780105, 0.03684214616663042, 0.028476940814613404]",outputs/ratinabox_003/decoder_comparison_manifold/models/manifold_transforms/global_pca_k3_w0100ms,spatial_context,categorical,random_forest_classifier,8398,3600,balanced_accuracy,,,,,,,,,,,,,,,0.42527777777777775,0.47280015707810735,0.41904988420260786,"[[360, 93, 99], [597, 659, 312], [541, 427, 512]]","['center', 'corner', 'wall']"
sorted,sorted,global_pca,0.1,0.05,200,pca,,3.0,3,"[0.05258741172780105, 0.03684214616663042, 0.028476940814613404]",outputs/ratinabox_003/decoder_comparison_manifold/models/manifold_transforms/global_pca_k3_w0100ms,spatial_context,categorical,bayesian_place_decoder_derived_context,8398,3600,balanced_accuracy,,,,,,,,,,,,,,,0.34805555555555556,0.43750751083825623,0.34090527097849627,"[[419, 84, 49], [698, 569, 213], [714, 589, 265]]","['center', 'wall', 'corner']"
sorted,sorted,global_pca,0.1,0.05,200,pca,,3.0,3,"[0.05258741172780105, 0.03684214616663042, 0.028476940814613404]",outputs/ratinabox_003/decoder_comparison_manifold/models/manifold_transforms/global_pca_k3_w0100ms,movement_state,categorical,logistic_regression,8398,3600,balanced_accuracy,,,,,,,,,,,,,,,0.4038888888888889,0.3129741033959866,0.3125285207011417,"[[902, 544, 379], [697, 536, 406], [73, 47, 16]]","['fast', 'slow', 'still']"
sorted,sorted,global_pca,0.1,0.05,200,pca,,3.0,3,"[0.05258741172780105, 0.03684214616663042, 0.028476940814613404]",outputs/ratinabox_003/decoder_comparison_manifold/models/manifold_transforms/global_pca_k3_w0100ms,movement_state,categorical,random_forest_classifier,8398,3600,balanced_accuracy,,,,,,,,,,,,,,,0.465,0.3426054314677638,0.3413558498875537,"[[872, 831, 122], [707, 793, 139], [64, 63, 9]]","['fast', 'slow', 'still']"
sorted,sorted,global_pca,0.1,0.05,200,pca,,3.0,3,"[0.05258741172780105, 0.03684214616663042, 0.028476940814613404]",outputs/ratinabox_003/decoder_comparison_manifold/models/manifold_transforms/global_pca_k3_w0100ms,wall_distance_bin,categorical,logistic_regression,8398,3600,balanced_accuracy,,,,,,,,,,,,,,,0.37444444444444447,0.3608664923675495,0.28442486068352657,"[[67, 67, 31], [345, 202, 179], [559, 1071, 1079]]","['center', 'middle', 'near_wall']"
sorted,sorted,global_pca,0.1,0.05,200,pca,,3.0,3,"[0.05258741172780105, 0.03684214616663042, 0.028476940814613404]",outputs/ratinabox_003/decoder_comparison_manifold/models/manifold_transforms/global_pca_k3_w0100ms,wall_distance_bin,categorical,random_forest_classifier,8398,3600,balanced_accuracy,,,,,,,,,,,,,,,0.46111111111111114,0.4342104219482655,0.3509042269981751,"[[67, 74, 24], [280, 306, 140], [485, 937, 1287]]","['center', 'middle', 'near_wall']"
sorted,sorted,global_pca,0.1,0.05,200,pca,,3.0,3,"[0.05258741172780105, 0.03684214616663042, 0.028476940814613404]",outputs/ratinabox_003/decoder_comparison_manifold/models/manifold_transforms/global_pca_k3_w0100ms,wall_distance_bin,categorical,bayesian_place_decoder_derived_context,8398,3600,balanced_accuracy,,,,,,,,,,,,,,,0.32222222222222224,0.43458993437851784,0.28345370530913744,"[[705, 1529, 475], [63, 366, 297], [4, 72, 89]]","['near_wall', 'middle', 'center']"
sorted,sorted,region_pca,0.1,0.05,200,pca,region,2.0,8,,outputs/ratinabox_003/decoder_comparison_manifold/models/manifold_transforms/region_pca_k2_w0100ms,position,continuous,ridge,8398,3600,mean_position_error_cm,27.314937628732757,26.148784705598736,45.0070721814225,0.5097427561100508,0.6258423204146686,,,,,,,,,,,,,,
sorted,sorted,region_pca,0.1,0.05,200,pca,region,2.0,8,,outputs/ratinabox_003/decoder_comparison_manifold/models/manifold_transforms/region_pca_k2_w0100ms,position,continuous,pca_ridge,8398,3600,mean_position_error_cm,27.61923216801435,26.499979522544372,45.68378123391756,0.48219200602267487,0.6294375490317378,,,,,,,,,,,,,,
sorted,sorted,region_pca,0.1,0.05,200,pca,region,2.0,8,,outputs/ratinabox_003/decoder_comparison_manifold/models/manifold_transforms/region_pca_k2_w0100ms,position,continuous,random_forest_regressor,8398,3600,mean_position_error_cm,20.170648213369116,16.658206556108016,40.1971291785741,0.6485272718657895,0.7736517998330094,,,,,,,,,,,,,,
sorted,sorted,region_pca,0.1,0.05,200,pca,region,2.0,8,,outputs/ratinabox_003/decoder_comparison_manifold/models/manifold_transforms/region_pca_k2_w0100ms,position,continuous,bayesian_place_decoder,8398,3600,mean_position_error_cm,25.84626658060164,22.944871910150837,47.67951707782679,0.43963263443622047,0.6666961673322772,,,,,,,,,,,,,,
sorted,sorted,region_pca,0.1,0.05,200,pca,region,2.0,8,,outputs/ratinabox_003/decoder_comparison_manifold/models/manifold_transforms/region_pca_k2_w0100ms,speed,continuous,ridge,8398,3600,r2,,,,,,0.5194305162733885,0.7249819853533552,2.912456026737597,3.743545813475316,,,,,,,,,,
sorted,sorted,region_pca,0.1,0.05,200,pca,region,2.0,8,,outputs/ratinabox_003/decoder_comparison_manifold/models/manifold_transforms/region_pca_k2_w0100ms,speed,continuous,pca_ridge,8398,3600,r2,,,,,,0.5194319012359332,0.7249859186210859,2.9124565701166003,3.7435404191726738,,,,,,,,,,
sorted,sorted,region_pca,0.1,0.05,200,pca,region,2.0,8,,outputs/ratinabox_003/decoder_comparison_manifold/models/manifold_transforms/region_pca_k2_w0100ms,speed,continuous,random_forest_regressor,8398,3600,r2,,,,,,0.50636722000591,0.7156761458668319,2.9543706081995507,3.7940849748215424,,,,,,,,,,
sorted,sorted,region_pca,0.1,0.05,200,pca,region,2.0,8,,outputs/ratinabox_003/decoder_comparison_manifold/models/manifold_transforms/region_pca_k2_w0100ms,acceleration,continuous,ridge,8398,3600,r2,,,,,,0.025730566695445156,0.1614075791422976,31.600161469710986,41.54928052746646,,,,,,,,,,
sorted,sorted,region_pca,0.1,0.05,200,pca,region,2.0,8,,outputs/ratinabox_003/decoder_comparison_manifold/models/manifold_transforms/region_pca_k2_w0100ms,acceleration,continuous,pca_ridge,8398,3600,r2,,,,,,0.025230914132622906,0.1597883214231442,31.611229382935147,41.55993340374588,,,,,,,,,,
sorted,sorted,region_pca,0.1,0.05,200,pca,region,2.0,8,,outputs/ratinabox_003/decoder_comparison_manifold/models/manifold_transforms/region_pca_k2_w0100ms,acceleration,continuous,random_forest_regressor,8398,3600,r2,,,,,,0.008147542574541866,0.11394885076806491,31.930942642062284,41.92253211695664,,,,,,,,,,
sorted,sorted,region_pca,0.1,0.05,200,pca,region,2.0,8,,outputs/ratinabox_003/decoder_comparison_manifold/models/manifold_transforms/region_pca_k2_w0100ms,head_direction,continuous,ridge,8398,3600,mean_circular_error_deg,,,,,,,,,,20.3598171065412,16.5371425314028,41.466691570671316,,,,,,,
sorted,sorted,region_pca,0.1,0.05,200,pca,region,2.0,8,,outputs/ratinabox_003/decoder_comparison_manifold/models/manifold_transforms/region_pca_k2_w0100ms,head_direction,continuous,pca_ridge,8398,3600,mean_circular_error_deg,,,,,,,,,,20.3574067983845,16.57341714745182,41.50432313044065,,,,,,,
sorted,sorted,region_pca,0.1,0.05,200,pca,region,2.0,8,,outputs/ratinabox_003/decoder_comparison_manifold/models/manifold_transforms/region_pca_k2_w0100ms,head_direction,continuous,random_forest_regressor,8398,3600,mean_circular_error_deg,,,,,,,,,,20.80008029674711,16.65291206329014,42.995400744512814,,,,,,,
sorted,sorted,region_pca,0.1,0.05,200,pca,region,2.0,8,,outputs/ratinabox_003/decoder_comparison_manifold/models/manifold_transforms/region_pca_k2_w0100ms,distance_to_wall,continuous,ridge,8398,3600,r2,,,,,,-0.17071674284776162,0.31648261234952796,,,,,,7.428869774108862,9.13373186510298,,,,,
sorted,sorted,region_pca,0.1,0.05,200,pca,region,2.0,8,,outputs/ratinabox_003/decoder_comparison_manifold/models/manifold_transforms/region_pca_k2_w0100ms,distance_to_wall,continuous,pca_ridge,8398,3600,r2,,,,,,-0.18169643858977058,0.3103789695360772,,,,,,7.449035343079421,9.176462764273124,,,,,
sorted,sorted,region_pca,0.1,0.05,200,pca,region,2.0,8,,outputs/ratinabox_003/decoder_comparison_manifold/models/manifold_transforms/region_pca_k2_w0100ms,distance_to_wall,continuous,random_forest_regressor,8398,3600,r2,,,,,,0.007258889609722652,0.474744843271974,,,,,,6.131453386675016,8.410858889020469,,,,,
sorted,sorted,region_pca,0.1,0.05,200,pca,region,2.0,8,,outputs/ratinabox_003/decoder_comparison_manifold/models/manifold_transforms/region_pca_k2_w0100ms,distance_to_wall,continuous,bayesian_place_decoder,8398,3600,r2,,,,,,-1.2234911194096614,0.3426535397765766,,,,,,9.740990555126375,12.58751621402961,,,,,
sorted,sorted,region_pca,0.1,0.05,200,pca,region,2.0,8,,outputs/ratinabox_003/decoder_comparison_manifold/models/manifold_transforms/region_pca_k2_w0100ms,spatial_context,categorical,logistic_regression,8398,3600,balanced_accuracy,,,,,,,,,,,,,,,0.39055555555555554,0.4543657954760439,0.38592395141872543,"[[385, 81, 86], [492, 639, 437], [656, 442, 382]]","['center', 'corner', 'wall']"
sorted,sorted,region_pca,0.1,0.05,200,pca,region,2.0,8,,outputs/ratinabox_003/decoder_comparison_manifold/models/manifold_transforms/region_pca_k2_w0100ms,spatial_context,categorical,random_forest_classifier,8398,3600,balanced_accuracy,,,,,,,,,,,,,,,0.5055555555555555,0.5611366746071714,0.5010201116894876,"[[425, 66, 61], [428, 767, 373], [395, 457, 628]]","['center', 'corner', 'wall']"
sorted,sorted,region_pca,0.1,0.05,200,pca,region,2.0,8,,outputs/ratinabox_003/decoder_comparison_manifold/models/manifold_transforms/region_pca_k2_w0100ms,spatial_context,categorical,bayesian_place_decoder_derived_context,8398,3600,balanced_accuracy,,,,,,,,,,,,,,,0.39694444444444443,0.47435366822012787,0.3964657241484031,"[[419, 93, 40], [603, 524, 353], [584, 498, 486]]","['center', 'wall', 'corner']"
sorted,sorted,region_pca,0.1,0.05,200,pca,region,2.0,8,,outputs/ratinabox_003/decoder_comparison_manifold/models/manifold_transforms/region_pca_k2_w0100ms,movement_state,categorical,logistic_regression,8398,3600,balanced_accuracy,,,,,,,,,,,,,,,0.6136111111111111,0.6691751257825921,0.5226663720826726,"[[1318, 462, 45], [357, 781, 501], [2, 24, 110]]","['fast', 'slow', 'still']"
sorted,sorted,region_pca,0.1,0.05,200,pca,region,2.0,8,,outputs/ratinabox_003/decoder_comparison_manifold/models/manifold_transforms/region_pca_k2_w0100ms,movement_state,categorical,random_forest_classifier,8398,3600,balanced_accuracy,,,,,,,,,,,,,,,0.6625,0.5983577056822545,0.5426043865719744,"[[1365, 438, 22], [403, 957, 279], [2, 71, 63]]","['fast', 'slow', 'still']"
sorted,sorted,region_pca,0.1,0.05,200,pca,region,2.0,8,,outputs/ratinabox_003/decoder_comparison_manifold/models/manifold_transforms/region_pca_k2_w0100ms,wall_distance_bin,categorical,logistic_regression,8398,3600,balanced_accuracy,,,,,,,,,,,,,,,0.4275,0.3909397000306091,0.32198296414406896,"[[57, 86, 22], [283, 278, 165], [441, 1064, 1204]]","['center', 'middle', 'near_wall']"
sorted,sorted,region_pca,0.1,0.05,200,pca,region,2.0,8,,outputs/ratinabox_003/decoder_comparison_manifold/models/manifold_transforms/region_pca_k2_w0100ms,wall_distance_bin,categorical,random_forest_classifier,8398,3600,balanced_accuracy,,,,,,,,,,,,,,,0.6072222222222222,0.567579652357665,0.46847471605158536,"[[86, 58, 21], [155, 403, 168], [311, 701, 1697]]","['center', 'middle', 'near_wall']"
sorted,sorted,region_pca,0.1,0.05,200,pca,region,2.0,8,,outputs/ratinabox_003/decoder_comparison_manifold/models/manifold_transforms/region_pca_k2_w0100ms,wall_distance_bin,categorical,bayesian_place_decoder_derived_context,8398,3600,balanced_accuracy,,,,,,,,,,,,,,,0.4438888888888889,0.4616893794483647,0.3648947004553262,"[[1023, 1528, 158], [96, 529, 101], [9, 110, 46]]","['near_wall', 'middle', 'center']"
sorted,sorted,region_pca,0.1,0.05,200,pca,region,3.0,12,,outputs/ratinabox_003/decoder_comparison_manifold/models/manifold_transforms/region_pca_k3_w0100ms,position,continuous,ridge,8398,3600,mean_position_error_cm,25.631924877620712,23.275952128737174,46.13253693706317,0.5374747819534544,0.6488335510593162,,,,,,,,,,,,,,
sorted,sorted,region_pca,0.1,0.05,200,pca,region,3.0,12,,outputs/ratinabox_003/decoder_comparison_manifold/models/manifold_transforms/region_pca_k3_w0100ms,position,continuous,pca_ridge,8398,3600,mean_position_error_cm,26.036540147881873,23.714381720553774,46.82174351548174,0.5116921717850862,0.6499456143700653,,,,,,,,,,,,,,
sorted,sorted,region_pca,0.1,0.05,200,pca,region,3.0,12,,outputs/ratinabox_003/decoder_comparison_manifold/models/manifold_transforms/region_pca_k3_w0100ms,position,continuous,random_forest_regressor,8398,3600,mean_position_error_cm,16.312514932295688,13.06306067379325,32.238629624652084,0.745550485517076,0.8561559484289056,,,,,,,,,,,,,,
sorted,sorted,region_pca,0.1,0.05,200,pca,region,3.0,12,,outputs/ratinabox_003/decoder_comparison_manifold/models/manifold_transforms/region_pca_k3_w0100ms,position,continuous,bayesian_place_decoder,8398,3600,mean_position_error_cm,22.098007840144927,18.678357910151547,42.239506253274584,0.5991206391230414,0.7122840772668215,,,,,,,,,,,,,,
sorted,sorted,region_pca,0.1,0.05,200,pca,region,3.0,12,,outputs/ratinabox_003/decoder_comparison_manifold/models/manifold_transforms/region_pca_k3_w0100ms,speed,continuous,ridge,8398,3600,r2,,,,,,0.5197454902528786,0.7248779550569215,2.9112760328742047,3.7423188183896476,,,,,,,,,,
sorted,sorted,region_pca,0.1,0.05,200,pca,region,3.0,12,,outputs/ratinabox_003/decoder_comparison_manifold/models/manifold_transforms/region_pca_k3_w0100ms,speed,continuous,pca_ridge,8398,3600,r2,,,,,,0.5197011878074667,0.7248419451090407,2.91151726032158,3.7424914248394,,,,,,,,,,
sorted,sorted,region_pca,0.1,0.05,200,pca,region,3.0,12,,outputs/ratinabox_003/decoder_comparison_manifold/models/manifold_transforms/region_pca_k3_w0100ms,speed,continuous,random_forest_regressor,8398,3600,r2,,,,,,0.5071721384408454,0.7162136316129277,2.9486774104297386,3.790990392152801,,,,,,,,,,
sorted,sorted,region_pca,0.1,0.05,200,pca,region,3.0,12,,outputs/ratinabox_003/decoder_comparison_manifold/models/manifold_transforms/region_pca_k3_w0100ms,acceleration,continuous,ridge,8398,3600,r2,,,,,,0.02409169679099299,0.1557104292522394,31.619037360982208,41.58421195971314,,,,,,,,,,
sorted,sorted,region_pca,0.1,0.05,200,pca,region,3.0,12,,outputs/ratinabox_003/decoder_comparison_manifold/models/manifold_transforms/region_pca_k3_w0100ms,acceleration,continuous,pca_ridge,8398,3600,r2,,,,,,0.023598351779888893,0.15407408062584282,31.629592887426362,41.59472153901831,,,,,,,,,,
sorted,sorted,region_pca,0.1,0.05,200,pca,region,3.0,12,,outputs/ratinabox_003/decoder_comparison_manifold/models/manifold_transforms/region_pca_k3_w0100ms,acceleration,continuous,random_forest_regressor,8398,3600,r2,,,,,,0.010231346472962088,0.11955798332280662,31.90385120815894,41.87847099339414,,,,,,,,,,
sorted,sorted,region_pca,0.1,0.05,200,pca,region,3.0,12,,outputs/ratinabox_003/decoder_comparison_manifold/models/manifold_transforms/region_pca_k3_w0100ms,head_direction,continuous,ridge,8398,3600,mean_circular_error_deg,,,,,,,,,,20.25850547199636,16.473131019240903,41.34150239774289,,,,,,,
sorted,sorted,region_pca,0.1,0.05,200,pca,region,3.0,12,,outputs/ratinabox_003/decoder_comparison_manifold/models/manifold_transforms/region_pca_k3_w0100ms,head_direction,continuous,pca_ridge,8398,3600,mean_circular_error_deg,,,,,,,,,,20.258193280031772,16.425527051146506,41.36881474686875,,,,,,,
sorted,sorted,region_pca,0.1,0.05,200,pca,region,3.0,12,,outputs/ratinabox_003/decoder_comparison_manifold/models/manifold_transforms/region_pca_k3_w0100ms,head_direction,continuous,random_forest_regressor,8398,3600,mean_circular_error_deg,,,,,,,,,,20.719578790080888,16.449356113876156,42.69879398796404,,,,,,,
sorted,sorted,region_pca,0.1,0.05,200,pca,region,3.0,12,,outputs/ratinabox_003/decoder_comparison_manifold/models/manifold_transforms/region_pca_k3_w0100ms,distance_to_wall,continuous,ridge,8398,3600,r2,,,,,,-0.09799431045007934,0.4168856438924302,,,,,,7.340739791760442,8.84550002825624,,,,,
sorted,sorted,region_pca,0.1,0.05,200,pca,region,3.0,12,,outputs/ratinabox_003/decoder_comparison_manifold/models/manifold_transforms/region_pca_k3_w0100ms,distance_to_wall,continuous,pca_ridge,8398,3600,r2,,,,,,-0.10744437612529012,0.4100838843461865,,,,,,7.354225989106348,8.883483588984049,,,,,
sorted,sorted,region_pca,0.1,0.05,200,pca,region,3.0,12,,outputs/ratinabox_003/decoder_comparison_manifold/models/manifold_transforms/region_pca_k3_w0100ms,distance_to_wall,continuous,random_forest_regressor,8398,3600,r2,,,,,,0.3056671895975307,0.6542714094113066,,,,,,5.063439418125025,7.03406192645979,,,,,
sorted,sorted,region_pca,0.1,0.05,200,pca,region,3.0,12,,outputs/ratinabox_003/decoder_comparison_manifold/models/manifold_transforms/region_pca_k3_w0100ms,distance_to_wall,continuous,bayesian_place_decoder,8398,3600,r2,,,,,,-1.7028562086851369,0.3529021670798306,,,,,,10.322729701449543,13.878221489770686,,,,,
sorted,sorted,region_pca,0.1,0.05,200,pca,region,3.0,12,,outputs/ratinabox_003/decoder_comparison_manifold/models/manifold_transforms/region_pca_k3_w0100ms,spatial_context,categorical,logistic_regression,8398,3600,balanced_accuracy,,,,,,,,,,,,,,,0.465,0.5578795521342105,0.46573604804514046,"[[497, 5, 50], [453, 580, 535], [615, 268, 597]]","['center', 'corner', 'wall']"
sorted,sorted,region_pca,0.1,0.05,200,pca,region,3.0,12,,outputs/ratinabox_003/decoder_comparison_manifold/models/manifold_transforms/region_pca_k3_w0100ms,spatial_context,categorical,random_forest_classifier,8398,3600,balanced_accuracy,,,,,,,,,,,,,,,0.5911111111111111,0.6458906555179847,0.5868938942610354,"[[467, 8, 77], [325, 808, 435], [327, 300, 853]]","['center', 'corner', 'wall']"
sorted,sorted,region_pca,0.1,0.05,200,pca,region,3.0,12,,outputs/ratinabox_003/decoder_comparison_manifold/models/manifold_transforms/region_pca_k3_w0100ms,spatial_context,categorical,bayesian_place_decoder_derived_context,8398,3600,balanced_accuracy,,,,,,,,,,,,,,,0.4436111111111111,0.513148763226403,0.44165705244708,"[[425, 115, 12], [639, 582, 259], [604, 374, 590]]","['center', 'wall', 'corner']"
sorted,sorted,region_pca,0.1,0.05,200,pca,region,3.0,12,,outputs/ratinabox_003/decoder_comparison_manifold/models/manifold_transforms/region_pca_k3_w0100ms,movement_state,categorical,logistic_regression,8398,3600,balanced_accuracy,,,,,,,,,,,,,,,0.6113888888888889,0.6788275944743991,0.5227420799207764,"[[1316, 460, 49], [355, 770, 514], [2, 19, 115]]","['fast', 'slow', 'still']"
sorted,sorted,region_pca,0.1,0.05,200,pca,region,3.0,12,,outputs/ratinabox_003/decoder_comparison_manifold/models/manifold_transforms/region_pca_k3_w0100ms,movement_state,categorical,random_forest_classifier,8398,3600,balanced_accuracy,,,,,,,,,,,,,,,0.6669444444444445,0.5950761857142833,0.5472788868204953,"[[1355, 456, 14], [403, 986, 250], [2, 74, 60]]","['fast', 'slow', 'still']"
sorted,sorted,region_pca,0.1,0.05,200,pca,region,3.0,12,,outputs/ratinabox_003/decoder_comparison_manifold/models/manifold_transforms/region_pca_k3_w0100ms,wall_distance_bin,categorical,logistic_regression,8398,3600,balanced_accuracy,,,,,,,,,,,,,,,0.47833333333333333,0.6284898720416691,0.4352070530124772,"[[142, 21, 2], [209, 438, 79], [239, 1328, 1142]]","['center', 'middle', 'near_wall']"
sorted,sorted,region_pca,0.1,0.05,200,pca,region,3.0,12,,outputs/ratinabox_003/decoder_comparison_manifold/models/manifold_transforms/region_pca_k3_w0100ms,wall_distance_bin,categorical,random_forest_classifier,8398,3600,balanced_accuracy,,,,,,,,,,,,,,,0.6808333333333333,0.6521927215373304,0.5550163647407356,"[[98, 60, 7], [110, 490, 126], [147, 699, 1863]]","['center', 'middle', 'near_wall']"
sorted,sorted,region_pca,0.1,0.05,200,pca,region,3.0,12,,outputs/ratinabox_003/decoder_comparison_manifold/models/manifold_transforms/region_pca_k3_w0100ms,wall_distance_bin,categorical,bayesian_place_decoder_derived_context,8398,3600,balanced_accuracy,,,,,,,,,,,,,,,0.4625,0.5245266517993791,0.3916732104794898,"[[1118, 1292, 299], [115, 460, 151], [2, 76, 87]]","['near_wall', 'middle', 'center']"
sorted,sorted,counts,0.25,0.05,200,none,,,200,,outputs/ratinabox_003/decoder_comparison_manifold/models/manifold_transforms/counts_w0250ms,position,continuous,ridge,8396,3599,mean_position_error_cm,14.447492217225685,13.167007996920718,25.284673276117456,0.8743680258008267,0.8676844139783345,,,,,,,,,,,,,,
sorted,sorted,counts,0.25,0.05,200,none,,,200,,outputs/ratinabox_003/decoder_comparison_manifold/models/manifold_transforms/counts_w0250ms,position,continuous,pca_ridge,8396,3599,mean_position_error_cm,14.498708054389418,13.200858662357925,25.562993441684863,0.8725882021918075,0.8669169507029848,,,,,,,,,,,,,,
sorted,sorted,counts,0.25,0.05,200,none,,,200,,outputs/ratinabox_003/decoder_comparison_manifold/models/manifold_transforms/counts_w0250ms,position,continuous,random_forest_regressor,8396,3599,mean_position_error_cm,13.10575441826282,10.275166937149036,25.555871385814537,0.8674395604300643,0.868442391802109,,,,,,,,,,,,,,
sorted,sorted,counts,0.25,0.05,200,none,,,200,,outputs/ratinabox_003/decoder_comparison_manifold/models/manifold_transforms/counts_w0250ms,position,continuous,bayesian_place_decoder,8396,3599,mean_position_error_cm,16.55601946514381,11.86408246234294,37.193926669484284,0.6424992763327767,0.8842256025386638,,,,,,,,,,,,,,
sorted,sorted,counts,0.25,0.05,200,none,,,200,,outputs/ratinabox_003/decoder_comparison_manifold/models/manifold_transforms/counts_w0250ms,speed,continuous,ridge,8396,3599,r2,,,,,,0.5498825102145055,0.7468732900509109,2.8211088152415535,3.6233516770953536,,,,,,,,,,
sorted,sorted,counts,0.25,0.05,200,none,,,200,,outputs/ratinabox_003/decoder_comparison_manifold/models/manifold_transforms/counts_w0250ms,speed,continuous,pca_ridge,8396,3599,r2,,,,,,0.5567016900007351,0.7524679706306472,2.8008541532208393,3.595800444373184,,,,,,,,,,
sorted,sorted,counts,0.25,0.05,200,none,,,200,,outputs/ratinabox_003/decoder_comparison_manifold/models/manifold_transforms/counts_w0250ms,speed,continuous,random_forest_regressor,8396,3599,r2,,,,,,0.4859810856524097,0.719610413681154,2.989808091436453,3.872015560530898,,,,,,,,,,
sorted,sorted,counts,0.25,0.05,200,none,,,200,,outputs/ratinabox_003/decoder_comparison_manifold/models/manifold_transforms/counts_w0250ms,acceleration,continuous,ridge,8396,3599,r2,,,,,,0.001389290385168107,0.11499982880122989,31.932186533487474,42.03806243045471,,,,,,,,,,
sorted,sorted,counts,0.25,0.05,200,none,,,200,,outputs/ratinabox_003/decoder_comparison_manifold/models/manifold_transforms/counts_w0250ms,acceleration,continuous,pca_ridge,8396,3599,r2,,,,,,0.006689368925948513,0.12258872357085907,31.818993339533254,41.92635651275588,,,,,,,,,,
sorted,sorted,counts,0.25,0.05,200,none,,,200,,outputs/ratinabox_003/decoder_comparison_manifold/models/manifold_transforms/counts_w0250ms,acceleration,continuous,random_forest_regressor,8396,3599,r2,,,,,,0.016379518724035647,0.12885841945663914,31.65468314833055,41.7213509667055,,,,,,,,,,
sorted,sorted,counts,0.25,0.05,200,none,,,200,,outputs/ratinabox_003/decoder_comparison_manifold/models/manifold_transforms/counts_w0250ms,head_direction,continuous,ridge,8396,3599,mean_circular_error_deg,,,,,,,,,,17.15307420052561,14.518453259613716,35.045965264872535,,,,,,,
sorted,sorted,counts,0.25,0.05,200,none,,,200,,outputs/ratinabox_003/decoder_comparison_manifold/models/manifold_transforms/counts_w0250ms,head_direction,continuous,pca_ridge,8396,3599,mean_circular_error_deg,,,,,,,,,,16.993915563030676,14.211761474920833,35.03849166604251,,,,,,,
sorted,sorted,counts,0.25,0.05,200,none,,,200,,outputs/ratinabox_003/decoder_comparison_manifold/models/manifold_transforms/counts_w0250ms,head_direction,continuous,random_forest_regressor,8396,3599,mean_circular_error_deg,,,,,,,,,,18.879816646232076,15.6862118212833,38.59987210834808,,,,,,,
sorted,sorted,counts,0.25,0.05,200,none,,,200,,outputs/ratinabox_003/decoder_comparison_manifold/models/manifold_transforms/counts_w0250ms,distance_to_wall,continuous,ridge,8396,3599,r2,,,,,,0.638032373602683,0.8059627931316897,,,,,,4.053934947019221,5.0790603893040895,,,,,
sorted,sorted,counts,0.25,0.05,200,none,,,200,,outputs/ratinabox_003/decoder_comparison_manifold/models/manifold_transforms/counts_w0250ms,distance_to_wall,continuous,pca_ridge,8396,3599,r2,,,,,,0.6427500971445175,0.8083283401082516,,,,,,4.025345769877409,5.045852734534619,,,,,
sorted,sorted,counts,0.25,0.05,200,none,,,200,,outputs/ratinabox_003/decoder_comparison_manifold/models/manifold_transforms/counts_w0250ms,distance_to_wall,continuous,random_forest_regressor,8396,3599,r2,,,,,,0.6461683111134526,0.8085591539010812,,,,,,3.5684422061533265,5.021655023010939,,,,,
sorted,sorted,counts,0.25,0.05,200,none,,,200,,outputs/ratinabox_003/decoder_comparison_manifold/models/manifold_transforms/counts_w0250ms,distance_to_wall,continuous,bayesian_place_decoder,8396,3599,r2,,,,,,0.35148730299672304,0.6540424522614036,,,,,,4.095119198813148,6.798416273183305,,,,,
sorted,sorted,counts,0.25,0.05,200,none,,,200,,outputs/ratinabox_003/decoder_comparison_manifold/models/manifold_transforms/counts_w0250ms,spatial_context,categorical,logistic_regression,8396,3599,balanced_accuracy,,,,,,,,,,,,,,,0.7304806890803001,0.7545975646021427,0.7406761151880774,"[[463, 10, 79], [45, 1026, 496], [128, 212, 1140]]","['center', 'corner', 'wall']"
sorted,sorted,counts,0.25,0.05,200,none,,,200,,outputs/ratinabox_003/decoder_comparison_manifold/models/manifold_transforms/counts_w0250ms,spatial_context,categorical,random_forest_classifier,8396,3599,balanced_accuracy,,,,,,,,,,,,,,,0.7363156432342317,0.7701327767100081,0.7496220231591838,"[[492, 6, 54], [49, 1040, 478], [133, 229, 1118]]","['center', 'corner', 'wall']"
sorted,sorted,counts,0.25,0.05,200,none,,,200,,outputs/ratinabox_003/decoder_comparison_manifold/models/manifold_transforms/counts_w0250ms,spatial_context,categorical,bayesian_place_decoder_derived_context,8396,3599,balanced_accuracy,,,,,,,,,,,,,,,0.640177827174215,0.6052998324480803,0.6186723712068116,"[[264, 160, 128], [86, 954, 440], [60, 421, 1086]]","['center', 'wall', 'corner']"
sorted,sorted,counts,0.25,0.05,200,none,,,200,,outputs/ratinabox_003/decoder_comparison_manifold/models/manifold_transforms/counts_w0250ms,movement_state,categorical,logistic_regression,8396,3599,balanced_accuracy,,,,,,,,,,,,,,,0.6615726590719644,0.5846780892429563,0.5341659027134041,"[[1341, 437, 47], [371, 983, 284], [3, 76, 57]]","['fast', 'slow', 'still']"
sorted,sorted,counts,0.25,0.05,200,none,,,200,,outputs/ratinabox_003/decoder_comparison_manifold/models/manifold_transforms/counts_w0250ms,movement_state,categorical,random_forest_classifier,8396,3599,balanced_accuracy,,,,,,,,,,,,,,,0.711864406779661,0.5357946018824342,0.5422487790054854,"[[1356, 469, 0], [382, 1187, 69], [4, 113, 19]]","['fast', 'slow', 'still']"
sorted,sorted,counts,0.25,0.05,200,none,,,200,,outputs/ratinabox_003/decoder_comparison_manifold/models/manifold_transforms/counts_w0250ms,wall_distance_bin,categorical,logistic_regression,8396,3599,balanced_accuracy,,,,,,,,,,,,,,,0.7866073909419283,0.7179685942274904,0.6692115907833748,"[[100, 64, 1], [81, 535, 110], [23, 489, 2196]]","['center', 'middle', 'near_wall']"
sorted,sorted,counts,0.25,0.05,200,none,,,200,,outputs/ratinabox_003/decoder_comparison_manifold/models/manifold_transforms/counts_w0250ms,wall_distance_bin,categorical,random_forest_classifier,8396,3599,balanced_accuracy,,,,,,,,,,,,,,,0.8402333981661573,0.7193938173191564,0.7256967512251298,"[[90, 74, 1], [36, 525, 165], [0, 299, 2409]]","['center', 'middle', 'near_wall']"
sorted,sorted,counts,0.25,0.05,200,none,,,200,,outputs/ratinabox_003/decoder_comparison_manifold/models/manifold_transforms/counts_w0250ms,wall_distance_bin,categorical,bayesian_place_decoder_derived_context,8396,3599,balanced_accuracy,,,,,,,,,,,,,,,0.801333703806613,0.5427634068630444,0.5695082945365363,"[[2525, 181, 2], [354, 316, 56], [56, 66, 43]]","['near_wall', 'middle', 'center']"
sorted,sorted,global_pca,0.25,0.05,200,pca,,2.0,2,"[0.09505787364307501, 0.06447191824466415]",outputs/ratinabox_003/decoder_comparison_manifold/models/manifold_transforms/global_pca_k2_w0250ms,position,continuous,ridge,8396,3599,mean_position_error_cm,27.647880765166,26.8519946197746,44.52360354807931,0.47101920709820244,0.6509400124506932,,,,,,,,,,,,,,
sorted,sorted,global_pca,0.25,0.05,200,pca,,2.0,2,"[0.09505787364307501, 0.06447191824466415]",outputs/ratinabox_003/decoder_comparison_manifold/models/manifold_transforms/global_pca_k2_w0250ms,position,continuous,pca_ridge,8396,3599,mean_position_error_cm,27.647880765166004,26.851994619774615,44.523603548079315,0.47101920709820266,0.6509400124506929,,,,,,,,,,,,,,
sorted,sorted,global_pca,0.25,0.05,200,pca,,2.0,2,"[0.09505787364307501, 0.06447191824466415]",outputs/ratinabox_003/decoder_comparison_manifold/models/manifold_transforms/global_pca_k2_w0250ms,position,continuous,random_forest_regressor,8396,3599,mean_position_error_cm,25.376088343723747,23.43690765725853,46.480296126010515,0.4485813262710905,0.7007106202988322,,,,,,,,,,,,,,
sorted,sorted,global_pca,0.25,0.05,200,pca,,2.0,2,"[0.09505787364307501, 0.06447191824466415]",outputs/ratinabox_003/decoder_comparison_manifold/models/manifold_transforms/global_pca_k2_w0250ms,position,continuous,bayesian_place_decoder,8396,3599,mean_position_error_cm,29.114298426985368,30.72013104662125,46.06095228693617,0.3646782275738376,0.6222650463195533,,,,,,,,,,,,,,
sorted,sorted,global_pca,0.25,0.05,200,pca,,2.0,2,"[0.09505787364307501, 0.06447191824466415]",outputs/ratinabox_003/decoder_comparison_manifold/models/manifold_transforms/global_pca_k2_w0250ms,speed,continuous,ridge,8396,3599,r2,,,,,,-0.006458735759972356,0.021332833256561216,4.32236839635717,5.418081466516692,,,,,,,,,,
sorted,sorted,global_pca,0.25,0.05,200,pca,,2.0,2,"[0.09505787364307501, 0.06447191824466415]",outputs/ratinabox_003/decoder_comparison_manifold/models/manifold_transforms/global_pca_k2_w0250ms,speed,continuous,pca_ridge,8396,3599,r2,,,,,,-0.006458735759972356,0.0213328332565612,4.32236839635717,5.418081466516692,,,,,,,,,,
sorted,sorted,global_pca,0.25,0.05,200,pca,,2.0,2,"[0.09505787364307501, 0.06447191824466415]",outputs/ratinabox_003/decoder_comparison_manifold/models/manifold_transforms/global_pca_k2_w0250ms,speed,continuous,random_forest_regressor,8396,3599,r2,,,,,,-0.051085662337019944,-0.011609627848037677,4.42091858695045,5.536898979975426,,,,,,,,,,
sorted,sorted,global_pca,0.25,0.05,200,pca,,2.0,2,"[0.09505787364307501, 0.06447191824466415]",outputs/ratinabox_003/decoder_comparison_manifold/models/manifold_transforms/global_pca_k2_w0250ms,acceleration,continuous,ridge,8396,3599,r2,,,,,,-4.367112358005798e-05,0.00583212703485769,31.90738739443661,42.068212983737524,,,,,,,,,,
sorted,sorted,global_pca,0.25,0.05,200,pca,,2.0,2,"[0.09505787364307501, 0.06447191824466415]",outputs/ratinabox_003/decoder_comparison_manifold/models/manifold_transforms/global_pca_k2_w0250ms,acceleration,continuous,pca_ridge,8396,3599,r2,,,,,,-4.367112358005798e-05,0.005832127034857691,31.90738739443661,42.068212983737524,,,,,,,,,,
sorted,sorted,global_pca,0.25,0.05,200,pca,,2.0,2,"[0.09505787364307501, 0.06447191824466415]",outputs/ratinabox_003/decoder_comparison_manifold/models/manifold_transforms/global_pca_k2_w0250ms,acceleration,continuous,random_forest_regressor,8396,3599,r2,,,,,,-0.011202124024287219,-0.011299786735604148,32.151765303192995,42.30225976043464,,,,,,,,,,
sorted,sorted,global_pca,0.25,0.05,200,pca,,2.0,2,"[0.09505787364307501, 0.06447191824466415]",outputs/ratinabox_003/decoder_comparison_manifold/models/manifold_transforms/global_pca_k2_w0250ms,head_direction,continuous,ridge,8396,3599,mean_circular_error_deg,,,,,,,,,,47.22057227723904,38.45300893830818,99.05111908619457,,,,,,,
sorted,sorted,global_pca,0.25,0.05,200,pca,,2.0,2,"[0.09505787364307501, 0.06447191824466415]",outputs/ratinabox_003/decoder_comparison_manifold/models/manifold_transforms/global_pca_k2_w0250ms,head_direction,continuous,pca_ridge,8396,3599,mean_circular_error_deg,,,,,,,,,,47.22057227723904,38.45300893830826,99.0511190861945,,,,,,,
sorted,sorted,global_pca,0.25,0.05,200,pca,,2.0,2,"[0.09505787364307501, 0.06447191824466415]",outputs/ratinabox_003/decoder_comparison_manifold/models/manifold_transforms/global_pca_k2_w0250ms,head_direction,continuous,random_forest_regressor,8396,3599,mean_circular_error_deg,,,,,,,,,,49.94556673853113,39.60884926467606,109.4845442228822,,,,,,,
sorted,sorted,global_pca,0.25,0.05,200,pca,,2.0,2,"[0.09505787364307501, 0.06447191824466415]",outputs/ratinabox_003/decoder_comparison_manifold/models/manifold_transforms/global_pca_k2_w0250ms,distance_to_wall,continuous,ridge,8396,3599,r2,,,,,,-0.22151577867946393,0.19882669652006085,,,,,,7.85552793291014,9.330352512099076,,,,,
sorted,sorted,global_pca,0.25,0.05,200,pca,,2.0,2,"[0.09505787364307501, 0.06447191824466415]",outputs/ratinabox_003/decoder_comparison_manifold/models/manifold_transforms/global_pca_k2_w0250ms,distance_to_wall,continuous,pca_ridge,8396,3599,r2,,,,,,-0.22151577867946548,0.19882669652006055,,,,,,7.855527932910144,9.330352512099081,,,,,
sorted,sorted,global_pca,0.25,0.05,200,pca,,2.0,2,"[0.09505787364307501, 0.06447191824466415]",outputs/ratinabox_003/decoder_comparison_manifold/models/manifold_transforms/global_pca_k2_w0250ms,distance_to_wall,continuous,random_forest_regressor,8396,3599,r2,,,,,,-0.3301717328282463,0.29333969604329413,,,,,,7.605987225764237,9.736488805455709,,,,,
sorted,sorted,global_pca,0.25,0.05,200,pca,,2.0,2,"[0.09505787364307501, 0.06447191824466415]",outputs/ratinabox_003/decoder_comparison_manifold/models/manifold_transforms/global_pca_k2_w0250ms,distance_to_wall,continuous,bayesian_place_decoder,8396,3599,r2,,,,,,-2.0434107135923356,0.3439525934970519,,,,,,11.213485591261579,14.727491954610231,,,,,
sorted,sorted,global_pca,0.25,0.05,200,pca,,2.0,2,"[0.09505787364307501, 0.06447191824466415]",outputs/ratinabox_003/decoder_comparison_manifold/models/manifold_transforms/global_pca_k2_w0250ms,spatial_context,categorical,logistic_regression,8396,3599,balanced_accuracy,,,,,,,,,,,,,,,0.3159210891914421,0.3764549787433447,0.3077861583143344,"[[337, 101, 114], [628, 578, 361], [828, 430, 222]]","['center', 'corner', 'wall']"
sorted,sorted,global_pca,0.25,0.05,200,pca,,2.0,2,"[0.09505787364307501, 0.06447191824466415]",outputs/ratinabox_003/decoder_comparison_manifold/models/manifold_transforms/global_pca_k2_w0250ms,spatial_context,categorical,random_forest_classifier,8396,3599,balanced_accuracy,,,,,,,,,,,,,,,0.41400388996943593,0.46834204629978887,0.41042286676280443,"[[370, 84, 98], [643, 587, 337], [591, 356, 533]]","['center', 'corner', 'wall']"
sorted,sorted,global_pca,0.25,0.05,200,pca,,2.0,2,"[0.09505787364307501, 0.06447191824466415]",outputs/ratinabox_003/decoder_comparison_manifold/models/manifold_transforms/global_pca_k2_w0250ms,spatial_context,categorical,bayesian_place_decoder_derived_context,8396,3599,balanced_accuracy,,,,,,,,,,,,,,,0.38399555432064464,0.44914959214368216,0.37562459730797365,"[[375, 113, 64], [534, 679, 267], [532, 707, 328]]","['center', 'wall', 'corner']"
sorted,sorted,global_pca,0.25,0.05,200,pca,,2.0,2,"[0.09505787364307501, 0.06447191824466415]",outputs/ratinabox_003/decoder_comparison_manifold/models/manifold_transforms/global_pca_k2_w0250ms,movement_state,categorical,logistic_regression,8396,3599,balanced_accuracy,,,,,,,,,,,,,,,0.3884412336760211,0.31256647208702004,0.29368004445028495,"[[486, 1047, 292], [470, 895, 273], [33, 86, 17]]","['fast', 'slow', 'still']"
sorted,sorted,global_pca,0.25,0.05,200,pca,,2.0,2,"[0.09505787364307501, 0.06447191824466415]",outputs/ratinabox_003/decoder_comparison_manifold/models/manifold_transforms/global_pca_k2_w0250ms,movement_state,categorical,random_forest_classifier,8396,3599,balanced_accuracy,,,,,,,,,,,,,,,0.4195609891636566,0.3335398737413242,0.32042866477267923,"[[681, 974, 170], [647, 811, 180], [58, 60, 18]]","['fast', 'slow', 'still']"
sorted,sorted,global_pca,0.25,0.05,200,pca,,2.0,2,"[0.09505787364307501, 0.06447191824466415]",outputs/ratinabox_003/decoder_comparison_manifold/models/manifold_transforms/global_pca_k2_w0250ms,wall_distance_bin,categorical,logistic_regression,8396,3599,balanced_accuracy,,,,,,,,,,,,,,,0.34787440955821064,0.2652469369402362,0.24776696943130175,"[[29, 101, 35], [369, 167, 190], [619, 1033, 1056]]","['center', 'middle', 'near_wall']"
sorted,sorted,global_pca,0.25,0.05,200,pca,,2.0,2,"[0.09505787364307501, 0.06447191824466415]",outputs/ratinabox_003/decoder_comparison_manifold/models/manifold_transforms/global_pca_k2_w0250ms,wall_distance_bin,categorical,random_forest_classifier,8396,3599,balanced_accuracy,,,,,,,,,,,,,,,0.4712420116699083,0.421159018681511,0.3547090934047384,"[[45, 96, 24], [224, 378, 124], [443, 992, 1273]]","['center', 'middle', 'near_wall']"
sorted,sorted,global_pca,0.25,0.05,200,pca,,2.0,2,"[0.09505787364307501, 0.06447191824466415]",outputs/ratinabox_003/decoder_comparison_manifold/models/manifold_transforms/global_pca_k2_w0250ms,wall_distance_bin,categorical,bayesian_place_decoder_derived_context,8396,3599,balanced_accuracy,,,,,,,,,,,,,,,0.3848291191997777,0.4386111009382125,0.30976081828368573,"[[1047, 998, 663], [106, 239, 381], [1, 65, 99]]","['near_wall', 'middle', 'center']"
sorted,sorted,global_pca,0.25,0.05,200,pca,,3.0,3,"[0.09505787364307501, 0.06447191824466415, 0.04654562218650816]",outputs/ratinabox_003/decoder_comparison_manifold/models/manifold_transforms/global_pca_k3_w0250ms,position,continuous,ridge,8396,3599,mean_position_error_cm,24.98848099183948,23.9783624786339,41.62403908238786,0.5433399738130033,0.7140016561655651,,,,,,,,,,,,,,
sorted,sorted,global_pca,0.25,0.05,200,pca,,3.0,3,"[0.09505787364307501, 0.06447191824466415, 0.04654562218650816]",outputs/ratinabox_003/decoder_comparison_manifold/models/manifold_transforms/global_pca_k3_w0250ms,position,continuous,pca_ridge,8396,3599,mean_position_error_cm,24.988480991839502,23.97836247863387,41.62403908238786,0.5433399738130023,0.7140016561655649,,,,,,,,,,,,,,
sorted,sorted,global_pca,0.25,0.05,200,pca,,3.0,3,"[0.09505787364307501, 0.06447191824466415, 0.04654562218650816]",outputs/ratinabox_003/decoder_comparison_manifold/models/manifold_transforms/global_pca_k3_w0250ms,position,continuous,random_forest_regressor,8396,3599,mean_position_error_cm,20.7794606454192,16.882362322289186,41.34537209458011,0.5560018017874333,0.8114524221156396,,,,,,,,,,,,,,
sorted,sorted,global_pca,0.25,0.05,200,pca,,3.0,3,"[0.09505787364307501, 0.06447191824466415, 0.04654562218650816]",outputs/ratinabox_003/decoder_comparison_manifold/models/manifold_transforms/global_pca_k3_w0250ms,position,continuous,bayesian_place_decoder,8396,3599,mean_position_error_cm,26.05521598461487,25.07701945052897,43.44985162426153,0.46295204534263046,0.7073771896177583,,,,,,,,,,,,,,
sorted,sorted,global_pca,0.25,0.05,200,pca,,3.0,3,"[0.09505787364307501, 0.06447191824466415, 0.04654562218650816]",outputs/ratinabox_003/decoder_comparison_manifold/models/manifold_transforms/global_pca_k3_w0250ms,speed,continuous,ridge,8396,3599,r2,,,,,,-0.015181246175970609,0.05305373415882861,4.320275235174717,5.441508815358913,,,,,,,,,,
sorted,sorted,global_pca,0.25,0.05,200,pca,,3.0,3,"[0.09505787364307501, 0.06447191824466415, 0.04654562218650816]",outputs/ratinabox_003/decoder_comparison_manifold/models/manifold_transforms/global_pca_k3_w0250ms,speed,continuous,pca_ridge,8396,3599,r2,,,,,,-0.015181246175970609,0.053053734158828594,4.320275235174717,5.441508815358913,,,,,,,,,,
sorted,sorted,global_pca,0.25,0.05,200,pca,,3.0,3,"[0.09505787364307501, 0.06447191824466415, 0.04654562218650816]",outputs/ratinabox_003/decoder_comparison_manifold/models/manifold_transforms/global_pca_k3_w0250ms,speed,continuous,random_forest_regressor,8396,3599,r2,,,,,,-0.09523758076511313,0.03435873514358066,4.5074475690358655,5.651994265947371,,,,,,,,,,
sorted,sorted,global_pca,0.25,0.05,200,pca,,3.0,3,"[0.09505787364307501, 0.06447191824466415, 0.04654562218650816]",outputs/ratinabox_003/decoder_comparison_manifold/models/manifold_transforms/global_pca_k3_w0250ms,acceleration,continuous,ridge,8396,3599,r2,,,,,,0.0008514411699004354,0.029580992175301756,31.9094453109285,42.04938170384651,,,,,,,,,,
sorted,sorted,global_pca,0.25,0.05,200,pca,,3.0,3,"[0.09505787364307501, 0.06447191824466415, 0.04654562218650816]",outputs/ratinabox_003/decoder_comparison_manifold/models/manifold_transforms/global_pca_k3_w0250ms,acceleration,continuous,pca_ridge,8396,3599,r2,,,,,,0.0008514411699004354,0.029580992175301777,31.9094453109285,42.04938170384651,,,,,,,,,,
sorted,sorted,global_pca,0.25,0.05,200,pca,,3.0,3,"[0.09505787364307501, 0.06447191824466415, 0.04654562218650816]",outputs/ratinabox_003/decoder_comparison_manifold/models/manifold_transforms/global_pca_k3_w0250ms,acceleration,continuous,random_forest_regressor,8396,3599,r2,,,,,,-0.005230835351294649,0.0173172316798279,32.05306769510079,42.177174472494556,,,,,,,,,,
sorted,sorted,global_pca,0.25,0.05,200,pca,,3.0,3,"[0.09505787364307501, 0.06447191824466415, 0.04654562218650816]",outputs/ratinabox_003/decoder_comparison_manifold/models/manifold_transforms/global_pca_k3_w0250ms,head_direction,continuous,ridge,8396,3599,mean_circular_error_deg,,,,,,,,,,31.370981959306533,23.697882135144283,67.16374771588863,,,,,,,
sorted,sorted,global_pca,0.25,0.05,200,pca,,3.0,3,"[0.09505787364307501, 0.06447191824466415, 0.04654562218650816]",outputs/ratinabox_003/decoder_comparison_manifold/models/manifold_transforms/global_pca_k3_w0250ms,head_direction,continuous,pca_ridge,8396,3599,mean_circular_error_deg,,,,,,,,,,31.370981959306533,23.69788213514428,67.16374771588859,,,,,,,
sorted,sorted,global_pca,0.25,0.05,200,pca,,3.0,3,"[0.09505787364307501, 0.06447191824466415, 0.04654562218650816]",outputs/ratinabox_003/decoder_comparison_manifold/models/manifold_transforms/global_pca_k3_w0250ms,head_direction,continuous,random_forest_regressor,8396,3599,mean_circular_error_deg,,,,,,,,,,33.489103694352785,25.135902759294144,71.14735121778857,,,,,,,
sorted,sorted,global_pca,0.25,0.05,200,pca,,3.0,3,"[0.09505787364307501, 0.06447191824466415, 0.04654562218650816]",outputs/ratinabox_003/decoder_comparison_manifold/models/manifold_transforms/global_pca_k3_w0250ms,distance_to_wall,continuous,ridge,8396,3599,r2,,,,,,-0.20672945143488342,0.21985676124193357,,,,,,7.8528280436084055,9.273709078927824,,,,,
sorted,sorted,global_pca,0.25,0.05,200,pca,,3.0,3,"[0.09505787364307501, 0.06447191824466415, 0.04654562218650816]",outputs/ratinabox_003/decoder_comparison_manifold/models/manifold_transforms/global_pca_k3_w0250ms,distance_to_wall,continuous,pca_ridge,8396,3599,r2,,,,,,-0.20672945143488386,0.21985676124193335,,,,,,7.852828043608405,9.273709078927824,,,,,
sorted,sorted,global_pca,0.25,0.05,200,pca,,3.0,3,"[0.09505787364307501, 0.06447191824466415, 0.04654562218650816]",outputs/ratinabox_003/decoder_comparison_manifold/models/manifold_transforms/global_pca_k3_w0250ms,distance_to_wall,continuous,random_forest_regressor,8396,3599,r2,,,,,,-0.2663453916529419,0.3522089755789548,,,,,,7.098453756825667,9.500021731286948,,,,,
sorted,sorted,global_pca,0.25,0.05,200,pca,,3.0,3,"[0.09505787364307501, 0.06447191824466415, 0.04654562218650816]",outputs/ratinabox_003/decoder_comparison_manifold/models/manifold_transforms/global_pca_k3_w0250ms,distance_to_wall,continuous,bayesian_place_decoder,8396,3599,r2,,,,,,-1.709388068482638,0.3705303694268874,,,,,,11.014551685499649,13.89581804015758,,,,,
sorted,sorted,global_pca,0.25,0.05,200,pca,,3.0,3,"[0.09505787364307501, 0.06447191824466415, 0.04654562218650816]",outputs/ratinabox_003/decoder_comparison_manifold/models/manifold_transforms/global_pca_k3_w0250ms,spatial_context,categorical,logistic_regression,8396,3599,balanced_accuracy,,,,,,,,,,,,,,,0.3273131425395943,0.39957382953831444,0.3180342731483815,"[[374, 80, 98], [685, 588, 294], [834, 430, 216]]","['center', 'corner', 'wall']"
sorted,sorted,global_pca,0.25,0.05,200,pca,,3.0,3,"[0.09505787364307501, 0.06447191824466415, 0.04654562218650816]",outputs/ratinabox_003/decoder_comparison_manifold/models/manifold_transforms/global_pca_k3_w0250ms,spatial_context,categorical,random_forest_classifier,8396,3599,balanced_accuracy,,,,,,,,,,,,,,,0.46874131703250904,0.5213305992099588,0.46298417242392326,"[[396, 92, 64], [583, 685, 299], [493, 381, 606]]","['center', 'corner', 'wall']"
sorted,sorted,global_pca,0.25,0.05,200,pca,,3.0,3,"[0.09505787364307501, 0.06447191824466415, 0.04654562218650816]",outputs/ratinabox_003/decoder_comparison_manifold/models/manifold_transforms/global_pca_k3_w0250ms,spatial_context,categorical,bayesian_place_decoder_derived_context,8396,3599,balanced_accuracy,,,,,,,,,,,,,,,0.38816337871631007,0.4553980314211718,0.38264476363319094,"[[384, 114, 54], [555, 642, 283], [551, 645, 371]]","['center', 'wall', 'corner']"
sorted,sorted,global_pca,0.25,0.05,200,pca,,3.0,3,"[0.09505787364307501, 0.06447191824466415, 0.04654562218650816]",outputs/ratinabox_003/decoder_comparison_manifold/models/manifold_transforms/global_pca_k3_w0250ms,movement_state,categorical,logistic_regression,8396,3599,balanced_accuracy,,,,,,,,,,,,,,,0.38955265351486523,0.3035384225110253,0.30130841653294577,"[[958, 397, 470], [744, 427, 467], [73, 46, 17]]","['fast', 'slow', 'still']"
sorted,sorted,global_pca,0.25,0.05,200,pca,,3.0,3,"[0.09505787364307501, 0.06447191824466415, 0.04654562218650816]",outputs/ratinabox_003/decoder_comparison_manifold/models/manifold_transforms/global_pca_k3_w0250ms,movement_state,categorical,random_forest_classifier,8396,3599,balanced_accuracy,,,,,,,,,,,,,,,0.47513198110586274,0.35244419322582093,0.35029558777374975,"[[864, 798, 163], [691, 836, 111], [69, 57, 10]]","['fast', 'slow', 'still']"
sorted,sorted,global_pca,0.25,0.05,200,pca,,3.0,3,"[0.09505787364307501, 0.06447191824466415, 0.04654562218650816]",outputs/ratinabox_003/decoder_comparison_manifold/models/manifold_transforms/global_pca_k3_w0250ms,wall_distance_bin,categorical,logistic_regression,8396,3599,balanced_accuracy,,,,,,,,,,,,,,,0.35120866907474296,0.30454708220922805,0.2576947848497403,"[[50, 90, 25], [380, 161, 185], [475, 1180, 1053]]","['center', 'middle', 'near_wall']"
sorted,sorted,global_pca,0.25,0.05,200,pca,,3.0,3,"[0.09505787364307501, 0.06447191824466415, 0.04654562218650816]",outputs/ratinabox_003/decoder_comparison_manifold/models/manifold_transforms/global_pca_k3_w0250ms,wall_distance_bin,categorical,random_forest_classifier,8396,3599,balanced_accuracy,,,,,,,,,,,,,,,0.4784662406223951,0.413703708224992,0.3545460919997853,"[[47, 95, 23], [276, 335, 115], [453, 915, 1340]]","['center', 'middle', 'near_wall']"
sorted,sorted,global_pca,0.25,0.05,200,pca,,3.0,3,"[0.09505787364307501, 0.06447191824466415, 0.04654562218650816]",outputs/ratinabox_003/decoder_comparison_manifold/models/manifold_transforms/global_pca_k3_w0250ms,wall_distance_bin,categorical,bayesian_place_decoder_derived_context,8396,3599,balanced_accuracy,,,,,,,,,,,,,,,0.3642678521811614,0.4503893507384846,0.31895846088970675,"[[804, 1631, 273], [87, 431, 208], [3, 86, 76]]","['near_wall', 'middle', 'center']"
sorted,sorted,region_pca,0.25,0.05,200,pca,region,2.0,8,,outputs/ratinabox_003/decoder_comparison_manifold/models/manifold_transforms/region_pca_k2_w0250ms,position,continuous,ridge,8396,3599,mean_position_error_cm,23.655127064241796,22.596546980489748,39.55474651932047,0.6101449162564619,0.7215873200519745,,,,,,,,,,,,,,
sorted,sorted,region_pca,0.25,0.05,200,pca,region,2.0,8,,outputs/ratinabox_003/decoder_comparison_manifold/models/manifold_transforms/region_pca_k2_w0250ms,position,continuous,pca_ridge,8396,3599,mean_position_error_cm,24.227093947465587,23.236556316781748,40.28495426252498,0.5705594084700909,0.7265699193077666,,,,,,,,,,,,,,
sorted,sorted,region_pca,0.25,0.05,200,pca,region,2.0,8,,outputs/ratinabox_003/decoder_comparison_manifold/models/manifold_transforms/region_pca_k2_w0250ms,position,continuous,random_forest_regressor,8396,3599,mean_position_error_cm,13.845921311159394,10.512736441172382,29.405968075989882,0.806802795817436,0.8869600736815253,,,,,,,,,,,,,,
sorted,sorted,region_pca,0.25,0.05,200,pca,region,2.0,8,,outputs/ratinabox_003/decoder_comparison_manifold/models/manifold_transforms/region_pca_k2_w0250ms,position,continuous,bayesian_place_decoder,8396,3599,mean_position_error_cm,23.82810457857582,20.66068818121406,46.19931709889914,0.5007047660669022,0.7228560865283811,,,,,,,,,,,,,,
sorted,sorted,region_pca,0.25,0.05,200,pca,region,2.0,8,,outputs/ratinabox_003/decoder_comparison_manifold/models/manifold_transforms/region_pca_k2_w0250ms,speed,continuous,ridge,8396,3599,r2,,,,,,0.575604961081785,0.7632875365737691,2.7476875270254073,3.5182985810401153,,,,,,,,,,
sorted,sorted,region_pca,0.25,0.05,200,pca,region,2.0,8,,outputs/ratinabox_003/decoder_comparison_manifold/models/manifold_transforms/region_pca_k2_w0250ms,speed,continuous,pca_ridge,8396,3599,r2,,,,,,0.5755525290589896,0.7632525245647475,2.747566052254792,3.5185159089977844,,,,,,,,,,
sorted,sorted,region_pca,0.25,0.05,200,pca,region,2.0,8,,outputs/ratinabox_003/decoder_comparison_manifold/models/manifold_transforms/region_pca_k2_w0250ms,speed,continuous,random_forest_regressor,8396,3599,r2,,,,,,0.5540545599176329,0.7474450985450585,2.7926836466271627,3.6065205212542755,,,,,,,,,,
sorted,sorted,region_pca,0.25,0.05,200,pca,region,2.0,8,,outputs/ratinabox_003/decoder_comparison_manifold/models/manifold_transforms/region_pca_k2_w0250ms,acceleration,continuous,ridge,8396,3599,r2,,,,,,0.02379444868227809,0.15434843313955543,31.586249208349596,41.563797250114824,,,,,,,,,,
sorted,sorted,region_pca,0.25,0.05,200,pca,region,2.0,8,,outputs/ratinabox_003/decoder_comparison_manifold/models/manifold_transforms/region_pca_k2_w0250ms,acceleration,continuous,pca_ridge,8396,3599,r2,,,,,,0.02380980505979291,0.1544005726890086,31.586021561319782,41.56347033542417,,,,,,,,,,
sorted,sorted,region_pca,0.25,0.05,200,pca,region,2.0,8,,outputs/ratinabox_003/decoder_comparison_manifold/models/manifold_transforms/region_pca_k2_w0250ms,acceleration,continuous,random_forest_regressor,8396,3599,r2,,,,,,0.014481324193943323,0.13103304288899537,31.723558012679906,41.761588573945104,,,,,,,,,,
sorted,sorted,region_pca,0.25,0.05,200,pca,region,2.0,8,,outputs/ratinabox_003/decoder_comparison_manifold/models/manifold_transforms/region_pca_k2_w0250ms,head_direction,continuous,ridge,8396,3599,mean_circular_error_deg,,,,,,,,,,16.371286113161055,14.069969630753858,33.775617199955285,,,,,,,
sorted,sorted,region_pca,0.25,0.05,200,pca,region,2.0,8,,outputs/ratinabox_003/decoder_comparison_manifold/models/manifold_transforms/region_pca_k2_w0250ms,head_direction,continuous,pca_ridge,8396,3599,mean_circular_error_deg,,,,,,,,,,16.369114073413133,14.049421892609624,33.79467774518795,,,,,,,
sorted,sorted,region_pca,0.25,0.05,200,pca,region,2.0,8,,outputs/ratinabox_003/decoder_comparison_manifold/models/manifold_transforms/region_pca_k2_w0250ms,head_direction,continuous,random_forest_regressor,8396,3599,mean_circular_error_deg,,,,,,,,,,16.77886449407429,14.255431550741875,34.88658074412359,,,,,,,
sorted,sorted,region_pca,0.25,0.05,200,pca,region,2.0,8,,outputs/ratinabox_003/decoder_comparison_manifold/models/manifold_transforms/region_pca_k2_w0250ms,distance_to_wall,continuous,ridge,8396,3599,r2,,,,,,-0.18249286408399978,0.3283782799009827,,,,,,7.436589320742801,9.180107691171782,,,,,
sorted,sorted,region_pca,0.25,0.05,200,pca,region,2.0,8,,outputs/ratinabox_003/decoder_comparison_manifold/models/manifold_transforms/region_pca_k2_w0250ms,distance_to_wall,continuous,pca_ridge,8396,3599,r2,,,,,,-0.21023294606005627,0.3138083152238947,,,,,,7.490568745331409,9.28716149020732,,,,,
sorted,sorted,region_pca,0.25,0.05,200,pca,region,2.0,8,,outputs/ratinabox_003/decoder_comparison_manifold/models/manifold_transforms/region_pca_k2_w0250ms,distance_to_wall,continuous,random_forest_regressor,8396,3599,r2,,,,,,0.25407460879670263,0.6019981849653474,,,,,,4.873763198933524,7.2911529203812915,,,,,
sorted,sorted,region_pca,0.25,0.05,200,pca,region,2.0,8,,outputs/ratinabox_003/decoder_comparison_manifold/models/manifold_transforms/region_pca_k2_w0250ms,distance_to_wall,continuous,bayesian_place_decoder,8396,3599,r2,,,,,,-1.0381633732579587,0.3281316832005287,,,,,,9.044372504949356,12.052246568757083,,,,,
sorted,sorted,region_pca,0.25,0.05,200,pca,region,2.0,8,,outputs/ratinabox_003/decoder_comparison_manifold/models/manifold_transforms/region_pca_k2_w0250ms,spatial_context,categorical,logistic_regression,8396,3599,balanced_accuracy,,,,,,,,,,,,,,,0.39038621839399834,0.4550755737563817,0.38478870359341283,"[[388, 70, 94], [467, 662, 438], [664, 461, 355]]","['center', 'corner', 'wall']"
sorted,sorted,region_pca,0.25,0.05,200,pca,region,2.0,8,,outputs/ratinabox_003/decoder_comparison_manifold/models/manifold_transforms/region_pca_k2_w0250ms,spatial_context,categorical,random_forest_classifier,8396,3599,balanced_accuracy,,,,,,,,,,,,,,,0.6418449569324812,0.6869212495145461,0.6374926096447552,"[[472, 56, 24], [279, 965, 323], [235, 372, 873]]","['center', 'corner', 'wall']"
sorted,sorted,region_pca,0.25,0.05,200,pca,region,2.0,8,,outputs/ratinabox_003/decoder_comparison_manifold/models/manifold_transforms/region_pca_k2_w0250ms,spatial_context,categorical,bayesian_place_decoder_derived_context,8396,3599,balanced_accuracy,,,,,,,,,,,,,,,0.3856626840789108,0.45033989484615167,0.3845553213570692,"[[379, 130, 43], [607, 547, 326], [492, 613, 462]]","['center', 'wall', 'corner']"
sorted,sorted,region_pca,0.25,0.05,200,pca,region,2.0,8,,outputs/ratinabox_003/decoder_comparison_manifold/models/manifold_transforms/region_pca_k2_w0250ms,movement_state,categorical,logistic_regression,8396,3599,balanced_accuracy,,,,,,,,,,,,,,,0.6343428730202834,0.6994170662059461,0.5449341812838586,"[[1349, 457, 19], [334, 817, 487], [3, 16, 117]]","['fast', 'slow', 'still']"
sorted,sorted,region_pca,0.25,0.05,200,pca,region,2.0,8,,outputs/ratinabox_003/decoder_comparison_manifold/models/manifold_transforms/region_pca_k2_w0250ms,movement_state,categorical,random_forest_classifier,8396,3599,balanced_accuracy,,,,,,,,,,,,,,,0.6801889413726036,0.5932546438549662,0.5507620193620127,"[[1368, 447, 10], [352, 1025, 261], [2, 79, 55]]","['fast', 'slow', 'still']"
sorted,sorted,region_pca,0.25,0.05,200,pca,region,2.0,8,,outputs/ratinabox_003/decoder_comparison_manifold/models/manifold_transforms/region_pca_k2_w0250ms,wall_distance_bin,categorical,logistic_regression,8396,3599,balanced_accuracy,,,,,,,,,,,,,,,0.4287302028341206,0.4168855874442016,0.3342690816013974,"[[61, 89, 15], [234, 331, 161], [345, 1212, 1151]]","['center', 'middle', 'near_wall']"
sorted,sorted,region_pca,0.25,0.05,200,pca,region,2.0,8,,outputs/ratinabox_003/decoder_comparison_manifold/models/manifold_transforms/region_pca_k2_w0250ms,wall_distance_bin,categorical,random_forest_classifier,8396,3599,balanced_accuracy,,,,,,,,,,,,,,,0.6913031397610447,0.6344359399012279,0.5374166612613686,"[[97, 52, 16], [150, 429, 147], [229, 517, 1962]]","['center', 'middle', 'near_wall']"
sorted,sorted,region_pca,0.25,0.05,200,pca,region,2.0,8,,outputs/ratinabox_003/decoder_comparison_manifold/models/manifold_transforms/region_pca_k2_w0250ms,wall_distance_bin,categorical,bayesian_place_decoder_derived_context,8396,3599,balanced_accuracy,,,,,,,,,,,,,,,0.49736037788274523,0.4357635031664842,0.3725331643506114,"[[1279, 1303, 126], [144, 483, 99], [26, 111, 28]]","['near_wall', 'middle', 'center']"
sorted,sorted,region_pca,0.25,0.05,200,pca,region,3.0,12,,outputs/ratinabox_003/decoder_comparison_manifold/models/manifold_transforms/region_pca_k3_w0250ms,position,continuous,ridge,8396,3599,mean_position_error_cm,21.130127137511245,18.292261082102243,40.79488560061559,0.6624575670633032,0.7487261733403794,,,,,,,,,,,,,,
sorted,sorted,region_pca,0.25,0.05,200,pca,region,3.0,12,,outputs/ratinabox_003/decoder_comparison_manifold/models/manifold_transforms/region_pca_k3_w0250ms,position,continuous,pca_ridge,8396,3599,mean_position_error_cm,21.72422443613176,18.982420677892843,41.708508177931165,0.6299650887590293,0.7482222116694475,,,,,,,,,,,,,,
sorted,sorted,region_pca,0.25,0.05,200,pca,region,3.0,12,,outputs/ratinabox_003/decoder_comparison_manifold/models/manifold_transforms/region_pca_k3_w0250ms,position,continuous,random_forest_regressor,8396,3599,mean_position_error_cm,10.162883478569807,7.850781571239085,20.972831000518497,0.8988244654595596,0.9368517817487784,,,,,,,,,,,,,,
sorted,sorted,region_pca,0.25,0.05,200,pca,region,3.0,12,,outputs/ratinabox_003/decoder_comparison_manifold/models/manifold_transforms/region_pca_k3_w0250ms,position,continuous,bayesian_place_decoder,8396,3599,mean_position_error_cm,19.31149202893592,16.145873530374296,38.291010533569775,0.6717018933053518,0.777329886649909,,,,,,,,,,,,,,
sorted,sorted,region_pca,0.25,0.05,200,pca,region,3.0,12,,outputs/ratinabox_003/decoder_comparison_manifold/models/manifold_transforms/region_pca_k3_w0250ms,speed,continuous,ridge,8396,3599,r2,,,,,,0.572568464791637,0.761090114816419,2.758288831081387,3.530862652520454,,,,,,,,,,
sorted,sorted,region_pca,0.25,0.05,200,pca,region,3.0,12,,outputs/ratinabox_003/decoder_comparison_manifold/models/manifold_transforms/region_pca_k3_w0250ms,speed,continuous,pca_ridge,8396,3599,r2,,,,,,0.5723648482620616,0.7609320357858801,2.7589012319064987,3.5317035549105213,,,,,,,,,,
sorted,sorted,region_pca,0.25,0.05,200,pca,region,3.0,12,,outputs/ratinabox_003/decoder_comparison_manifold/models/manifold_transforms/region_pca_k3_w0250ms,speed,continuous,random_forest_regressor,8396,3599,r2,,,,,,0.5560130843418415,0.7492138157784265,2.7943691674692994,3.598592162337145,,,,,,,,,,
sorted,sorted,region_pca,0.25,0.05,200,pca,region,3.0,12,,outputs/ratinabox_003/decoder_comparison_manifold/models/manifold_transforms/region_pca_k3_w0250ms,acceleration,continuous,ridge,8396,3599,r2,,,,,,0.022102417364520677,0.14919392704908693,31.608459386913793,41.5998023715918,,,,,,,,,,
sorted,sorted,region_pca,0.25,0.05,200,pca,region,3.0,12,,outputs/ratinabox_003/decoder_comparison_manifold/models/manifold_transforms/region_pca_k3_w0250ms,acceleration,continuous,pca_ridge,8396,3599,r2,,,,,,0.022121372941507955,0.14923244347330325,31.608060832399286,41.599399184135436,,,,,,,,,,
sorted,sorted,region_pca,0.25,0.05,200,pca,region,3.0,12,,outputs/ratinabox_003/decoder_comparison_manifold/models/manifold_transforms/region_pca_k3_w0250ms,acceleration,continuous,random_forest_regressor,8396,3599,r2,,,,,,0.0179226241477628,0.1405406286469665,31.715023640754357,41.68861185947376,,,,,,,,,,
sorted,sorted,region_pca,0.25,0.05,200,pca,region,3.0,12,,outputs/ratinabox_003/decoder_comparison_manifold/models/manifold_transforms/region_pca_k3_w0250ms,head_direction,continuous,ridge,8396,3599,mean_circular_error_deg,,,,,,,,,,16.41810414198661,14.034901451680621,33.876036040502996,,,,,,,
sorted,sorted,region_pca,0.25,0.05,200,pca,region,3.0,12,,outputs/ratinabox_003/decoder_comparison_manifold/models/manifold_transforms/region_pca_k3_w0250ms,head_direction,continuous,pca_ridge,8396,3599,mean_circular_error_deg,,,,,,,,,,16.414955703171874,14.040973172495974,33.86500047344389,,,,,,,
sorted,sorted,region_pca,0.25,0.05,200,pca,region,3.0,12,,outputs/ratinabox_003/decoder_comparison_manifold/models/manifold_transforms/region_pca_k3_w0250ms,head_direction,continuous,random_forest_regressor,8396,3599,mean_circular_error_deg,,,,,,,,,,16.791334482681766,14.141241395067508,34.63219531477962,,,,,,,
sorted,sorted,region_pca,0.25,0.05,200,pca,region,3.0,12,,outputs/ratinabox_003/decoder_comparison_manifold/models/manifold_transforms/region_pca_k3_w0250ms,distance_to_wall,continuous,ridge,8396,3599,r2,,,,,,-0.02246244906175532,0.5005662288266993,,,,,,7.03411125559524,8.536349642229402,,,,,
sorted,sorted,region_pca,0.25,0.05,200,pca,region,3.0,12,,outputs/ratinabox_003/decoder_comparison_manifold/models/manifold_transforms/region_pca_k3_w0250ms,distance_to_wall,continuous,pca_ridge,8396,3599,r2,,,,,,-0.010473810016776053,0.5123582480844375,,,,,,7.045364461114469,8.486156613168458,,,,,
sorted,sorted,region_pca,0.25,0.05,200,pca,region,3.0,12,,outputs/ratinabox_003/decoder_comparison_manifold/models/manifold_transforms/region_pca_k3_w0250ms,distance_to_wall,continuous,random_forest_regressor,8396,3599,r2,,,,,,0.5978891381452229,0.8080423655684457,,,,,,3.5022204721628536,5.353297926949461,,,,,
sorted,sorted,region_pca,0.25,0.05,200,pca,region,3.0,12,,outputs/ratinabox_003/decoder_comparison_manifold/models/manifold_transforms/region_pca_k3_w0250ms,distance_to_wall,continuous,bayesian_place_decoder,8396,3599,r2,,,,,,-1.3161130024327283,0.3371949722416025,,,,,,9.176028045561708,12.847788656459553,,,,,
sorted,sorted,region_pca,0.25,0.05,200,pca,region,3.0,12,,outputs/ratinabox_003/decoder_comparison_manifold/models/manifold_transforms/region_pca_k3_w0250ms,spatial_context,categorical,logistic_regression,8396,3599,balanced_accuracy,,,,,,,,,,,,,,,0.513475965545985,0.6069955571953297,0.5155575214262683,"[[524, 0, 28], [328, 610, 629], [556, 210, 714]]","['center', 'corner', 'wall']"
sorted,sorted,region_pca,0.25,0.05,200,pca,region,3.0,12,,outputs/ratinabox_003/decoder_comparison_manifold/models/manifold_transforms/region_pca_k3_w0250ms,spatial_context,categorical,random_forest_classifier,8396,3599,balanced_accuracy,,,,,,,,,,,,,,,0.7546540705751598,0.7914165115422017,0.7508318940542077,"[[511, 11, 30], [140, 1102, 325], [193, 184, 1103]]","['center', 'corner', 'wall']"
sorted,sorted,region_pca,0.25,0.05,200,pca,region,3.0,12,,outputs/ratinabox_003/decoder_comparison_manifold/models/manifold_transforms/region_pca_k3_w0250ms,spatial_context,categorical,bayesian_place_decoder_derived_context,8396,3599,balanced_accuracy,,,,,,,,,,,,,,,0.4926368435676577,0.5370421224476328,0.4847442993897097,"[[387, 118, 47], [565, 681, 234], [485, 377, 705]]","['center', 'wall', 'corner']"
sorted,sorted,region_pca,0.25,0.05,200,pca,region,3.0,12,,outputs/ratinabox_003/decoder_comparison_manifold/models/manifold_transforms/region_pca_k3_w0250ms,movement_state,categorical,logistic_regression,8396,3599,balanced_accuracy,,,,,,,,,,,,,,,0.6335093081411504,0.705361339946352,0.5439123467216869,"[[1358, 445, 22], [328, 802, 508], [3, 13, 120]]","['fast', 'slow', 'still']"
sorted,sorted,region_pca,0.25,0.05,200,pca,region,3.0,12,,outputs/ratinabox_003/decoder_comparison_manifold/models/manifold_transforms/region_pca_k3_w0250ms,movement_state,categorical,random_forest_classifier,8396,3599,balanced_accuracy,,,,,,,,,,,,,,,0.6735204223395388,0.6021474453263334,0.5520442577499153,"[[1354, 464, 7], [359, 1009, 270], [3, 72, 61]]","['fast', 'slow', 'still']"
sorted,sorted,region_pca,0.25,0.05,200,pca,region,3.0,12,,outputs/ratinabox_003/decoder_comparison_manifold/models/manifold_transforms/region_pca_k3_w0250ms,wall_distance_bin,categorical,logistic_regression,8396,3599,balanced_accuracy,,,,,,,,,,,,,,,0.5001389274798556,0.6834232617568189,0.5077011692720302,"[[154, 11, 0], [139, 505, 82], [80, 1487, 1141]]","['center', 'middle', 'near_wall']"
sorted,sorted,region_pca,0.25,0.05,200,pca,region,3.0,12,,outputs/ratinabox_003/decoder_comparison_manifold/models/manifold_transforms/region_pca_k3_w0250ms,wall_distance_bin,categorical,random_forest_classifier,8396,3599,balanced_accuracy,,,,,,,,,,,,,,,0.7932759099749931,0.7756243786054448,0.7029819688287858,"[[126, 39, 0], [70, 551, 105], [42, 488, 2178]]","['center', 'middle', 'near_wall']"
sorted,sorted,region_pca,0.25,0.05,200,pca,region,3.0,12,,outputs/ratinabox_003/decoder_comparison_manifold/models/manifold_transforms/region_pca_k3_w0250ms,wall_distance_bin,categorical,bayesian_place_decoder_derived_context,8396,3599,balanced_accuracy,,,,,,,,,,,,,,,0.5190330647402056,0.520751017628955,0.4190948764306806,"[[1351, 1077, 280], [183, 442, 101], [14, 76, 75]]","['near_wall', 'middle', 'center']"
