time,true,pred
420.0,slow,fast
420.05,slow,fast
420.1,slow,slow
420.15,slow,fast
420.2000000000001,slow,fast
420.25,slow,slow
420.3,slow,slow
420.35,slow,slow
420.4,slow,slow
420.4500000000001,slow,slow
420.5,fast,fast
420.55,slow,fast
420.6,slow,fast
420.65,slow,fast
420.7000000000001,slow,slow
420.75,slow,slow
420.8,slow,slow
420.85,slow,slow
420.9,slow,slow
420.9500000000001,slow,slow
421.0,slow,still
421.05,slow,still
421.1,slow,still
421.15,slow,still
421.2000000000001,slow,still
421.25,slow,slow
421.3,slow,slow
421.35,slow,slow
421.4,fast,slow
421.4500000000001,slow,fast
421.5,slow,fast
421.55,fast,slow
421.6,fast,fast
421.65,fast,fast
421.7000000000001,fast,fast
421.75,fast,fast
421.8,fast,fast
421.85,fast,fast
421.9,fast,fast
421.9500000000001,slow,slow
422.0,slow,slow
422.05,slow,fast
422.1,slow,slow
422.15,slow,slow
422.2000000000001,slow,fast
422.25,slow,slow
422.3,fast,slow
422.35,fast,slow
422.4,fast,slow
422.4500000000001,slow,fast
422.5,slow,slow
422.55,fast,slow
422.6,fast,slow
422.65,slow,slow
422.7000000000001,fast,slow
422.75,fast,slow
422.8,fast,slow
422.85,slow,slow
422.9,slow,slow
422.9500000000001,slow,slow
423.0,fast,slow
423.05,fast,fast
423.1,slow,fast
423.15,slow,fast
423.2000000000001,slow,slow
423.25,slow,slow
423.3,slow,slow
423.35,slow,slow
423.4,slow,still
423.4500000000001,slow,still
423.5,slow,still
423.55,slow,still
423.6,slow,still
423.65,slow,still
423.7000000000001,slow,still
423.75,slow,still
423.8,slow,still
423.85,slow,slow
423.9,slow,slow
423.9500000000001,slow,slow
424.0,slow,slow
424.05,slow,slow
424.1,slow,slow
424.15,fast,slow
424.2000000000001,slow,fast
424.25,slow,slow
424.3,slow,slow
424.35,fast,slow
424.4,fast,slow
424.4500000000001,slow,fast
424.5,fast,fast
424.55,fast,slow
424.6,fast,fast
424.65,fast,fast
424.7000000000001,fast,fast
424.75,fast,fast
424.8,fast,fast
424.85,fast,fast
424.9,fast,fast
424.9500000000001,fast,fast
425.0,fast,fast
425.05,fast,slow
425.1,slow,slow
425.15,fast,slow
425.2000000000001,fast,slow
425.25,fast,fast
425.3,slow,fast
425.35,fast,fast
425.4,fast,fast
425.4500000000001,fast,fast
425.5,fast,fast
425.55,fast,fast
425.6,fast,slow
425.65,fast,slow
425.7000000000001,slow,slow
425.75,slow,slow
425.8,fast,slow
425.85,slow,slow
425.9,fast,fast
425.9500000000001,fast,slow
426.0,fast,slow
426.05,fast,fast
426.1,fast,fast
426.15,fast,fast
426.2000000000001,fast,fast
426.25,fast,fast
426.3,fast,fast
426.35,fast,fast
426.4,fast,fast
426.4500000000001,fast,fast
426.5,fast,fast
426.55,fast,fast
426.6,fast,fast
426.65,fast,fast
426.7000000000001,fast,fast
426.75,fast,fast
426.8,slow,fast
426.85,slow,fast
426.9,slow,fast
426.9500000000001,fast,fast
427.0,fast,slow
427.05,fast,fast
427.1,fast,fast
427.15,fast,fast
427.2000000000001,fast,fast
427.25,fast,fast
427.3,fast,fast
427.35,fast,fast
427.4,fast,fast
427.4500000000001,fast,fast
427.5,fast,fast
427.55,fast,fast
427.6,fast,fast
427.65,fast,fast
427.7000000000001,fast,fast
427.75,fast,fast
427.8,fast,fast
427.85,fast,fast
427.9,fast,fast
427.9500000000001,fast,fast
428.0,fast,fast
428.05,fast,fast
428.1,fast,fast
428.15,fast,fast
428.2000000000001,fast,fast
428.25,fast,fast
428.3,fast,fast
428.35,fast,fast
428.4,fast,fast
428.4500000000001,fast,fast
428.5,fast,fast
428.55,fast,fast
428.6,fast,slow
428.65,fast,fast
428.7000000000001,fast,fast
428.75,fast,fast
428.8,fast,fast
428.85,slow,fast
428.9,slow,slow
428.9500000000001,slow,slow
429.0,slow,slow
429.05,slow,slow
429.1,still,slow
429.15,slow,still
429.2000000000001,slow,still
429.25,slow,still
429.3,slow,slow
429.35,slow,slow
429.4,slow,still
429.4500000000001,slow,still
429.5,slow,still
429.55,slow,slow
429.6,slow,slow
429.65,slow,slow
429.7000000000001,slow,fast
429.75,slow,slow
429.8,fast,slow
429.85,fast,fast
429.9,fast,fast
429.9500000000001,fast,slow
430.0,fast,slow
430.05,fast,slow
430.1,fast,slow
430.15,fast,fast
430.2000000000001,fast,fast
430.25,fast,fast
430.3,fast,slow
430.35,fast,slow
430.4,fast,fast
430.4500000000001,fast,fast
430.5,fast,fast
430.55,fast,slow
430.6,fast,slow
430.65,fast,slow
430.7000000000001,slow,fast
430.75,slow,fast
430.8,slow,slow
430.85,slow,slow
430.9,slow,slow
430.9500000000001,slow,slow
431.0,slow,slow
431.05,slow,slow
431.1,slow,slow
431.15,slow,slow
431.2000000000001,slow,slow
431.25,slow,slow
431.3,slow,slow
431.35,still,still
431.4,slow,still
431.4500000000001,slow,still
431.5,slow,slow
431.55,slow,slow
431.6,slow,slow
431.65,slow,slow
431.7000000000001,slow,slow
431.75,fast,slow
431.8,fast,fast
431.85,fast,fast
431.9,fast,fast
431.9500000000001,fast,slow
432.0,fast,fast
432.05,fast,fast
432.1,slow,fast
432.15,fast,slow
432.2000000000001,fast,slow
432.25,fast,fast
432.3,fast,fast
432.35,fast,fast
432.4,fast,fast
432.4500000000001,fast,fast
432.5,fast,fast
432.55,fast,fast
432.6,fast,fast
432.65,fast,fast
432.7000000000001,fast,fast
432.75,fast,fast
432.8,fast,fast
432.85,fast,fast
432.9,fast,fast
432.9500000000001,fast,fast
433.0,fast,fast
433.05,fast,fast
433.1,fast,fast
433.15,fast,fast
433.2000000000001,fast,fast
433.25,fast,fast
433.3,fast,fast
433.35,fast,fast
433.4,fast,slow
433.4500000000001,fast,slow
433.5,fast,fast
433.55,fast,fast
433.6,fast,fast
433.65,fast,fast
433.7000000000001,fast,fast
433.75,fast,fast
433.8,fast,fast
433.85,fast,fast
433.9,fast,fast
433.9500000000001,fast,fast
434.0,fast,fast
434.05,fast,fast
434.1,fast,fast
434.15,fast,fast
434.2000000000001,fast,fast
434.25,fast,fast
434.3,fast,fast
434.35,fast,fast
434.4,fast,fast
434.4500000000001,fast,fast
434.5,fast,fast
434.55,fast,fast
434.6,fast,fast
434.65,slow,fast
434.7000000000001,slow,fast
434.75,slow,slow
434.8,slow,slow
434.85,slow,slow
434.9,slow,fast
434.9500000000001,slow,fast
435.0,slow,slow
435.05,slow,slow
435.1,slow,slow
435.15,slow,slow
435.2000000000001,slow,slow
435.25,slow,still
435.3,slow,still
435.35,slow,still
435.4,slow,still
435.4500000000001,slow,still
435.5,slow,slow
435.55,slow,slow
435.6,fast,slow
435.65,fast,fast
435.7000000000001,fast,fast
435.75,fast,fast
435.8,fast,fast
435.85,fast,slow
435.9,fast,fast
435.9500000000001,fast,fast
436.0,fast,fast
436.05,fast,fast
436.1,fast,fast
436.15,fast,fast
436.2000000000001,fast,fast
436.25,fast,fast
436.3,fast,fast
436.35,fast,fast
436.4,fast,fast
436.4500000000001,fast,fast
436.5,fast,fast
436.55,fast,fast
436.6,fast,fast
436.65,slow,fast
436.7000000000001,slow,slow
436.75,slow,slow
436.8,slow,slow
436.85,fast,slow
436.9,slow,fast
436.9500000000001,slow,slow
437.0,slow,slow
437.05,fast,slow
437.1,slow,slow
437.15,slow,slow
437.2000000000001,slow,slow
437.25,slow,slow
437.3,fast,slow
437.35,slow,fast
437.4,slow,fast
437.4500000000001,slow,slow
437.5,slow,slow
437.55,slow,still
437.6,slow,slow
437.65,slow,slow
437.7000000000001,slow,slow
437.75,slow,slow
437.8,slow,slow
437.85,slow,slow
437.9,fast,slow
437.9500000000001,slow,fast
438.0,fast,fast
438.05,slow,fast
438.1,fast,fast
438.15,slow,fast
438.2000000000001,slow,fast
438.25,slow,slow
438.3,slow,slow
438.35,slow,slow
438.4,slow,fast
438.4500000000001,slow,slow
438.5,slow,slow
438.55,slow,slow
438.6,slow,slow
438.65,slow,slow
438.7000000000001,slow,still
438.75,still,still
438.8,slow,still
438.85,slow,still
438.9,slow,slow
438.9500000000001,slow,slow
439.0,slow,slow
439.05,slow,slow
439.1,slow,slow
439.15,slow,slow
439.2000000000001,slow,slow
439.25,fast,slow
439.3,fast,slow
439.35,fast,slow
439.4,slow,slow
439.4500000000001,slow,slow
439.5,slow,slow
439.55,slow,slow
439.6,slow,slow
439.65,slow,slow
439.7000000000001,slow,slow
439.75,slow,slow
439.8,slow,slow
439.85,slow,fast
439.9,fast,slow
439.9500000000001,fast,slow
440.0,slow,fast
440.05,fast,fast
440.1,slow,fast
440.15,slow,fast
440.2000000000001,slow,slow
440.25,slow,slow
440.3,slow,slow
440.35,slow,still
440.4,slow,slow
440.4500000000001,slow,slow
440.5,slow,slow
440.55,slow,slow
440.6,slow,still
440.65,slow,still
440.7000000000001,slow,still
440.75,slow,slow
440.8,slow,slow
440.85,slow,slow
440.9,slow,still
440.9500000000001,still,still
441.0,still,still
441.05,still,still
441.1,still,still
441.15,still,still
441.2000000000001,still,still
441.25,slow,still
441.3,slow,still
441.35,slow,still
441.4,slow,still
441.4500000000001,fast,slow
441.5,fast,slow
441.55,fast,slow
441.6,fast,fast
441.65,fast,fast
441.7000000000001,fast,fast
441.75,fast,fast
441.8,fast,fast
441.85,fast,fast
441.9,fast,fast
441.9500000000001,fast,fast
442.0,fast,fast
442.05,fast,fast
442.1,fast,fast
442.15,fast,fast
442.2000000000001,fast,fast
442.25,fast,fast
442.3,fast,fast
442.35,fast,fast
442.4,fast,fast
442.4500000000001,fast,fast
442.5,slow,fast
442.55,still,fast
442.6,slow,still
442.65,slow,still
442.7000000000001,slow,still
442.75,still,slow
442.8,still,slow
442.85,slow,still
442.9,still,slow
442.9500000000001,slow,still
443.0,still,still
443.05,still,still
443.1,still,still
443.15,still,still
443.2000000000001,still,still
443.25,still,still
443.3,still,still
443.35,slow,still
443.4,still,still
443.4500000000001,slow,still
443.5,still,still
443.55,still,still
443.6,slow,still
443.65,slow,still
443.7000000000001,slow,still
443.75,slow,still
443.8,slow,slow
443.85,slow,slow
443.9,slow,still
443.9500000000001,slow,slow
444.0,slow,slow
444.05,slow,slow
444.1,slow,slow
444.15,slow,slow
444.2000000000001,slow,slow
444.25,slow,slow
444.3,fast,slow
444.35,slow,slow
444.4,slow,slow
444.4500000000001,slow,slow
444.5,slow,still
444.55,slow,slow
444.6,slow,slow
444.65,slow,slow
444.7000000000001,slow,still
444.75,slow,slow
444.8,slow,fast
444.85,slow,slow
444.9,slow,slow
444.9500000000001,slow,slow
445.0,slow,slow
445.05,slow,slow
445.1,slow,slow
445.15,slow,slow
445.2000000000001,slow,slow
445.25,slow,slow
445.3,fast,slow
445.35,slow,fast
445.4,slow,fast
445.4500000000001,slow,slow
445.5,slow,slow
445.55,fast,slow
445.6,slow,slow
445.65,fast,slow
445.7000000000001,fast,fast
445.75,fast,fast
445.8,fast,fast
445.85,fast,fast
445.9,fast,fast
445.9500000000001,fast,fast
446.0,slow,fast
446.05,slow,slow
446.1,fast,slow
446.15,fast,slow
446.2000000000001,fast,slow
446.25,fast,fast
446.3,slow,fast
446.35,slow,fast
446.4,slow,fast
446.4500000000001,slow,fast
446.5,slow,fast
446.55,slow,slow
446.6,slow,slow
446.65,slow,slow
446.7000000000001,slow,slow
446.75,slow,still
446.8,slow,slow
446.85,slow,slow
446.9,slow,still
446.9500000000001,slow,slow
447.0,slow,slow
447.05,still,slow
447.1,still,still
447.15,still,still
447.2000000000001,still,still
447.25,still,still
447.3,still,still
447.35,still,still
447.4,still,still
447.4500000000001,still,still
447.5,slow,still
447.55,still,slow
447.6,slow,slow
447.65,slow,still
447.7000000000001,slow,still
447.75,slow,still
447.8,slow,slow
447.85,slow,still
447.9,slow,still
447.9500000000001,slow,slow
448.0,slow,slow
448.05,slow,fast
448.1,slow,fast
448.15,slow,slow
448.2000000000001,slow,slow
448.25,slow,slow
448.3,slow,slow
448.35,slow,slow
448.4,slow,slow
448.4500000000001,slow,slow
448.5,slow,slow
448.55,slow,slow
448.6,slow,slow
448.65,slow,slow
448.7000000000001,fast,slow
448.75,fast,slow
448.8,fast,fast
448.85,fast,fast
448.9,fast,fast
448.9500000000001,fast,fast
449.0,fast,fast
449.05,fast,fast
449.1,fast,fast
449.15,slow,slow
449.2000000000001,slow,slow
449.25,fast,fast
449.3,slow,fast
449.35,fast,slow
449.4,fast,slow
449.4500000000001,fast,fast
449.5,fast,slow
449.55,slow,fast
449.6,slow,fast
449.65,slow,fast
449.7000000000001,slow,fast
449.75,slow,slow
449.8,slow,slow
449.85,slow,slow
449.9,slow,slow
449.9500000000001,slow,slow
450.0,slow,slow
450.05,slow,slow
450.1,slow,fast
450.15,slow,slow
450.2000000000001,slow,slow
450.25,fast,slow
450.3,slow,slow
450.35,slow,fast
450.4,slow,slow
450.4500000000001,slow,still
450.5,slow,slow
450.55,slow,slow
450.6,slow,slow
450.65,slow,still
450.7000000000001,slow,slow
450.75,fast,slow
450.8,fast,fast
450.85,fast,fast
450.9,fast,fast
450.9500000000001,fast,fast
451.0,fast,fast
451.05,fast,fast
451.1,fast,fast
451.15,fast,fast
451.2000000000001,fast,fast
451.25,fast,fast
451.3,fast,fast
451.35,fast,fast
451.4,fast,fast
451.4500000000001,fast,fast
451.5,fast,fast
451.55,fast,fast
451.6,fast,fast
451.65,fast,fast
451.7000000000001,fast,fast
451.75,slow,fast
451.8,slow,slow
451.85,slow,slow
451.9,slow,slow
451.9500000000001,slow,slow
452.0,slow,slow
452.05,slow,slow
452.1,fast,slow
452.15,fast,slow
452.2000000000001,fast,fast
452.25,fast,fast
452.3,fast,fast
452.35,fast,fast
452.4,fast,fast
452.4500000000001,fast,fast
452.5,fast,fast
452.55,slow,fast
452.6,slow,slow
452.65,fast,fast
452.7000000000001,fast,fast
452.75,slow,fast
452.8,slow,fast
452.85,slow,slow
452.9,slow,slow
452.9500000000001,slow,slow
453.0,slow,slow
453.05,slow,slow
453.1,slow,still
453.15,slow,still
453.2000000000001,still,still
453.25,still,still
453.3,slow,still
453.35,slow,still
453.4,slow,still
453.4500000000001,slow,slow
453.5,slow,slow
453.55,slow,slow
453.6,slow,slow
453.65,slow,slow
453.7000000000001,slow,slow
453.75,slow,slow
453.8,slow,slow
453.85,slow,still
453.9,slow,slow
453.9500000000001,fast,fast
454.0,fast,fast
454.05,fast,fast
454.1,fast,fast
454.15,fast,fast
454.2000000000001,fast,fast
454.25,slow,fast
454.3,slow,fast
454.35,slow,slow
454.4,slow,slow
454.4500000000001,slow,slow
454.5,slow,slow
454.55,slow,slow
454.6,slow,slow
454.65,still,slow
454.7000000000001,still,still
454.75,slow,still
454.8,slow,still
454.85,slow,still
454.9,slow,still
454.9500000000001,slow,still
455.0,slow,still
455.05,still,still
455.1,still,still
455.15,still,still
455.2000000000001,slow,still
455.25,slow,still
455.3,slow,still
455.35,slow,still
455.4,slow,still
455.4500000000001,slow,slow
455.5,fast,fast
455.55,slow,slow
455.6,slow,slow
455.65,slow,slow
455.7000000000001,slow,fast
455.75,fast,fast
455.8,slow,fast
455.85,fast,slow
455.9,fast,fast
455.9500000000001,fast,fast
456.0,slow,fast
456.05,fast,fast
456.1,slow,fast
456.15,slow,fast
456.2000000000001,slow,fast
456.25,slow,slow
456.3,slow,still
456.35,slow,slow
456.4,slow,slow
456.4500000000001,slow,slow
456.5,slow,fast
456.55,slow,slow
456.6,slow,slow
456.65,slow,fast
456.7000000000001,slow,slow
456.75,fast,slow
456.8,fast,fast
456.85,slow,fast
456.9,slow,fast
456.9500000000001,fast,fast
457.0,fast,fast
457.05,slow,fast
457.1,fast,fast
457.15,fast,fast
457.2000000000001,slow,fast
457.25,slow,slow
457.3,slow,slow
457.35,slow,slow
457.4,slow,slow
457.4500000000001,slow,slow
457.5,slow,still
457.55,slow,still
457.6,slow,still
457.65,slow,slow
457.7000000000001,slow,slow
457.75,slow,slow
457.8,slow,still
457.85,slow,still
457.9,slow,still
457.9500000000001,slow,slow
458.0,slow,slow
458.05,slow,still
458.1,slow,still
458.15,slow,slow
458.2000000000001,slow,slow
458.25,slow,slow
458.3,slow,slow
458.35,slow,slow
458.4,slow,slow
458.4500000000001,slow,slow
458.5,slow,slow
458.55,slow,slow
458.6,slow,slow
458.65,slow,slow
458.7000000000001,slow,slow
458.75,fast,slow
458.8,slow,slow
458.85,slow,slow
458.9,slow,still
458.9500000000001,slow,still
459.0,slow,still
459.05,slow,still
459.1,slow,still
459.15,slow,still
459.2000000000001,slow,still
459.25,slow,still
459.3,fast,still
459.35,slow,slow
459.4,slow,slow
459.4500000000001,slow,still
459.5,slow,still
459.55,slow,slow
459.6,slow,slow
459.65,slow,slow
459.7000000000001,slow,slow
459.75,slow,slow
459.8,slow,still
459.85,slow,still
459.9,slow,slow
459.9500000000001,slow,slow
460.0,slow,still
460.05,slow,slow
460.1,slow,slow
460.15,slow,slow
460.2000000000001,slow,slow
460.25,slow,slow
460.3,slow,still
460.35,slow,still
460.4,slow,still
460.4500000000001,slow,slow
460.5,still,still
460.55,slow,still
460.6,slow,still
460.65,still,still
460.7000000000001,slow,still
460.75,slow,still
460.8,slow,still
460.85,slow,still
460.9,slow,still
460.9500000000001,slow,still
461.0,slow,still
461.05,slow,still
461.1,slow,still
461.15,slow,still
461.2000000000001,slow,still
461.25,slow,slow
461.3,slow,slow
461.35,fast,slow
461.4,fast,slow
461.4500000000001,fast,slow
461.5,fast,slow
461.55,fast,fast
461.6,fast,fast
461.65,fast,fast
461.7000000000001,fast,fast
461.75,fast,fast
461.8,slow,fast
461.85,fast,fast
461.9,slow,fast
461.9500000000001,slow,slow
462.0,slow,slow
462.05,slow,slow
462.1,slow,slow
462.15,slow,slow
462.2000000000001,slow,slow
462.25,slow,slow
462.3,slow,fast
462.35,slow,fast
462.4,fast,slow
462.4500000000001,fast,slow
462.5,fast,fast
462.55,fast,fast
462.6,fast,fast
462.65,fast,fast
462.7000000000001,fast,fast
462.75,fast,fast
462.8,fast,fast
462.85,fast,fast
462.9,fast,fast
462.9500000000001,fast,fast
463.0,fast,fast
463.05,fast,fast
463.1,fast,fast
463.15,fast,fast
463.2000000000001,slow,fast
463.25,slow,fast
463.3,fast,fast
463.35,slow,fast
463.4,slow,fast
463.4500000000001,slow,fast
463.5,slow,slow
463.55,slow,slow
463.6,slow,slow
463.65,slow,still
463.7000000000001,slow,still
463.75,still,still
463.8,still,still
463.85,still,still
463.9,slow,still
463.9500000000001,slow,still
464.0,slow,slow
464.05,slow,slow
464.1,slow,still
464.15,slow,still
464.2000000000001,slow,slow
464.25,slow,slow
464.3,still,slow
464.35,still,still
464.4,still,still
464.4500000000001,still,still
464.5,still,still
464.55,still,still
464.6,still,still
464.65,still,still
464.7000000000001,slow,still
464.75,slow,still
464.8,slow,slow
464.85,slow,slow
464.9,fast,slow
464.9500000000001,fast,fast
465.0,fast,fast
465.05,fast,slow
465.1,fast,fast
465.15,slow,fast
465.2000000000001,fast,slow
465.25,slow,slow
465.3,fast,slow
465.35,slow,slow
465.4,fast,slow
465.4500000000001,fast,fast
465.5,fast,slow
465.55,slow,fast
465.6,slow,fast
465.65,fast,fast
465.7000000000001,fast,fast
465.75,fast,slow
465.8,fast,fast
465.85,fast,fast
465.9,fast,fast
465.9500000000001,fast,fast
466.0,fast,fast
466.05,fast,fast
466.1,fast,fast
466.15,fast,fast
466.2000000000001,fast,fast
466.25,fast,fast
466.3,fast,fast
466.35,fast,fast
466.4,fast,fast
466.4500000000001,fast,fast
466.5,fast,fast
466.55,fast,fast
466.6,fast,fast
466.65,fast,fast
466.7000000000001,fast,fast
466.75,fast,fast
466.8,fast,fast
466.85,fast,fast
466.9,fast,fast
466.9500000000001,fast,fast
467.0,fast,fast
467.05,fast,fast
467.1,slow,fast
467.15,slow,fast
467.2000000000001,slow,slow
467.25,slow,slow
467.3,slow,slow
467.35,fast,slow
467.4,slow,fast
467.4500000000001,fast,slow
467.5,fast,slow
467.55,fast,slow
467.6,fast,fast
467.65,fast,fast
467.7000000000001,fast,fast
467.75,fast,fast
467.8,slow,fast
467.85,slow,fast
467.9,slow,slow
467.9500000000001,slow,slow
468.0,fast,slow
468.05,fast,fast
468.1,fast,fast
468.15,fast,fast
468.2000000000001,slow,fast
468.25,slow,slow
468.3,slow,slow
468.35,slow,slow
468.4,slow,slow
468.4500000000001,fast,slow
468.5,fast,slow
468.55,fast,slow
468.6,fast,fast
468.65,fast,fast
468.7000000000001,slow,slow
468.75,slow,fast
468.8,slow,fast
468.85,slow,slow
468.9,fast,slow
468.9500000000001,fast,fast
469.0,fast,fast
469.05,slow,fast
469.1,slow,slow
469.15,slow,slow
469.2000000000001,fast,slow
469.25,fast,fast
469.3,slow,fast
469.35,slow,fast
469.4,slow,fast
469.4500000000001,slow,slow
469.5,slow,still
469.55,slow,slow
469.6,slow,slow
469.65,slow,slow
469.7000000000001,slow,slow
469.75,fast,slow
469.8,slow,fast
469.85,slow,fast
469.9,slow,slow
469.9500000000001,slow,slow
470.0,fast,slow
470.05,slow,slow
470.1,slow,slow
470.15,slow,slow
470.2000000000001,slow,still
470.25,slow,slow
470.3,slow,slow
470.35,fast,fast
470.4,slow,slow
470.4500000000001,fast,slow
470.5,slow,slow
470.55,slow,slow
470.6,slow,slow
470.65,slow,slow
470.7000000000001,slow,slow
470.75,slow,slow
470.8,slow,slow
470.85,slow,slow
470.9,slow,fast
470.9500000000001,slow,fast
471.0,slow,slow
471.05,slow,still
471.1,slow,still
471.15,slow,slow
471.2000000000001,slow,slow
471.25,slow,slow
471.3,slow,fast
471.35,fast,fast
471.4,fast,slow
471.4500000000001,slow,fast
471.5,slow,fast
471.55,slow,fast
471.6,slow,slow
471.65,slow,slow
471.7000000000001,slow,slow
471.75,slow,slow
471.8,slow,slow
471.85,slow,slow
471.9,fast,slow
471.9500000000001,fast,slow
472.0,fast,slow
472.05,fast,fast
472.1,fast,fast
472.15,fast,fast
472.2000000000001,fast,fast
472.25,fast,fast
472.3,fast,fast
472.35,fast,fast
472.4,fast,fast
472.4500000000001,fast,fast
472.5,fast,fast
472.55,fast,fast
472.6,fast,fast
472.65,fast,fast
472.7000000000001,fast,fast
472.75,fast,fast
472.8,fast,fast
472.85,fast,fast
472.9,fast,slow
472.9500000000001,slow,fast
473.0,fast,fast
473.05,fast,slow
473.1,fast,slow
473.15,fast,slow
473.2000000000001,slow,slow
473.25,fast,slow
473.3,fast,fast
473.35,fast,slow
473.4,fast,slow
473.4500000000001,fast,fast
473.5,fast,fast
473.55,fast,fast
473.6,fast,fast
473.65,fast,fast
473.7000000000001,fast,fast
473.75,slow,fast
473.8,slow,fast
473.85,slow,slow
473.9,slow,slow
473.9500000000001,fast,slow
474.0,fast,fast
474.05,slow,fast
474.1,slow,fast
474.15,slow,fast
474.2000000000001,slow,fast
474.25,slow,slow
474.3,fast,fast
474.35,fast,slow
474.4,fast,slow
474.4500000000001,slow,fast
474.5,fast,slow
474.55,fast,slow
474.6,fast,slow
474.65,fast,slow
474.7000000000001,fast,fast
474.75,slow,fast
474.8,slow,slow
474.85,slow,slow
474.9,slow,slow
474.9500000000001,slow,slow
475.0,slow,slow
475.05,fast,slow
475.1,fast,slow
475.15,fast,slow
475.2000000000001,fast,slow
475.25,fast,fast
475.3,fast,fast
475.35,fast,slow
475.4,fast,fast
475.4500000000001,fast,fast
475.5,slow,fast
475.55,slow,slow
475.6,slow,slow
475.65,fast,slow
475.7000000000001,fast,slow
475.75,fast,slow
475.8,fast,fast
475.85,fast,fast
475.9,fast,slow
475.9500000000001,fast,slow
476.0,slow,fast
476.05,fast,fast
476.1,slow,fast
476.15,slow,fast
476.2000000000001,fast,slow
476.25,fast,slow
476.3,fast,fast
476.35,slow,fast
476.4,slow,fast
476.4500000000001,slow,slow
476.5,slow,slow
476.55,slow,slow
476.6,fast,fast
476.65,fast,fast
476.7000000000001,fast,fast
476.75,fast,slow
476.8,fast,fast
476.85,fast,fast
476.9,fast,fast
476.9500000000001,fast,fast
477.0,fast,fast
477.05,fast,fast
477.1,fast,fast
477.15,fast,fast
477.2000000000001,fast,fast
477.25,fast,fast
477.3,slow,fast
477.35,slow,fast
477.4,fast,fast
477.4500000000001,fast,slow
477.5,fast,slow
477.55,slow,fast
477.6,slow,fast
477.65,slow,slow
477.7000000000001,slow,slow
477.75,slow,slow
477.8,slow,slow
477.85,slow,slow
477.9,slow,slow
477.9500000000001,slow,slow
478.0,slow,still
478.05,slow,still
478.1,slow,still
478.15,slow,slow
478.2000000000001,slow,slow
478.25,slow,slow
478.3,slow,slow
478.35,slow,still
478.4,slow,still
478.4500000000001,slow,still
478.5,fast,slow
478.55,fast,slow
478.6,slow,fast
478.65,slow,fast
478.7000000000001,fast,fast
478.75,fast,fast
478.8,fast,fast
478.85,fast,fast
478.9,slow,fast
478.9500000000001,slow,slow
479.0,fast,slow
479.05,fast,fast
479.1,slow,fast
479.15,fast,fast
479.2000000000001,fast,slow
479.25,fast,slow
479.3,fast,fast
479.35,slow,fast
479.4,slow,fast
479.4500000000001,slow,slow
479.5,slow,slow
479.55,slow,slow
479.6,fast,slow
479.65,slow,slow
479.7000000000001,fast,fast
479.75,fast,slow
479.8,slow,fast
479.85,slow,fast
479.9,fast,fast
479.9500000000001,fast,fast
480.0,fast,fast
480.05,fast,fast
480.1,slow,fast
480.15,fast,fast
480.2000000000001,fast,fast
480.25,slow,fast
480.3,slow,fast
480.35,slow,slow
480.4,slow,slow
480.4500000000001,slow,still
480.5,slow,slow
480.55,slow,slow
480.6,slow,slow
480.65,slow,slow
480.7000000000001,slow,still
480.75,slow,slow
480.8,fast,fast
480.85,fast,fast
480.9,slow,slow
480.9500000000001,fast,slow
481.0,fast,fast
481.05,fast,fast
481.1,fast,fast
481.15,fast,fast
481.2000000000001,fast,fast
481.25,fast,fast
481.3,fast,fast
481.35,fast,fast
481.4,fast,fast
481.4500000000001,fast,fast
481.5,fast,fast
481.55,fast,fast
481.6,fast,fast
481.65,fast,fast
481.7000000000001,fast,fast
481.75,fast,fast
481.8,fast,fast
481.85,fast,fast
481.9,fast,fast
481.9500000000001,fast,fast
482.0,fast,fast
482.05,fast,fast
482.1,fast,fast
482.15,fast,fast
482.2000000000001,fast,fast
482.25,fast,fast
482.3,slow,slow
482.35,fast,slow
482.4,slow,fast
482.4500000000001,slow,fast
482.5,fast,fast
482.55,fast,fast
482.6,fast,fast
482.65,fast,fast
482.7000000000001,fast,fast
482.75,fast,fast
482.8,fast,fast
482.85,fast,slow
482.9,fast,fast
482.9500000000001,fast,fast
483.0,fast,slow
483.05,fast,fast
483.1,fast,fast
483.15,fast,slow
483.2000000000001,fast,slow
483.25,slow,slow
483.3,slow,slow
483.35,slow,slow
483.4,slow,slow
483.4500000000001,slow,slow
483.5,slow,slow
483.55,slow,slow
483.6,slow,slow
483.65,slow,fast
483.7000000000001,fast,fast
483.75,fast,fast
483.8,fast,fast
483.85,fast,fast
483.9,fast,fast
483.9500000000001,fast,fast
484.0,fast,slow
484.05,fast,slow
484.1,fast,fast
484.15,slow,fast
484.2000000000001,fast,fast
484.25,slow,fast
484.3,slow,fast
484.35,fast,slow
484.4,slow,slow
484.4500000000001,fast,slow
484.5,fast,fast
484.55,fast,fast
484.6,fast,fast
484.65,fast,fast
484.7000000000001,slow,fast
484.75,fast,slow
484.8,fast,slow
484.85,fast,slow
484.9,fast,fast
484.9500000000001,fast,fast
485.0,fast,fast
485.05,fast,fast
485.1,fast,fast
485.15,fast,fast
485.2000000000001,fast,fast
485.25,fast,slow
485.3,fast,slow
485.35,fast,slow
485.4,fast,fast
485.4500000000001,fast,fast
485.5,fast,fast
485.55,fast,fast
485.6,fast,fast
485.65,fast,fast
485.7000000000001,fast,fast
485.75,fast,fast
485.8,fast,fast
485.85,fast,fast
485.9,fast,fast
485.9500000000001,fast,fast
486.0,fast,fast
486.05,fast,fast
486.1,fast,fast
486.15,fast,fast
486.2000000000001,fast,fast
486.25,fast,fast
486.3,fast,fast
486.35,fast,fast
486.4,fast,fast
486.4500000000001,fast,fast
486.5,fast,fast
486.55,fast,fast
486.6,fast,fast
486.65,fast,fast
486.7000000000001,slow,fast
486.75,slow,fast
486.8,slow,slow
486.85,slow,slow
486.9,slow,slow
486.9500000000001,slow,slow
487.0,slow,slow
487.05,slow,slow
487.1,slow,still
487.15,slow,slow
487.2000000000001,slow,still
487.25,slow,still
487.3,slow,slow
487.35,slow,slow
487.4,slow,slow
487.4500000000001,slow,slow
487.5,slow,still
487.55,slow,still
487.6,slow,slow
487.65,slow,still
487.7000000000001,slow,still
487.75,slow,still
487.8,slow,still
487.85,slow,still
487.9,slow,still
487.9500000000001,slow,still
488.0,slow,slow
488.05,slow,slow
488.1,slow,still
488.15,fast,slow
488.2000000000001,fast,slow
488.25,slow,fast
488.3,fast,fast
488.35,fast,fast
488.4,slow,fast
488.4500000000001,slow,fast
488.5,fast,fast
488.55,fast,fast
488.6,fast,fast
488.65,fast,fast
488.7000000000001,fast,fast
488.75,fast,fast
488.8,fast,fast
488.85,fast,fast
488.9,fast,fast
488.9500000000001,fast,fast
489.0,fast,fast
489.05,fast,fast
489.1,fast,fast
489.15,fast,fast
489.2000000000001,fast,fast
489.25,slow,fast
489.3,fast,slow
489.35,fast,slow
489.4,fast,fast
489.4500000000001,fast,fast
489.5,fast,fast
489.55,slow,fast
489.6,slow,fast
489.65,slow,slow
489.7000000000001,fast,slow
489.75,fast,fast
489.8,fast,fast
489.85,fast,fast
489.9,fast,fast
489.9500000000001,fast,fast
490.0,fast,fast
490.05,fast,fast
490.1,fast,fast
490.15,fast,fast
490.2000000000001,fast,fast
490.25,fast,fast
490.3,fast,fast
490.35,fast,fast
490.4,fast,slow
490.4500000000001,fast,fast
490.5,fast,fast
490.55,fast,fast
490.6,fast,fast
490.65,fast,fast
490.7000000000001,fast,fast
490.75,fast,fast
490.8,fast,fast
490.85,fast,fast
490.9,fast,fast
490.9500000000001,fast,slow
491.0,fast,fast
491.05,fast,fast
491.1,fast,fast
491.15,fast,fast
491.2000000000001,fast,fast
491.25,fast,fast
491.3,fast,fast
491.35,fast,fast
491.4,fast,fast
491.4500000000001,fast,fast
491.5,fast,fast
491.55,fast,fast
491.6,fast,fast
491.65,fast,fast
491.7000000000001,fast,fast
491.75,fast,fast
491.8,fast,fast
491.85,fast,slow
491.9,fast,fast
491.9500000000001,fast,fast
492.0,fast,fast
492.05,fast,fast
492.1,fast,fast
492.15,fast,fast
492.2000000000001,fast,fast
492.25,fast,fast
492.3,fast,fast
492.35,fast,fast
492.4,fast,fast
492.4500000000001,fast,fast
492.5,fast,fast
492.55,fast,fast
492.6,fast,fast
492.65,fast,fast
492.7000000000001,fast,fast
492.75,fast,slow
492.8,fast,slow
492.85,fast,fast
492.9,fast,fast
492.9500000000001,fast,fast
493.0,fast,fast
493.05,fast,fast
493.1,fast,fast
493.15,fast,fast
493.2000000000001,fast,fast
493.25,slow,fast
493.3,slow,slow
493.35,slow,still
493.4,slow,slow
493.4500000000001,slow,slow
493.5,slow,slow
493.55,fast,fast
493.6,fast,fast
493.65,fast,fast
493.7000000000001,fast,fast
493.75,fast,fast
493.8,fast,fast
493.85,fast,fast
493.9,fast,fast
493.9500000000001,fast,fast
494.0,fast,fast
494.05,fast,fast
494.1,fast,fast
494.15,fast,fast
494.2000000000001,fast,fast
494.25,fast,fast
494.3,fast,fast
494.35,fast,fast
494.4,fast,fast
494.4500000000001,fast,fast
494.5,fast,fast
494.55,slow,fast
494.6,slow,fast
494.65,slow,slow
494.7000000000001,slow,slow
494.75,slow,slow
494.8,slow,slow
494.85,slow,slow
494.9,slow,slow
494.9500000000001,slow,slow
495.0,fast,fast
495.05,fast,fast
495.1,fast,fast
495.15,slow,fast
495.2000000000001,fast,fast
495.25,fast,slow
495.3,slow,slow
495.35,slow,slow
495.4,slow,fast
495.4500000000001,slow,fast
495.5,fast,slow
495.55,fast,slow
495.6,fast,slow
495.65,slow,fast
495.7000000000001,fast,slow
495.75,fast,slow
495.8,fast,slow
495.85,fast,fast
495.9,slow,fast
495.9500000000001,fast,slow
496.0,fast,fast
496.05,slow,fast
496.1,fast,slow
496.15,slow,fast
496.2000000000001,slow,fast
496.25,slow,fast
496.3,slow,slow
496.35,fast,slow
496.4,fast,slow
496.4500000000001,slow,fast
496.5,slow,fast
496.55,slow,slow
496.6,fast,slow
496.65,fast,fast
496.7000000000001,slow,fast
496.75,slow,fast
496.8,slow,slow
496.85,slow,slow
496.9,slow,slow
496.9500000000001,slow,slow
497.0,slow,slow
497.05,slow,slow
497.1,slow,slow
497.15,slow,slow
497.2000000000001,slow,still
497.25,still,still
497.3,slow,still
497.35,slow,still
497.4,slow,still
497.4500000000001,slow,still
497.5,still,still
497.55,still,still
497.6,still,still
497.65,still,still
497.7000000000001,still,still
497.75,still,still
497.8,still,still
497.85,still,still
497.9,still,still
497.9500000000001,slow,still
498.0,slow,still
498.05,slow,still
498.1,slow,still
498.15,slow,still
498.2000000000001,slow,still
498.25,slow,still
498.3,slow,still
498.35,slow,still
498.4,slow,still
498.4500000000001,slow,still
498.5,still,slow
498.55,still,slow
498.6,still,still
498.65,still,still
498.7000000000001,still,still
498.75,still,still
498.8,still,still
498.85,still,still
498.9,still,still
498.9500000000001,still,still
499.0,still,still
499.05,still,still
499.1,still,still
499.15,still,still
499.2000000000001,still,still
499.25,slow,still
499.3,still,still
499.35,still,still
499.4,still,still
499.4500000000001,slow,still
499.5,still,still
499.55,slow,still
499.6,slow,still
499.65,slow,slow
499.7000000000001,slow,still
499.75,slow,still
499.8,slow,slow
499.85,slow,slow
499.9,slow,still
499.9500000000001,slow,still
500.0,slow,slow
500.05,slow,slow
500.1,slow,still
500.15,slow,still
500.2000000000001,slow,still
500.25,slow,still
500.3,slow,still
500.35,fast,slow
500.4,fast,slow
500.4500000000001,fast,slow
500.5,fast,fast
500.55,fast,fast
500.6,fast,fast
500.65,fast,fast
500.7000000000001,fast,fast
500.75,fast,fast
500.8,fast,fast
500.85,fast,fast
500.9,fast,fast
500.9500000000001,fast,fast
501.0,fast,fast
501.05,fast,fast
501.1,fast,fast
501.15,slow,fast
501.2000000000001,fast,slow
501.25,slow,slow
501.3,slow,slow
501.35,slow,slow
501.4,slow,still
501.4500000000001,slow,slow
501.5,slow,slow
501.55,slow,slow
501.6,slow,slow
501.65,fast,slow
501.7000000000001,fast,fast
501.75,slow,fast
501.8,fast,fast
501.85,fast,fast
501.9,fast,fast
501.9500000000001,fast,fast
502.0,slow,fast
502.05,fast,slow
502.1,slow,fast
502.15,slow,slow
502.2000000000001,slow,slow
502.25,fast,slow
502.3,fast,slow
502.35,fast,fast
502.4,slow,fast
502.4500000000001,slow,slow
502.5,slow,slow
502.55,slow,slow
502.6,fast,slow
502.65,fast,fast
502.7000000000001,fast,fast
502.75,fast,fast
502.8,fast,fast
502.85,slow,fast
502.9,slow,fast
502.9500000000001,slow,slow
503.0,slow,fast
503.05,slow,fast
503.1,slow,slow
503.15,slow,slow
503.2000000000001,slow,slow
503.25,slow,still
503.3,slow,slow
503.35,slow,slow
503.4,slow,slow
503.4500000000001,slow,slow
503.5,slow,slow
503.55,slow,still
503.6,still,still
503.65,still,still
503.7000000000001,slow,still
503.75,slow,still
503.8,slow,still
503.85,slow,still
503.9,slow,still
503.9500000000001,slow,still
504.0,still,still
504.05,slow,still
504.1,slow,still
504.15,slow,still
504.2000000000001,slow,still
504.25,slow,slow
504.3,slow,slow
504.35,slow,slow
504.4,still,still
504.4500000000001,still,still
504.5,slow,still
504.55,slow,still
504.6,still,still
504.65,slow,still
504.7000000000001,slow,still
504.75,slow,still
504.8,slow,still
504.85,slow,still
504.9,slow,still
504.9500000000001,slow,still
505.0,slow,still
505.05,slow,still
505.1,slow,slow
505.15,slow,fast
505.2000000000001,slow,slow
505.25,slow,slow
505.3,slow,slow
505.35,slow,slow
505.4,fast,still
505.4500000000001,fast,slow
505.5,fast,fast
505.55,fast,fast
505.6,fast,slow
505.65,fast,fast
505.7000000000001,fast,fast
505.75,fast,fast
505.8,fast,fast
505.85,fast,fast
505.9,slow,fast
505.9500000000001,slow,slow
506.0,slow,slow
506.05,slow,slow
506.1,slow,still
506.15,slow,slow
506.2000000000001,slow,slow
506.25,slow,slow
506.3,slow,slow
506.35,slow,still
506.4,slow,still
506.4500000000001,slow,slow
506.5,slow,slow
506.55,slow,slow
506.6,slow,slow
506.65,slow,slow
506.7000000000001,slow,slow
506.75,slow,slow
506.8,slow,slow
506.85,slow,slow
506.9,slow,slow
506.9500000000001,slow,slow
507.0,slow,slow
507.05,slow,slow
507.1,slow,slow
507.15,slow,fast
507.2000000000001,slow,slow
507.25,fast,slow
507.3,slow,slow
507.35,slow,slow
507.4,slow,still
507.4500000000001,slow,still
507.5,slow,still
507.55,slow,still
507.6,slow,still
507.65,slow,slow
507.7000000000001,slow,slow
507.75,slow,slow
507.8,slow,still
507.85,slow,still
507.9,slow,still
507.9500000000001,slow,slow
508.0,slow,slow
508.05,fast,still
508.1,fast,slow
508.15,fast,fast
508.2000000000001,fast,fast
508.25,fast,fast
508.3,fast,fast
508.35,fast,fast
508.4,fast,fast
508.4500000000001,fast,fast
508.5,fast,fast
508.55,fast,fast
508.6,fast,fast
508.65,fast,fast
508.7000000000001,fast,fast
508.75,fast,fast
508.8,fast,fast
508.85,fast,fast
508.9,fast,fast
508.9500000000001,fast,slow
509.0,fast,slow
509.05,fast,fast
509.1,fast,fast
509.15,fast,slow
509.2000000000001,fast,fast
509.25,fast,fast
509.3,fast,fast
509.35,fast,fast
509.4,fast,fast
509.4500000000001,fast,fast
509.5,slow,fast
509.55,slow,fast
509.6,slow,fast
509.65,slow,fast
509.7000000000001,slow,slow
509.75,slow,still
509.8,slow,still
509.85,slow,still
509.9,slow,still
509.9500000000001,slow,slow
510.0,slow,slow
510.05,slow,slow
510.1,fast,slow
510.15,fast,fast
510.2000000000001,slow,fast
510.25,slow,slow
510.3,slow,fast
510.35,slow,slow
510.4,slow,slow
510.4500000000001,slow,slow
510.5,slow,slow
510.55,fast,slow
510.6,fast,fast
510.65,fast,fast
510.7000000000001,fast,fast
510.75,fast,fast
510.8,fast,fast
510.85,fast,fast
510.9,fast,fast
510.9500000000001,fast,fast
511.0,fast,fast
511.05,fast,fast
511.1,slow,fast
511.15,slow,fast
511.2000000000001,slow,slow
511.25,fast,slow
511.3,fast,fast
511.35,slow,fast
511.4,slow,slow
511.4500000000001,fast,fast
511.5,fast,fast
511.55,fast,fast
511.6,fast,fast
511.65,fast,fast
511.7000000000001,fast,fast
511.75,slow,fast
511.8,fast,fast
511.85,fast,fast
511.9,fast,fast
511.9500000000001,fast,slow
512.0,fast,fast
512.0500000000001,slow,fast
512.1,fast,fast
512.15,fast,fast
512.2,fast,fast
512.25,fast,fast
512.3000000000001,fast,fast
512.35,fast,fast
512.4,fast,fast
512.45,fast,fast
512.5,fast,fast
512.5500000000001,fast,fast
512.6,fast,fast
512.65,fast,fast
512.7,fast,fast
512.75,fast,fast
512.8000000000001,fast,fast
512.85,fast,fast
512.9,fast,fast
512.95,fast,fast
513.0,fast,fast
513.0500000000001,fast,fast
513.1,fast,fast
513.15,fast,fast
513.2,fast,fast
513.25,fast,fast
513.3000000000001,fast,fast
513.35,fast,fast
513.4,fast,slow
513.45,slow,fast
513.5,slow,fast
513.5500000000001,fast,fast
513.6,fast,fast
513.65,fast,slow
513.7,fast,slow
513.75,fast,fast
513.8000000000001,fast,fast
513.85,fast,slow
513.9,fast,slow
513.95,fast,fast
514.0,fast,fast
514.0500000000001,fast,fast
514.1,fast,fast
514.15,fast,fast
514.2,fast,fast
514.25,fast,fast
514.3000000000001,fast,fast
514.35,fast,fast
514.4,fast,fast
514.45,fast,fast
514.5,fast,fast
514.5500000000001,fast,fast
514.6,fast,fast
514.65,fast,fast
514.7,fast,fast
514.75,fast,fast
514.8000000000001,fast,fast
514.85,fast,fast
514.9,fast,fast
514.95,fast,fast
515.0,fast,fast
515.0500000000001,fast,fast
515.1,fast,slow
515.15,fast,fast
515.2,fast,fast
515.25,fast,fast
515.3000000000001,fast,fast
515.35,fast,fast
515.4,fast,slow
515.45,fast,fast
515.5,fast,fast
515.5500000000001,fast,fast
515.6,fast,fast
515.65,fast,fast
515.7,fast,fast
515.75,fast,slow
515.8000000000001,slow,fast
515.85,slow,slow
515.9,slow,slow
515.95,fast,slow
516.0,fast,slow
516.0500000000001,fast,fast
516.1,fast,fast
516.15,fast,fast
516.2,fast,fast
516.25,fast,fast
516.3000000000001,fast,fast
516.35,fast,fast
516.4,fast,fast
516.45,fast,slow
516.5,fast,fast
516.5500000000001,fast,fast
516.6,fast,fast
516.65,fast,fast
516.7,fast,fast
516.75,fast,fast
516.8000000000001,fast,fast
516.85,fast,fast
516.9,fast,fast
516.95,fast,fast
517.0,fast,fast
517.0500000000001,fast,fast
517.1,fast,fast
517.15,fast,fast
517.2,fast,fast
517.25,fast,fast
517.3000000000001,fast,fast
517.35,fast,fast
517.4,fast,fast
517.45,fast,fast
517.5,fast,fast
517.5500000000001,fast,fast
517.6,fast,fast
517.65,fast,fast
517.7,fast,fast
517.75,fast,fast
517.8000000000001,fast,fast
517.85,fast,fast
517.9,fast,fast
517.95,fast,fast
518.0,fast,fast
518.0500000000001,slow,fast
518.1,slow,fast
518.15,slow,still
518.2,slow,slow
518.25,slow,slow
518.3000000000001,slow,slow
518.35,slow,slow
518.4,slow,slow
518.45,slow,still
518.5,slow,still
518.5500000000001,slow,still
518.6,slow,still
518.65,slow,slow
518.7,slow,still
518.75,slow,still
518.8000000000001,slow,slow
518.85,slow,slow
518.9,slow,slow
518.95,slow,slow
519.0,slow,still
519.0500000000001,slow,slow
519.1,slow,slow
519.15,slow,slow
519.2,slow,slow
519.25,slow,slow
519.3000000000001,slow,fast
519.35,fast,fast
519.4,fast,fast
519.45,fast,fast
519.5,fast,slow
519.5500000000001,fast,fast
519.6,fast,slow
519.65,fast,fast
519.7,fast,fast
519.75,fast,fast
519.8000000000001,fast,fast
519.85,fast,fast
519.9,fast,fast
519.95,fast,fast
520.0,fast,fast
520.0500000000001,fast,fast
520.1,fast,fast
520.15,fast,fast
520.2,fast,fast
520.25,fast,fast
520.3000000000001,fast,fast
520.35,fast,fast
520.4,fast,fast
520.45,fast,fast
520.5,fast,fast
520.5500000000001,fast,fast
520.6,fast,fast
520.65,fast,fast
520.7,fast,fast
520.75,fast,fast
520.8000000000001,fast,fast
520.85,fast,fast
520.9,fast,fast
520.95,fast,fast
521.0,fast,fast
521.0500000000001,fast,fast
521.1,fast,fast
521.15,fast,fast
521.2,fast,fast
521.25,fast,fast
521.3000000000001,fast,fast
521.35,fast,fast
521.4,fast,fast
521.45,fast,fast
521.5,fast,slow
521.5500000000001,fast,slow
521.6,fast,fast
521.65,fast,fast
521.7,fast,fast
521.75,fast,fast
521.8000000000001,fast,fast
521.85,fast,slow
521.9,fast,fast
521.95,slow,slow
522.0,fast,slow
522.0500000000001,fast,slow
522.1,slow,fast
522.15,slow,fast
522.2,fast,slow
522.25,fast,slow
522.3000000000001,slow,fast
522.35,fast,slow
522.4,slow,slow
522.45,slow,slow
522.5,fast,still
522.5500000000001,fast,slow
522.6,fast,fast
522.65,fast,fast
522.7,fast,fast
522.75,fast,fast
522.8000000000001,fast,fast
522.85,fast,fast
522.9,fast,slow
522.95,fast,fast
523.0,fast,fast
523.0500000000001,fast,fast
523.1,fast,fast
523.15,fast,fast
523.2,fast,fast
523.25,fast,fast
523.3000000000001,fast,fast
523.35,fast,fast
523.4,fast,fast
523.45,fast,fast
523.5,fast,fast
523.5500000000001,slow,fast
523.6,fast,fast
523.65,fast,fast
523.7,fast,fast
523.75,fast,fast
523.8000000000001,fast,slow
523.85,fast,fast
523.9,fast,fast
523.95,fast,fast
524.0,fast,fast
524.0500000000001,fast,fast
524.1,fast,fast
524.15,fast,fast
524.2,fast,fast
524.25,fast,fast
524.3000000000001,slow,fast
524.35,fast,fast
524.4,fast,fast
524.45,fast,fast
524.5,slow,slow
524.5500000000001,fast,slow
524.6,fast,fast
524.65,fast,fast
524.7,fast,slow
524.75,slow,fast
524.8000000000001,slow,fast
524.85,slow,fast
524.9,slow,slow
524.95,slow,slow
525.0,slow,slow
525.0500000000001,slow,still
525.1,slow,slow
525.15,slow,slow
525.2,slow,still
525.25,slow,still
525.3000000000001,slow,still
525.35,slow,still
525.4,slow,still
525.45,slow,slow
525.5,slow,slow
525.5500000000001,slow,slow
525.6,slow,slow
525.65,slow,slow
525.7,fast,slow
525.75,fast,slow
525.8000000000001,fast,fast
525.85,fast,fast
525.9,fast,slow
525.95,slow,fast
526.0,slow,fast
526.0500000000001,slow,fast
526.1,slow,slow
526.15,slow,fast
526.2,slow,fast
526.25,slow,slow
526.3000000000001,fast,slow
526.35,slow,fast
526.4,fast,fast
526.45,fast,fast
526.5,fast,fast
526.5500000000001,fast,fast
526.6,fast,fast
526.65,fast,fast
526.7,fast,fast
526.75,fast,fast
526.8000000000001,fast,fast
526.85,fast,fast
526.9,fast,fast
526.95,fast,fast
527.0,fast,fast
527.0500000000001,fast,fast
527.1,slow,slow
527.15,slow,slow
527.2,slow,slow
527.25,slow,slow
527.3000000000001,slow,fast
527.35,slow,fast
527.4,fast,fast
527.45,fast,slow
527.5,fast,slow
527.5500000000001,fast,slow
527.6,fast,fast
527.65,fast,fast
527.7,fast,fast
527.75,fast,fast
527.8000000000001,fast,slow
527.85,slow,slow
527.9,slow,slow
527.95,fast,slow
528.0,slow,slow
528.0500000000001,slow,fast
528.1,slow,fast
528.15,slow,slow
528.2,fast,slow
528.25,fast,fast
528.3000000000001,fast,slow
528.35,fast,slow
528.4,fast,fast
528.45,fast,fast
528.5,fast,fast
528.5500000000001,slow,fast
528.6,fast,fast
528.65,fast,fast
528.7,fast,fast
528.75,fast,fast
528.8000000000001,fast,fast
528.85,fast,fast
528.9,fast,fast
528.95,fast,fast
529.0,fast,fast
529.0500000000001,fast,fast
529.1,fast,fast
529.15,fast,fast
529.2,fast,fast
529.25,fast,fast
529.3000000000001,fast,fast
529.35,fast,fast
529.4,fast,fast
529.45,slow,fast
529.5,slow,slow
529.5500000000001,slow,slow
529.6,slow,slow
529.65,fast,fast
529.7,fast,fast
529.75,fast,fast
529.8000000000001,fast,fast
529.85,fast,fast
529.9,slow,slow
529.95,slow,fast
530.0,slow,fast
530.0500000000001,slow,slow
530.1,fast,slow
530.15,slow,fast
530.2,slow,fast
530.25,fast,fast
530.3000000000001,fast,fast
530.35,slow,fast
530.4,slow,fast
530.45,slow,slow
530.5,slow,slow
530.5500000000001,slow,slow
530.6,slow,slow
530.65,slow,slow
530.7,slow,still
530.75,slow,still
530.8000000000001,slow,slow
530.85,slow,slow
530.9,slow,slow
530.95,slow,slow
531.0,slow,slow
531.0500000000001,slow,fast
531.1,slow,slow
531.15,slow,still
531.2,slow,still
531.25,slow,slow
531.3000000000001,slow,slow
531.35,slow,fast
531.4,slow,slow
531.45,fast,slow
531.5,slow,slow
531.5500000000001,slow,slow
531.6,slow,slow
531.65,slow,slow
531.7,fast,slow
531.75,fast,fast
531.8000000000001,fast,fast
531.85,fast,fast
531.9,fast,fast
531.95,fast,fast
532.0,fast,fast
532.0500000000001,fast,slow
532.1,fast,fast
532.15,fast,fast
532.2,fast,fast
532.25,fast,fast
532.3000000000001,fast,fast
532.35,fast,fast
532.4,fast,fast
532.45,fast,fast
532.5,fast,fast
532.5500000000001,fast,fast
532.6,fast,fast
532.65,fast,fast
532.7,fast,fast
532.75,fast,fast
532.8000000000001,fast,fast
532.85,fast,fast
532.9,fast,fast
532.95,fast,fast
533.0,fast,fast
533.0500000000001,fast,fast
533.1,fast,fast
533.15,fast,fast
533.2,slow,fast
533.25,slow,slow
533.3000000000001,slow,slow
533.35,slow,slow
533.4,slow,fast
533.45,fast,slow
533.5,fast,fast
533.5500000000001,fast,fast
533.6,fast,fast
533.65,slow,fast
533.7,slow,fast
533.75,slow,fast
533.8000000000001,slow,slow
533.85,slow,slow
533.9,slow,slow
533.95,slow,slow
534.0,slow,slow
534.0500000000001,slow,slow
534.1,slow,slow
534.15,slow,slow
534.2,slow,slow
534.25,slow,slow
534.3000000000001,slow,slow
534.35,slow,slow
534.4,slow,slow
534.45,slow,fast
534.5,slow,slow
534.5500000000001,slow,slow
534.6,slow,slow
534.65,slow,slow
534.7,slow,slow
534.75,slow,slow
534.8000000000001,slow,slow
534.85,slow,slow
534.9,slow,slow
534.95,slow,slow
535.0,slow,slow
535.0500000000001,slow,slow
535.1,slow,slow
535.15,slow,slow
535.2,slow,slow
535.25,slow,slow
535.3000000000001,slow,still
535.35,slow,still
535.4,slow,still
535.45,slow,still
535.5,slow,still
535.5500000000001,slow,still
535.6,slow,still
535.65,slow,slow
535.7,slow,still
535.75,slow,still
535.8000000000001,slow,still
535.85,slow,slow
535.9,slow,slow
535.95,slow,slow
536.0,slow,slow
536.0500000000001,slow,slow
536.1,slow,slow
536.15,slow,slow
536.2,slow,slow
536.25,slow,slow
536.3000000000001,slow,still
536.35,slow,still
536.4,slow,still
536.45,slow,slow
536.5,slow,slow
536.5500000000001,slow,slow
536.6,slow,slow
536.65,slow,slow
536.7,slow,slow
536.75,slow,slow
536.8000000000001,slow,still
536.85,slow,slow
536.9,slow,slow
536.95,slow,slow
537.0,slow,still
537.0500000000001,slow,slow
537.1,slow,slow
537.15,slow,slow
537.2,fast,fast
537.25,fast,fast
537.3000000000001,fast,fast
537.35,fast,fast
537.4,fast,fast
537.45,fast,fast
537.5,fast,fast
537.5500000000001,slow,fast
537.6,fast,slow
537.65,fast,slow
537.7,fast,slow
537.75,fast,fast
537.8000000000001,slow,fast
537.85,fast,fast
537.9,fast,slow
537.95,slow,slow
538.0,slow,slow
538.0500000000001,slow,fast
538.1,slow,slow
538.15,slow,slow
538.2,slow,slow
538.25,slow,slow
538.3000000000001,slow,slow
538.35,slow,fast
538.4,slow,slow
538.45,slow,slow
538.5,slow,slow
538.5500000000001,fast,fast
538.6,fast,slow
538.65,slow,fast
538.7,slow,fast
538.75,slow,slow
538.8000000000001,fast,slow
538.85,fast,fast
538.9,fast,fast
538.95,fast,fast
539.0,fast,fast
539.0500000000001,fast,fast
539.1,slow,fast
539.15,slow,fast
539.2,slow,fast
539.25,slow,fast
539.3000000000001,slow,slow
539.35,slow,slow
539.4,slow,slow
539.45,slow,slow
539.5,fast,slow
539.5500000000001,fast,slow
539.6,slow,fast
539.65,slow,fast
539.7,fast,fast
539.75,fast,fast
539.8000000000001,fast,fast
539.85,fast,slow
539.9,fast,fast
539.95,slow,fast
540.0,slow,fast
540.0500000000001,slow,slow
540.1,fast,fast
540.15,fast,fast
540.2,fast,fast
540.25,fast,fast
540.3000000000001,fast,fast
540.35,fast,fast
540.4,fast,fast
540.45,fast,fast
540.5,fast,fast
540.5500000000001,fast,fast
540.6,fast,fast
540.65,fast,fast
540.7,fast,fast
540.75,slow,fast
540.8000000000001,fast,fast
540.85,fast,fast
540.9,fast,fast
540.95,fast,fast
541.0,slow,fast
541.0500000000001,fast,slow
541.1,fast,slow
541.15,slow,fast
541.2,fast,fast
541.25,slow,fast
541.3000000000001,slow,slow
541.35,slow,slow
541.4,slow,slow
541.45,slow,still
541.5,still,still
541.5500000000001,slow,still
541.6,slow,still
541.65,slow,still
541.7,slow,still
541.75,slow,still
541.8000000000001,slow,slow
541.85,slow,still
541.9,slow,still
541.95,slow,still
542.0,still,still
542.0500000000001,still,still
542.1,still,still
542.15,still,still
542.2,slow,still
542.25,still,still
542.3000000000001,slow,still
542.35,slow,still
542.4,slow,slow
542.45,still,still
542.5,slow,still
542.5500000000001,slow,still
542.6,slow,still
542.65,still,still
542.7,slow,still
542.75,still,still
542.8000000000001,still,still
542.85,still,still
542.9,still,still
542.95,still,still
543.0,still,still
543.0500000000001,still,still
543.1,slow,still
543.15,slow,still
543.2,slow,slow
543.25,slow,slow
543.3000000000001,slow,slow
543.35,slow,slow
543.4,slow,slow
543.45,slow,slow
543.5,slow,slow
543.5500000000001,slow,slow
543.6,slow,slow
543.65,slow,slow
543.7,slow,slow
543.75,slow,slow
543.8000000000001,slow,slow
543.85,slow,slow
543.9,slow,slow
543.95,fast,slow
544.0,fast,slow
544.0500000000001,fast,fast
544.1,slow,fast
544.15,slow,slow
544.2,slow,fast
544.25,slow,fast
544.3000000000001,slow,fast
544.35,fast,slow
544.4,fast,fast
544.45,slow,fast
544.5,slow,fast
544.5500000000001,slow,slow
544.6,slow,slow
544.65,slow,slow
544.7,slow,slow
544.75,fast,slow
544.8000000000001,fast,slow
544.85,fast,slow
544.9,fast,fast
544.95,fast,fast
545.0,fast,fast
545.0500000000001,fast,fast
545.1,fast,fast
545.15,slow,fast
545.2,slow,fast
545.25,slow,slow
545.3000000000001,slow,slow
545.35,slow,slow
545.4,slow,slow
545.45,slow,slow
545.5,fast,slow
545.5500000000001,fast,slow
545.6,fast,slow
545.65,fast,slow
545.7,fast,fast
545.75,fast,fast
545.8000000000001,fast,fast
545.85,slow,slow
545.9,slow,slow
545.95,fast,slow
546.0,fast,slow
546.0500000000001,slow,slow
546.1,fast,slow
546.15,fast,fast
546.2,slow,slow
546.25,fast,slow
546.3000000000001,slow,slow
546.35,slow,slow
546.4,slow,slow
546.45,slow,slow
546.5,slow,slow
546.5500000000001,slow,fast
546.6,fast,fast
546.65,fast,fast
546.7,fast,fast
546.75,fast,fast
546.8000000000001,fast,fast
546.85,fast,slow
546.9,fast,fast
546.95,fast,fast
547.0,fast,fast
547.0500000000001,fast,fast
547.1,slow,fast
547.15,fast,slow
547.2,fast,fast
547.25,fast,fast
547.3000000000001,slow,fast
547.35,fast,fast
547.4,fast,fast
547.45,fast,fast
547.5,fast,fast
547.5500000000001,fast,fast
547.6,fast,fast
547.65,fast,fast
547.7,fast,fast
547.75,fast,fast
547.8000000000001,fast,fast
547.85,fast,fast
547.9,fast,fast
547.95,fast,fast
548.0,fast,fast
548.0500000000001,fast,fast
548.1,fast,fast
548.15,fast,fast
548.2,fast,fast
548.25,fast,fast
548.3000000000001,fast,fast
548.35,fast,fast
548.4,fast,slow
548.45,fast,slow
548.5,fast,fast
548.5500000000001,fast,fast
548.6,fast,slow
548.65,slow,fast
548.7,slow,fast
548.75,slow,fast
548.8000000000001,slow,slow
548.85,fast,slow
548.9,fast,slow
548.95,fast,fast
549.0,fast,slow
549.0500000000001,fast,slow
549.1,fast,fast
549.15,fast,fast
549.2,fast,fast
549.25,fast,fast
549.3000000000001,fast,fast
549.35,slow,slow
549.4,slow,slow
549.45,slow,slow
549.5,slow,slow
549.5500000000001,slow,slow
549.6,slow,fast
549.65,slow,fast
549.7,slow,slow
549.75,slow,slow
549.8000000000001,slow,still
549.85,slow,still
549.9,slow,still
549.95,slow,slow
550.0,slow,slow
550.0500000000001,slow,slow
550.1,fast,slow
550.15,fast,slow
550.2,fast,slow
550.25,slow,fast
550.3000000000001,slow,slow
550.35,slow,slow
550.4,slow,slow
550.45,slow,slow
550.5,slow,slow
550.5500000000001,slow,slow
550.6,slow,slow
550.65,fast,slow
550.7,fast,fast
550.75,slow,fast
550.8000000000001,slow,fast
550.85,fast,slow
550.9,fast,slow
550.95,fast,fast
551.0,fast,fast
551.0500000000001,fast,fast
551.1,fast,fast
551.15,fast,fast
551.2,fast,fast
551.25,fast,fast
551.3000000000001,fast,fast
551.35,fast,fast
551.4,fast,fast
551.45,fast,fast
551.5,fast,fast
551.5500000000001,fast,fast
551.6,fast,fast
551.65,fast,fast
551.7,fast,fast
551.75,fast,fast
551.8000000000001,fast,fast
551.85,slow,fast
551.9,slow,fast
551.95,fast,slow
552.0,fast,slow
552.0500000000001,fast,fast
552.1,fast,fast
552.15,fast,fast
552.2,fast,fast
552.25,fast,fast
552.3000000000001,fast,fast
552.35,fast,fast
552.4,fast,fast
552.45,fast,fast
552.5,slow,slow
552.5500000000001,slow,slow
552.6,slow,slow
552.65,fast,slow
552.7,fast,slow
552.75,fast,fast
552.8000000000001,fast,fast
552.85,fast,fast
552.9,fast,fast
552.95,fast,fast
553.0,fast,fast
553.0500000000001,fast,fast
553.1,fast,fast
553.15,fast,fast
553.2,fast,fast
553.25,fast,fast
553.3000000000001,fast,fast
553.35,fast,fast
553.4,fast,fast
553.45,fast,fast
553.5,fast,fast
553.5500000000001,fast,fast
553.6,fast,fast
553.65,fast,fast
553.7,fast,fast
553.75,fast,fast
553.8000000000001,fast,slow
553.85,fast,fast
553.9,fast,fast
553.95,fast,fast
554.0,slow,fast
554.0500000000001,fast,fast
554.1,fast,fast
554.15,fast,fast
554.2,slow,fast
554.25,slow,fast
554.3000000000001,fast,fast
554.35,fast,fast
554.4,fast,fast
554.45,fast,fast
554.5,fast,fast
554.5500000000001,fast,fast
554.6,fast,fast
554.65,fast,fast
554.7,slow,fast
554.75,slow,slow
554.8000000000001,slow,slow
554.85,slow,slow
554.9,slow,slow
554.95,fast,fast
555.0,fast,fast
555.0500000000001,fast,fast
555.1,fast,fast
555.15,fast,slow
555.2,fast,fast
555.25,fast,fast
555.3000000000001,fast,fast
555.35,fast,fast
555.4,fast,fast
555.45,fast,fast
555.5,fast,fast
555.5500000000001,fast,fast
555.6,fast,fast
555.65,fast,fast
555.7,fast,fast
555.75,fast,fast
555.8000000000001,fast,fast
555.85,fast,slow
555.9,fast,fast
555.95,fast,fast
556.0,fast,fast
556.0500000000001,fast,fast
556.1,fast,fast
556.15,fast,fast
556.2,fast,fast
556.25,fast,fast
556.3000000000001,fast,fast
556.35,fast,fast
556.4,fast,fast
556.45,fast,fast
556.5,fast,slow
556.5500000000001,slow,slow
556.6,slow,slow
556.65,slow,slow
556.7,slow,slow
556.75,fast,slow
556.8000000000001,fast,slow
556.85,slow,slow
556.9,slow,slow
556.95,slow,slow
557.0,slow,slow
557.0500000000001,fast,slow
557.1,fast,slow
557.15,fast,fast
557.2,fast,fast
557.25,fast,fast
557.3000000000001,fast,fast
557.35,fast,slow
557.4,fast,slow
557.45,fast,fast
557.5,fast,fast
557.5500000000001,fast,fast
557.6,fast,fast
557.65,fast,fast
557.7,fast,fast
557.75,fast,fast
557.8000000000001,fast,fast
557.85,fast,fast
557.9,fast,fast
557.95,fast,slow
558.0,fast,slow
558.0500000000001,fast,slow
558.1,fast,slow
558.15,fast,fast
558.2,fast,fast
558.25,fast,fast
558.3000000000001,slow,fast
558.35,slow,fast
558.4,slow,slow
558.45,slow,slow
558.5,slow,slow
558.5500000000001,slow,slow
558.6,fast,slow
558.65,slow,slow
558.7,slow,fast
558.75,slow,slow
558.8000000000001,slow,slow
558.85,fast,slow
558.9,fast,fast
558.95,fast,fast
559.0,fast,slow
559.0500000000001,fast,fast
559.1,fast,fast
559.15,fast,fast
559.2,fast,fast
559.25,fast,fast
559.3000000000001,slow,fast
559.35,slow,slow
559.4,fast,slow
559.45,fast,fast
559.5,fast,slow
559.5500000000001,fast,fast
559.6,fast,fast
559.65,fast,fast
559.7,fast,fast
559.75,fast,fast
559.8000000000001,fast,fast
559.85,fast,fast
559.9,fast,fast
559.95,fast,slow
560.0,fast,slow
560.0500000000001,fast,slow
560.1,slow,fast
560.15,slow,fast
560.2,slow,fast
560.25,slow,slow
560.3000000000001,slow,still
560.35,still,still
560.4,still,still
560.45,slow,still
560.5,slow,still
560.5500000000001,slow,slow
560.6,slow,slow
560.65,slow,slow
560.7,slow,slow
560.75,slow,slow
560.8000000000001,slow,slow
560.85,slow,slow
560.9,fast,slow
560.95,fast,slow
561.0,fast,slow
561.0500000000001,fast,fast
561.1,slow,fast
561.15,slow,slow
561.2,slow,slow
561.25,slow,slow
561.3000000000001,slow,slow
561.35,slow,slow
561.4,slow,still
561.45,slow,slow
561.5,slow,slow
561.5500000000001,slow,slow
561.6,slow,slow
561.65,slow,slow
561.7,slow,slow
561.75,slow,slow
561.8000000000001,slow,slow
561.85,slow,slow
561.9,slow,slow
561.95,slow,still
562.0,slow,slow
562.0500000000001,slow,fast
562.1,slow,slow
562.15,slow,slow
562.2,slow,slow
562.25,slow,slow
562.3000000000001,slow,still
562.35,slow,slow
562.4,slow,slow
562.45,still,slow
562.5,still,still
562.5500000000001,slow,still
562.6,slow,still
562.65,slow,slow
562.7,fast,slow
562.75,slow,slow
562.8000000000001,slow,slow
562.85,fast,slow
562.9,fast,fast
562.95,fast,fast
563.0,fast,fast
563.0500000000001,fast,fast
563.1,fast,fast
563.15,fast,fast
563.2,fast,fast
563.25,fast,fast
563.3000000000001,fast,fast
563.35,fast,fast
563.4,fast,fast
563.45,fast,fast
563.5,fast,fast
563.5500000000001,fast,fast
563.6,fast,fast
563.65,fast,fast
563.7,fast,fast
563.75,slow,fast
563.8000000000001,slow,fast
563.85,slow,slow
563.9,slow,fast
563.95,fast,slow
564.0,fast,fast
564.0500000000001,fast,fast
564.1,fast,fast
564.15,fast,fast
564.2,fast,fast
564.25,fast,fast
564.3000000000001,fast,fast
564.35,fast,fast
564.4,fast,fast
564.45,fast,fast
564.5,fast,fast
564.5500000000001,fast,fast
564.6,fast,fast
564.65,fast,fast
564.7,fast,fast
564.75,fast,fast
564.8000000000001,fast,fast
564.85,fast,fast
564.9,fast,fast
564.95,fast,fast
565.0,fast,fast
565.0500000000001,fast,fast
565.1,fast,fast
565.15,fast,fast
565.2,fast,fast
565.25,slow,slow
565.3000000000001,slow,slow
565.35,slow,slow
565.4,slow,slow
565.45,fast,slow
565.5,slow,slow
565.5500000000001,slow,slow
565.6,slow,slow
565.65,fast,slow
565.7,fast,slow
565.75,fast,fast
565.8000000000001,fast,fast
565.85,fast,fast
565.9,fast,fast
565.95,fast,fast
566.0,fast,fast
566.0500000000001,fast,fast
566.1,fast,fast
566.15,fast,fast
566.2,slow,fast
566.25,slow,slow
566.3000000000001,slow,slow
566.35,fast,slow
566.4,slow,slow
566.45,slow,fast
566.5,slow,slow
566.5500000000001,slow,slow
566.6,fast,slow
566.65,slow,slow
566.7,fast,slow
566.75,fast,fast
566.8000000000001,fast,fast
566.85,slow,fast
566.9,fast,slow
566.95,slow,fast
567.0,fast,fast
567.0500000000001,slow,slow
567.1,slow,fast
567.15,slow,fast
567.2,fast,slow
567.25,fast,slow
567.3000000000001,slow,slow
567.35,fast,fast
567.4,fast,slow
567.45,slow,slow
567.5,slow,slow
567.5500000000001,slow,slow
567.6,fast,slow
567.65,fast,slow
567.7,fast,fast
567.75,fast,fast
567.8000000000001,fast,fast
567.85,slow,fast
567.9,slow,fast
567.95,slow,fast
568.0,fast,fast
568.0500000000001,fast,fast
568.1,slow,slow
568.15,slow,slow
568.2,slow,fast
568.25,slow,slow
568.3000000000001,slow,slow
568.35,slow,slow
568.4,fast,slow
568.45,fast,slow
568.5,fast,fast
568.5500000000001,fast,fast
568.6,fast,fast
568.65,slow,fast
568.7,fast,slow
568.75,fast,slow
568.8000000000001,fast,fast
568.85,fast,fast
568.9,fast,slow
568.95,fast,slow
569.0,fast,fast
569.0500000000001,slow,slow
569.1,slow,slow
569.15,slow,slow
569.2,slow,slow
569.25,slow,slow
569.3000000000001,fast,slow
569.35,fast,fast
569.4,slow,fast
569.45,slow,fast
569.5,slow,fast
569.5500000000001,slow,slow
569.6,fast,slow
569.65,slow,slow
569.7,slow,slow
569.75,slow,slow
569.8000000000001,slow,slow
569.85,slow,fast
569.9,fast,slow
569.95,fast,slow
570.0,fast,fast
570.0500000000001,fast,fast
570.1,fast,fast
570.15,fast,fast
570.2,fast,fast
570.25,fast,fast
570.3000000000001,fast,fast
570.35,fast,fast
570.4,slow,fast
570.45,slow,slow
570.5,slow,slow
570.5500000000001,slow,fast
570.6,slow,slow
570.65,slow,still
570.7,slow,still
570.75,slow,slow
570.8000000000001,slow,slow
570.85,slow,fast
570.9,slow,slow
570.95,slow,slow
571.0,slow,slow
571.0500000000001,slow,slow
571.1,still,slow
571.15,still,still
571.2,slow,still
571.25,slow,still
571.3000000000001,slow,still
571.35,slow,still
571.4,slow,still
571.45,slow,still
571.5,slow,slow
571.5500000000001,slow,still
571.6,slow,still
571.65,slow,slow
571.7,slow,still
571.75,slow,still
571.8000000000001,slow,still
571.85,slow,still
571.9,slow,still
571.95,slow,still
572.0,slow,still
572.0500000000001,slow,slow
572.1,slow,slow
572.15,slow,fast
572.2,slow,fast
572.25,fast,slow
572.3000000000001,slow,fast
572.35,slow,slow
572.4,slow,slow
572.45,slow,slow
572.5,slow,slow
572.5500000000001,slow,slow
572.6,slow,slow
572.65,slow,still
572.7,slow,still
572.75,slow,still
572.8000000000001,slow,slow
572.85,slow,slow
572.9,slow,still
572.95,slow,slow
573.0,fast,fast
573.0500000000001,fast,fast
573.1,fast,fast
573.15,fast,fast
573.2,fast,fast
573.25,slow,fast
573.3000000000001,fast,fast
573.35,slow,slow
573.4,slow,slow
573.45,slow,slow
573.5,slow,slow
573.5500000000001,slow,still
573.6,fast,slow
573.65,slow,fast
573.7,slow,fast
573.75,slow,fast
573.8000000000001,still,slow
573.85,still,still
573.9,slow,still
573.95,slow,still
574.0,slow,still
574.0500000000001,slow,still
574.1,slow,still
574.15,slow,slow
574.2,slow,slow
574.25,slow,slow
574.3000000000001,slow,slow
574.35,slow,slow
574.4,fast,fast
574.45,slow,slow
574.5,slow,slow
574.5500000000001,slow,slow
574.6,slow,slow
574.65,fast,slow
574.7,slow,fast
574.75,slow,slow
574.8000000000001,slow,slow
574.85,slow,slow
574.9,slow,still
574.95,slow,slow
575.0,slow,slow
575.0500000000001,slow,slow
575.1,slow,slow
575.15,fast,fast
575.2,slow,slow
575.25,slow,slow
575.3000000000001,slow,slow
575.35,slow,slow
575.4,slow,slow
575.45,slow,slow
575.5,slow,slow
575.5500000000001,fast,slow
575.6,fast,fast
575.65,fast,fast
575.7,fast,fast
575.75,fast,fast
575.8000000000001,fast,fast
575.85,fast,fast
575.9,fast,fast
575.95,fast,fast
576.0,fast,fast
576.0500000000001,fast,fast
576.1,fast,fast
576.15,fast,fast
576.2,fast,fast
576.25,fast,fast
576.3000000000001,fast,fast
576.35,fast,fast
576.4,fast,fast
576.45,fast,fast
576.5,fast,fast
576.5500000000001,fast,fast
576.6,fast,fast
576.65,fast,fast
576.7,fast,fast
576.75,fast,fast
576.8000000000001,fast,fast
576.85,fast,fast
576.9,fast,fast
576.95,fast,fast
577.0,fast,fast
577.0500000000001,fast,fast
577.1,fast,fast
577.15,fast,fast
577.2,fast,fast
577.25,fast,fast
577.3000000000001,fast,fast
577.35,fast,fast
577.4,fast,fast
577.45,fast,fast
577.5,fast,fast
577.5500000000001,fast,fast
577.6,fast,fast
577.65,fast,fast
577.7,fast,fast
577.75,fast,fast
577.8000000000001,fast,fast
577.85,fast,fast
577.9,fast,fast
577.95,fast,slow
578.0,slow,fast
578.0500000000001,fast,fast
578.1,fast,slow
578.15,fast,fast
578.2,fast,fast
578.25,fast,fast
578.3000000000001,fast,fast
578.35,fast,fast
578.4,fast,fast
578.45,fast,fast
578.5,fast,fast
578.5500000000001,fast,fast
578.6,fast,fast
578.65,fast,fast
578.7,fast,fast
578.75,fast,fast
578.8000000000001,fast,slow
578.85,fast,slow
578.9,fast,slow
578.95,fast,fast
579.0,fast,slow
579.0500000000001,slow,fast
579.1,fast,fast
579.15,slow,fast
579.2,slow,fast
579.25,slow,slow
579.3000000000001,fast,slow
579.35,slow,slow
579.4,slow,slow
579.45,fast,slow
579.5,slow,slow
579.5500000000001,slow,slow
579.6,fast,slow
579.65,fast,slow
579.7,fast,fast
579.75,fast,fast
579.8000000000001,fast,fast
579.85,fast,fast
579.9,fast,fast
579.95,fast,fast
580.0,fast,fast
580.0500000000001,fast,fast
580.1,fast,fast
580.15,fast,fast
580.2,fast,fast
580.25,fast,fast
580.3000000000001,fast,fast
580.35,fast,fast
580.4,fast,fast
580.45,fast,fast
580.5,fast,fast
580.5500000000001,fast,fast
580.6,fast,fast
580.65,fast,fast
580.7,fast,fast
580.75,fast,fast
580.8000000000001,fast,fast
580.85,fast,fast
580.9,fast,fast
580.95,fast,fast
581.0,fast,fast
581.0500000000001,fast,slow
581.1,fast,slow
581.15,fast,fast
581.2,fast,fast
581.25,fast,fast
581.3000000000001,fast,fast
581.35,fast,fast
581.4,fast,fast
581.45,fast,fast
581.5,fast,fast
581.5500000000001,slow,fast
581.6,slow,slow
581.65,slow,slow
581.7,slow,slow
581.75,slow,slow
581.8000000000001,still,still
581.85,still,still
581.9,still,still
581.95,still,still
582.0,slow,still
582.0500000000001,slow,still
582.1,still,still
582.15,still,still
582.2,still,still
582.25,still,still
582.3000000000001,still,still
582.35,still,still
582.4,still,still
582.45,still,still
582.5,still,still
582.5500000000001,still,still
582.6,still,still
582.65,slow,still
582.7,slow,still
582.75,slow,still
582.8000000000001,slow,slow
582.85,slow,still
582.9,slow,still
582.95,slow,slow
583.0,slow,slow
583.0500000000001,slow,slow
583.1,slow,slow
583.15,slow,slow
583.2,slow,slow
583.25,slow,fast
583.3000000000001,slow,slow
583.35,slow,slow
583.4,slow,slow
583.45,slow,slow
583.5,slow,slow
583.5500000000001,slow,slow
583.6,slow,slow
583.65,slow,slow
583.7,fast,slow
583.75,fast,slow
583.8000000000001,fast,fast
583.85,fast,fast
583.9,fast,fast
583.95,fast,fast
584.0,slow,fast
584.0500000000001,fast,slow
584.1,fast,slow
584.15,fast,fast
584.2,fast,fast
584.25,fast,fast
584.3000000000001,fast,fast
584.35,fast,fast
584.4,fast,slow
584.45,fast,slow
584.5,fast,fast
584.5500000000001,fast,fast
584.6,fast,fast
584.65,fast,fast
584.7,fast,fast
584.75,fast,fast
584.8000000000001,fast,fast
584.85,fast,fast
584.9,fast,fast
584.95,fast,fast
585.0,fast,fast
585.0500000000001,fast,fast
585.1,fast,fast
585.15,slow,fast
585.2,slow,fast
585.25,fast,slow
585.3000000000001,fast,slow
585.35,fast,slow
585.4,slow,slow
585.45,slow,slow
585.5,slow,slow
585.5500000000001,slow,fast
585.6,fast,fast
585.65,fast,fast
585.7,slow,fast
585.75,slow,slow
585.8000000000001,slow,slow
585.85,slow,slow
585.9,slow,still
585.95,slow,slow
586.0,slow,slow
586.0500000000001,slow,still
586.1,still,still
586.15,still,still
586.2,slow,still
586.25,slow,still
586.3000000000001,still,still
586.35,still,still
586.4,slow,still
586.45,slow,still
586.5,slow,still
586.5500000000001,slow,slow
586.6,slow,slow
586.65,slow,slow
586.7,slow,slow
586.75,slow,slow
586.8000000000001,slow,slow
586.85,slow,slow
586.9,slow,fast
586.95,slow,fast
587.0,slow,slow
587.0500000000001,slow,slow
587.1,slow,still
587.15,slow,still
587.2,slow,still
587.25,slow,slow
587.3000000000001,slow,slow
587.35,slow,slow
587.4,slow,still
587.45,slow,still
587.5,slow,slow
587.5500000000001,slow,still
587.6,still,still
587.65,still,still
587.7,still,still
587.75,still,still
587.8000000000001,still,still
587.85,still,slow
587.9,slow,still
587.95,slow,still
588.0,slow,still
588.0500000000001,slow,slow
588.1,slow,still
588.15,slow,still
588.2,slow,still
588.25,slow,still
588.3000000000001,slow,still
588.35,slow,still
588.4,slow,still
588.45,slow,slow
588.5,slow,slow
588.5500000000001,slow,slow
588.6,slow,slow
588.65,slow,slow
588.7,slow,slow
588.75,slow,still
588.8000000000001,slow,still
588.85,slow,still
588.9,slow,slow
588.95,slow,slow
589.0,slow,fast
589.0500000000001,slow,fast
589.1,slow,slow
589.15,slow,fast
589.2,slow,slow
589.25,fast,slow
589.3000000000001,fast,fast
589.35,slow,slow
589.4,slow,fast
589.45,slow,fast
589.5,fast,fast
589.5500000000001,fast,fast
589.6,fast,slow
589.65,slow,fast
589.7,fast,fast
589.75,slow,fast
589.8000000000001,fast,slow
589.85,fast,slow
589.9,fast,slow
589.95,fast,fast
590.0,fast,fast
590.0500000000001,fast,fast
590.1,fast,fast
590.15,fast,fast
590.2,fast,fast
590.25,fast,fast
590.3000000000001,fast,fast
590.35,fast,fast
590.4,fast,fast
590.45,fast,fast
590.5,fast,fast
590.5500000000001,fast,fast
590.6,fast,slow
590.65,fast,slow
590.7,fast,fast
590.75,fast,fast
590.8000000000001,fast,fast
590.85,fast,fast
590.9,fast,fast
590.95,fast,fast
591.0,fast,fast
591.0500000000001,fast,fast
591.1,fast,fast
591.15,fast,fast
591.2,fast,fast
591.25,fast,fast
591.3000000000001,fast,fast
591.35,fast,fast
591.4,fast,fast
591.45,fast,fast
591.5,fast,fast
591.5500000000001,fast,fast
591.6,fast,fast
591.65,fast,slow
591.7,fast,fast
591.75,fast,fast
591.8000000000001,fast,fast
591.85,slow,fast
591.9,slow,slow
591.95,slow,slow
592.0,slow,slow
592.0500000000001,slow,slow
592.1,slow,slow
592.15,slow,slow
592.2,slow,fast
592.25,slow,fast
592.3000000000001,slow,slow
592.35,slow,slow
592.4,fast,fast
592.45,slow,slow
592.5,slow,slow
592.5500000000001,slow,slow
592.6,slow,fast
592.65,fast,fast
592.7,fast,fast
592.75,fast,fast
592.8000000000001,fast,fast
592.85,slow,fast
592.9,fast,slow
592.95,slow,slow
593.0,slow,fast
593.0500000000001,slow,fast
593.1,slow,slow
593.15,slow,slow
593.2,slow,still
593.25,slow,slow
593.3000000000001,slow,slow
593.35,slow,slow
593.4,slow,slow
593.45,slow,slow
593.5,slow,slow
593.5500000000001,slow,still
593.6,slow,slow
593.65,slow,slow
593.7,slow,still
593.75,slow,still
593.8000000000001,slow,slow
593.85,slow,fast
593.9,slow,slow
593.95,slow,slow
594.0,slow,slow
594.0500000000001,slow,still
594.1,slow,slow
594.15,slow,slow
594.2,slow,slow
594.25,slow,slow
594.3000000000001,slow,slow
594.35,slow,still
594.4,slow,slow
594.45,slow,fast
594.5,slow,slow
594.5500000000001,fast,slow
594.6,slow,slow
594.65,fast,fast
594.7,fast,fast
594.75,fast,fast
594.8000000000001,fast,fast
594.85,fast,fast
594.9,fast,fast
594.95,fast,fast
595.0,fast,fast
595.0500000000001,fast,fast
595.1,fast,fast
595.15,fast,fast
595.2,fast,fast
595.25,fast,fast
595.3000000000001,fast,fast
595.35,fast,fast
595.4,fast,fast
595.45,fast,fast
595.5,fast,fast
595.5500000000001,fast,fast
595.6,fast,fast
595.65,fast,fast
595.7,fast,fast
595.75,fast,fast
595.8000000000001,fast,fast
595.85,fast,fast
595.9,fast,fast
595.95,fast,fast
596.0,fast,fast
596.0500000000001,fast,fast
596.1,fast,fast
596.15,fast,fast
596.2,fast,fast
596.25,fast,fast
596.3000000000001,fast,fast
596.35,fast,fast
596.4,fast,fast
596.45,fast,fast
596.5,fast,fast
596.5500000000001,fast,fast
596.6,fast,fast
596.65,fast,fast
596.7,fast,fast
596.75,fast,fast
596.8000000000001,fast,fast
596.85,fast,fast
596.9,fast,fast
596.95,fast,fast
597.0,fast,fast
597.0500000000001,fast,fast
597.1,fast,fast
597.15,fast,fast
597.2,fast,fast
597.25,fast,fast
597.3000000000001,fast,fast
597.35,fast,fast
597.4,fast,fast
597.45,fast,fast
597.5,fast,fast
597.5500000000001,fast,fast
597.6,fast,slow
597.65,fast,fast
597.7,fast,fast
597.75,slow,slow
597.8000000000001,fast,fast
597.85,fast,fast
597.9,fast,fast
597.95,fast,fast
598.0,fast,fast
598.0500000000001,fast,fast
598.1,fast,fast
598.15,fast,fast
598.2,fast,fast
598.25,fast,fast
598.3000000000001,fast,slow
598.35,fast,fast
598.4,fast,fast
598.45,fast,fast
598.5,fast,fast
598.5500000000001,fast,fast
598.6,fast,fast
598.65,fast,fast
598.7,slow,slow
598.75,slow,slow
598.8000000000001,fast,slow
598.85,fast,slow
598.9,fast,slow
598.95,slow,slow
599.0,slow,slow
599.0500000000001,slow,slow
599.1,slow,slow
599.15,slow,fast
599.2,slow,slow
599.25,slow,slow
599.3000000000001,slow,still
599.35,slow,slow
599.4,slow,slow
599.45,slow,still
599.5,slow,still
599.5500000000001,slow,still
599.6,slow,still
599.65,slow,still
599.7,slow,still
599.75,slow,slow
599.8000000000001,slow,slow
599.85,slow,slow
599.9,slow,slow
599.95,slow,slow
